/**
 * generated by fontconvert.py
 * name: notosans_8_bold
 * size: 8
 * mode: 1-bit
 * Command used: fontconvert.py notosans_8_bold 8 ../builtinFonts/source/NotoSans/NotoSans-Bold.ttf ../builtinFonts/source/NotoSansHebrew/NotoSansHebrew-Bold.ttf ../builtinFonts/source/NotoSansArabic/NotoSansArabic-Bold.ttf --additional-intervals 0x05D0,0x05EA --additional-intervals 0x060C,0x060C --additional-intervals 0x061B,0x061B --additional-intervals 0x061F,0x061F --additional-intervals 0x0621,0x0621 --additional-intervals 0x0640,0x0640 --additional-intervals 0x0654,0x0654 --additional-intervals 0x0660,0x0669 --additional-intervals 0x06BA,0x06BA --additional-intervals 0x06D4,0x06D4 --additional-intervals 0x06D5,0x06D5 --additional-intervals 0x06F0,0x06F9 --additional-intervals 0xFB56,0xFB59 --additional-intervals 0xFB66,0xFB69 --additional-intervals 0xFB7A,0xFB7D --additional-intervals 0xFB88,0xFB95 --additional-intervals 0xFB9E,0xFB9F --additional-intervals 0xFBA6,0xFBB1 --additional-intervals 0xFBFC,0xFBFF --additional-intervals 0xFE80,0xFEFC
 */
#pragma once
#include "EpdFontData.h"

static const uint8_t notosans_8_boldBitmaps[20863] = {
    0x77, 0x77, 0x77, 0x77, 0x27, 0x77, 0x20, 0xFF, 0xFF, 0xFF, 0xCC, 0x1D, 0x83, 0xB0, 0x76, 0x3F,
    0xF7, 0xFE, 0xFF, 0x8E, 0xC7, 0xFE, 0xFF, 0xC6, 0xE0, 0xD8, 0x3B, 0x00, 0x0C, 0x0F, 0x1F, 0xEF,
    0xFF, 0xC3, 0xE1, 0xF8, 0x7F, 0x0F, 0xA7, 0xFF, 0xFF, 0xE3, 0xC0, 0x60, 0x00, 0x00, 0xF8, 0xE1,
    0xF1, 0x87, 0x67, 0x0E, 0xEC, 0x1D, 0xBB, 0x3F, 0xFF, 0x3F, 0xFF, 0x3F, 0x6E, 0x0E, 0xDC, 0x39,
    0xB8, 0x63, 0xF1, 0xC7, 0xC0, 0x02, 0x00, 0x00, 0x01, 0xF8, 0x0F, 0xE0, 0xE7, 0x07, 0xF8, 0x1F,
    0x80, 0xF9, 0xCF, 0xCE, 0x7F, 0xF7, 0xBF, 0x3C, 0xF8, 0xFF, 0xC3, 0xFF, 0x06, 0x00, 0xFF, 0xFC,
    0x38, 0xE7, 0x1C, 0x73, 0x8E, 0x38, 0xE3, 0x87, 0x1C, 0x70, 0xE1, 0x80, 0xE3, 0x9C, 0x73, 0x9C,
    0xE7, 0x39, 0xCE, 0x77, 0x3B, 0x80, 0x1C, 0x0E, 0x17, 0x7F, 0xFF, 0xF9, 0xF1, 0xFC, 0xEE, 0x00,
    0x00, 0x0C, 0x0E, 0x07, 0x1F, 0xFF, 0xF8, 0xE0, 0x70, 0x38, 0x08, 0x00, 0x77, 0x6E, 0x40, 0xFF,
    0xFE, 0x77, 0x72, 0x0E, 0x1C, 0x70, 0xE1, 0xC7, 0x0E, 0x38, 0x70, 0xE3, 0x87, 0x00, 0x00, 0x00,
    0x1F, 0x1F, 0xCE, 0xFF, 0x3F, 0x9F, 0x8F, 0xC7, 0xF3, 0xF9, 0xDD, 0xEF, 0xE3, 0xF0, 0x40, 0x0E,
    0x7D, 0xFB, 0xF2, 0xE1, 0xC3, 0x87, 0x0E, 0x1C, 0x38, 0x70, 0x00, 0x1F, 0xBF, 0xEE, 0xF0, 0x38,
    0x1C, 0x1C, 0x1E, 0x1E, 0x1E, 0x1F, 0xFF, 0xFF, 0xF8, 0x00, 0x3F, 0x9F, 0xEC, 0xF0, 0x38, 0x78,
    0xF8, 0x7E, 0x07, 0x81, 0xF1, 0xFF, 0xFF, 0xF0, 0xC0, 0x07, 0x03, 0xC1, 0xF0, 0x7C, 0x3F, 0x1D,
    0xC7, 0x73, 0xFE, 0xFF, 0xFF, 0xF0, 0x70, 0x1C, 0x7F, 0x3F, 0x9F, 0xCE, 0x07, 0xE3, 0xF9, 0xFE,
    0x07, 0x03, 0xA3, 0xFF, 0xCF, 0xE1, 0x80, 0x00, 0x0F, 0xCF, 0xEF, 0x07, 0x07, 0xFB, 0xFF, 0xFF,
    0xF3, 0xF9, 0xDC, 0xEF, 0xF3, 0xF0, 0x60, 0xFF, 0xFF, 0xDF, 0xE0, 0xF0, 0x70, 0x78, 0x38, 0x1C,
    0x1C, 0x0E, 0x0F, 0x07, 0x00, 0x00, 0x1F, 0x9F, 0xEE, 0x77, 0x3B, 0xF8, 0xF8, 0xFE, 0x77, 0xF1,
    0xFC, 0xEF, 0xF7, 0xF0, 0x40, 0x00, 0x1F, 0x1F, 0xDE, 0xFE, 0x3F, 0x1F, 0xDE, 0xFF, 0x3F, 0x81,
    0xC1, 0xCF, 0xE7, 0xE1, 0x80, 0x27, 0x76, 0x00, 0x07, 0x77, 0x20, 0x27, 0x77, 0x00, 0x00, 0x77,
    0xEE, 0x40, 0x00, 0x81, 0xC3, 0xE7, 0xEF, 0x87, 0xC1, 0xFC, 0x1F, 0x03, 0x80, 0x40, 0x7F, 0xFF,
    0xFF, 0xEF, 0xFF, 0xFF, 0xFC, 0x00, 0x70, 0x3E, 0x07, 0xC0, 0xF8, 0x7C, 0xFD, 0xF8, 0xF0, 0x00,
    0x00, 0x00, 0xFE, 0xFF, 0xE7, 0x07, 0x0F, 0x1E, 0x3C, 0x38, 0x10, 0x38, 0x38, 0x38, 0x10, 0x0F,
    0xF0, 0x3F, 0xF0, 0xE0, 0xF3, 0xBF, 0xE7, 0xFE, 0xCD, 0xDD, 0xFB, 0x3B, 0xF6, 0x76, 0x6F, 0xFC,
    0xCF, 0xF1, 0xC0, 0x01, 0xFF, 0x81, 0xFF, 0x00, 0xF0, 0x00, 0x0F, 0x01, 0xF0, 0x1F, 0x81, 0xF8,
    0x3B, 0x83, 0xBC, 0x39, 0xC7, 0xFC, 0x7F, 0xEF, 0xFE, 0xF0, 0xEE, 0x0F, 0xFF, 0x3F, 0xEE, 0x7B,
    0x8E, 0xFF, 0xBF, 0xCF, 0xFB, 0x8E, 0xE3, 0xF9, 0xEF, 0xFB, 0xFC, 0x00, 0x03, 0xF8, 0xFF, 0x3E,
    0xE7, 0x80, 0xE0, 0x1C, 0x03, 0x80, 0x70, 0x0E, 0x01, 0xF3, 0x1F, 0xE1, 0xFC, 0x04, 0x00, 0xFF,
    0x1F, 0xF3, 0xFF, 0x70, 0xEE, 0x1F, 0xC3, 0xF8, 0x7F, 0x0F, 0xE1, 0xDD, 0xFB, 0xFE, 0x7F, 0x80,
    0xFF, 0xFF, 0xFE, 0xE0, 0xFE, 0xFE, 0xFE, 0xE0, 0xE0, 0xE0, 0xFF, 0xFF, 0xFF, 0xFF, 0xFE, 0xE0,
    0xE0, 0xFE, 0xFE, 0xFE, 0xE0, 0xE0, 0xE0, 0xE0, 0x00, 0x03, 0xFC, 0xFF, 0xBE, 0x67, 0x80, 0xE0,
    0x1C, 0xFB, 0x9F, 0x73, 0xEE, 0x1D, 0xF3, 0x9F, 0xF1, 0xFE, 0x06, 0x00, 0xE1, 0xFC, 0x3F, 0x87,
    0xF0, 0xFF, 0xFF, 0xFF, 0xFF, 0xFF, 0x0F, 0xE1, 0xFC, 0x3F, 0x87, 0xF0, 0xF0, 0xFF, 0xF3, 0x8E,
    0x38, 0xE3, 0x8E, 0x38, 0xEF, 0xFF, 0x1C, 0x38, 0x70, 0xE1, 0xC3, 0x87, 0x0E, 0x1C, 0x38, 0x70,
    0xE1, 0xDF, 0xBE, 0x38, 0xE3, 0xDC, 0x73, 0x9E, 0x77, 0x8F, 0xE1, 0xF8, 0x3F, 0x87, 0xF8, 0xE7,
    0x1C, 0xF3, 0x8F, 0x71, 0xE0, 0xE0, 0xE0, 0xE0, 0xE0, 0xE0, 0xE0, 0xE0, 0xE0, 0xE0, 0xE0, 0xFF,
    0xFF, 0xF0, 0x7F, 0xE1, 0xFF, 0x87, 0xFE, 0x3F, 0xFC, 0xFF, 0xF3, 0xFF, 0xDF, 0xFB, 0xFF, 0xEF,
    0xBF, 0xBE, 0xFE, 0x7B, 0xF9, 0xCF, 0xF0, 0xEF, 0x8E, 0xF8, 0xEF, 0xCE, 0xFE, 0xEE, 0xEE, 0xEF,
    0xEE, 0x7E, 0xE7, 0xEE, 0x3E, 0xE1, 0xEE, 0x1E, 0x00, 0x00, 0xFE, 0x0F, 0xF8, 0xFB, 0xE7, 0x07,
    0x38, 0x39, 0xC1, 0xEE, 0x0F, 0x70, 0x7B, 0x83, 0x9F, 0x3C, 0x7F, 0xC1, 0xFC, 0x01, 0x00, 0xFE,
    0x7F, 0xBF, 0xFC, 0x7E, 0x3F, 0xFF, 0xFD, 0xFC, 0xE0, 0x70, 0x38, 0x1C, 0x00, 0x00, 0x00, 0xFE,
    0x0F, 0xF8, 0xFB, 0xE7, 0x07, 0x38, 0x39, 0xC1, 0xEE, 0x0F, 0x70, 0x7B, 0x83, 0x9F, 0x3C, 0x7F,
    0xC1, 0xFC, 0x01, 0xF0, 0x07, 0xC0, 0x1E, 0xFE, 0x3F, 0xEE, 0x7B, 0x8E, 0xE3, 0xBF, 0xEF, 0xF3,
    0xF8, 0xE7, 0x39, 0xEE, 0x3B, 0x8F, 0x00, 0x1F, 0xDF, 0xEE, 0x67, 0x03, 0xC1, 0xF8, 0x7E, 0x0F,
    0x81, 0xF9, 0xFF, 0xE7, 0xF0, 0xC0, 0xFF, 0xFF, 0xFF, 0xF8, 0x70, 0x1C, 0x07, 0x01, 0xC0, 0x70,
    0x1C, 0x07, 0x01, 0xC0, 0x70, 0xE1, 0xFC, 0x3F, 0x87, 0xF0, 0xFE, 0x1F, 0xC3, 0xF8, 0x7F, 0x0F,
    0xE1, 0xFE, 0x79, 0xFF, 0x1F, 0xC0, 0xC0, 0xE0, 0xFC, 0x3F, 0xC7, 0x38, 0xE7, 0x1C, 0xF7, 0x0E,
    0xE1, 0xDC, 0x3F, 0x03, 0xE0, 0x7C, 0x0F, 0x00, 0xE3, 0xC7, 0x71, 0xE3, 0xB8, 0xF1, 0xDE, 0x7D,
    0xE7, 0x7E, 0xE3, 0xBF, 0x71, 0xDF, 0xB8, 0x7C, 0xFC, 0x3E, 0x7C, 0x1F, 0x3E, 0x0F, 0x9F, 0x03,
    0x87, 0x80, 0xF1, 0xE7, 0x1C, 0x7B, 0xC3, 0xF8, 0x1F, 0x01, 0xF0, 0x1F, 0x01, 0xF8, 0x3F, 0x87,
    0xBC, 0x71, 0xEF, 0x1E, 0xE1, 0xFE, 0x39, 0xCF, 0x3D, 0xC3, 0xF0, 0x7E, 0x07, 0x80, 0x70, 0x0E,
    0x01, 0xC0, 0x38, 0x07, 0x00, 0xFF, 0xBF, 0xE7, 0xF8, 0x1C, 0x0F, 0x07, 0x81, 0xC0, 0xF0, 0x78,
    0x1C, 0x0F, 0xFF, 0xFF, 0xF7, 0xB9, 0xCE, 0x73, 0x9C, 0xE7, 0x39, 0xCE, 0x7B, 0xC0, 0xE1, 0xC1,
    0xC3, 0x87, 0x07, 0x0E, 0x1E, 0x1C, 0x38, 0x38, 0x70, 0x00, 0xFF, 0xCE, 0x73, 0x9C, 0xE7, 0x39,
    0xCE, 0x73, 0xFF, 0xE0, 0x1C, 0x07, 0x03, 0xE0, 0xF8, 0x37, 0x1C, 0xC6, 0x3B, 0x86, 0x7F, 0x7F,
    0x71, 0xE1, 0xC0, 0x0C, 0x3F, 0x8F, 0xE0, 0x73, 0xFB, 0xFF, 0xCF, 0xE7, 0xFF, 0xBF, 0xC4, 0x00,
    0xE0, 0x70, 0x38, 0x1D, 0x8F, 0xF7, 0xFF, 0x9F, 0xC7, 0xE3, 0xF1, 0xFD, 0xFF, 0xEF, 0xF0, 0x20,
    0x0E, 0x1F, 0x9F, 0xCE, 0x0F, 0x07, 0x83, 0xC0, 0xE2, 0x7F, 0x1F, 0x81, 0x00, 0x03, 0xC0, 0xF0,
    0x3C, 0x6F, 0x3F, 0xDF, 0xF7, 0x3F, 0xCF, 0xF1, 0xFC, 0x77, 0x3D, 0xFF, 0x3F, 0xC2, 0x00, 0x0C,
    0x0F, 0xC7, 0xF9, 0xCE, 0xFF, 0xFF, 0xFF, 0x01, 0xC2, 0x7F, 0x8F, 0xE0, 0x40, 0x1E, 0x3E, 0x7E,
    0x78, 0xFE, 0xFE, 0x78, 0x78, 0x78, 0x78, 0x78, 0x78, 0x78, 0x18, 0x0F, 0xF7, 0xFD, 0xCF, 0xF1,
    0xFC, 0x7F, 0x1D, 0xCF, 0x7F, 0xCF, 0xF0, 0xBD, 0x8E, 0x7F, 0x9F, 0xC0, 0xE0, 0x70, 0x38, 0x1D,
    0x8F, 0xF7, 0xFF, 0xCF, 0xC7, 0xE3, 0xF1, 0xF8, 0xFC, 0x7E, 0x38, 0xFF, 0x8F, 0xFF, 0xFF, 0xFE,
    0x39, 0xCE, 0x03, 0x9C, 0xE7, 0x39, 0xCE, 0x73, 0x9C, 0xFF, 0xF0, 0xE0, 0x38, 0x0E, 0x03, 0x80,
    0xE7, 0xBB, 0xCF, 0xE3, 0xF0, 0xFC, 0x3F, 0x8E, 0xF3, 0x9E, 0xE3, 0x80, 0xFF, 0xFF, 0xFF, 0xFF,
    0xFE, 0x0C, 0x31, 0xFF, 0xFB, 0xFF, 0xF7, 0xBC, 0xEE, 0x39, 0xDC, 0x73, 0xB8, 0xE7, 0x71, 0xCE,
    0xE3, 0x9D, 0xC7, 0x38, 0x0E, 0x7F, 0xBF, 0xFE, 0x7E, 0x3F, 0x1F, 0x8F, 0xC7, 0xE3, 0xF1, 0xC0,
    0x0C, 0x0F, 0xC7, 0xF9, 0xCF, 0xF1, 0xFC, 0x7F, 0x1D, 0xCF, 0x7F, 0x8F, 0xC0, 0x40, 0x0C, 0x7F,
    0xBF, 0xFC, 0xFE, 0x3F, 0x1F, 0x8F, 0xEF, 0xFF, 0x7F, 0xB9, 0x1C, 0x0E, 0x07, 0x00, 0x18, 0x0F,
    0xF7, 0xFD, 0xCF, 0xF1, 0xFC, 0x7F, 0x1D, 0xCF, 0x7F, 0xCF, 0xF0, 0xBC, 0x0F, 0x03, 0xC0, 0xF0,
    0x0D, 0xFF, 0xF7, 0xCE, 0x1C, 0x38, 0x70, 0xE1, 0xC0, 0x1C, 0x7F, 0x7E, 0xF0, 0x7C, 0x7E, 0x1F,
    0x47, 0xFF, 0xFE, 0x18, 0x00, 0x61, 0xE7, 0xFF, 0xEE, 0x1C, 0x38, 0x70, 0xF1, 0xF9, 0xF0, 0x80,
    0x00, 0x71, 0xF8, 0xFC, 0x7E, 0x3F, 0x1F, 0x8F, 0xCF, 0xFF, 0xBF, 0xC4, 0x00, 0x00, 0x38, 0xFF,
    0x39, 0xCE, 0x77, 0x9D, 0xC3, 0xF0, 0xF8, 0x1E, 0x07, 0x80, 0x00, 0x01, 0xCF, 0x3B, 0x9E, 0x73,
    0xBE, 0xE7, 0xFF, 0x8F, 0xFF, 0x1F, 0xBE, 0x1E, 0x7C, 0x3C, 0xF0, 0x79, 0xE0, 0x00, 0x3C, 0xE7,
    0x78, 0xFC, 0x3E, 0x07, 0x83, 0xF1, 0xFC, 0x77, 0xBC, 0xF0, 0x00, 0x38, 0xFF, 0x39, 0xCE, 0x77,
    0x9F, 0xC3, 0xF0, 0xF8, 0x1E, 0x07, 0x81, 0xC0, 0xF0, 0xF8, 0x3E, 0x00, 0x00, 0xFF, 0xFF, 0x0E,
    0x1E, 0x3C, 0x38, 0x70, 0xFF, 0xFF, 0x1C, 0xF3, 0x8E, 0x38, 0xEF, 0xBC, 0xF8, 0xE3, 0x8E, 0x3C,
    0xF1, 0xC0, 0xFF, 0xFF, 0xFF, 0xFF, 0xFF, 0xFF, 0xE0, 0xF1, 0xE1, 0xE1, 0xC3, 0x87, 0x0F, 0x8F,
    0x3C, 0x70, 0xE1, 0xC7, 0x9E, 0x3C, 0x00, 0x30, 0x7F, 0xFF, 0xE0, 0xE0, 0x07, 0x77, 0x07, 0x77,
    0x77, 0x77, 0x70, 0x00, 0x18, 0x3F, 0x7F, 0xFE, 0xE0, 0xE0, 0xE0, 0xE0, 0xFF, 0x7F, 0x3E, 0x18,
    0x08, 0x00, 0x07, 0xE3, 0xF8, 0xE4, 0x38, 0x0E, 0x0F, 0xF3, 0xFC, 0x38, 0x0E, 0x07, 0xFB, 0xFF,
    0xFF, 0xC0, 0x61, 0x3F, 0xDF, 0xCE, 0x67, 0x33, 0xF9, 0xFE, 0xDE, 0xE3, 0xFC, 0xE7, 0x79, 0xDC,
    0x3F, 0x0F, 0x87, 0xF1, 0xFC, 0x3F, 0x1F, 0xC3, 0xF0, 0x70, 0xFF, 0xFF, 0xF8, 0x03, 0xFF, 0xFF,
    0xE0, 0x3E, 0x7E, 0x62, 0x78, 0x7E, 0x7E, 0x67, 0x7F, 0x7E, 0x1E, 0x07, 0xFE, 0x7E, 0x10, 0xCF,
    0xFC, 0xC0, 0x00, 0x00, 0x3F, 0x03, 0xCF, 0x1D, 0xEC, 0x6F, 0x99, 0xB0, 0x6D, 0xC1, 0xB7, 0x06,
    0x6C, 0x19, 0xBE, 0x67, 0x7B, 0x0E, 0x3C, 0x1F, 0xE0, 0x0C, 0x00, 0x01, 0xE7, 0xDF, 0xFF, 0xF7,
    0xC0, 0x11, 0x0F, 0x73, 0xB9, 0xDE, 0xF7, 0x1D, 0xE3, 0xB8, 0x77, 0x00, 0x00, 0xFF, 0xFF, 0xC0,
    0x60, 0x30, 0x18, 0xFF, 0xFE, 0x00, 0x00, 0x3F, 0x03, 0xCF, 0x1F, 0xEC, 0x6F, 0xD9, 0xB3, 0x6C,
    0xFD, 0xB3, 0xE6, 0x6D, 0x99, 0xB7, 0x67, 0xCF, 0x0E, 0x3C, 0x1F, 0xE0, 0x0C, 0x00, 0x7F, 0xDF,
    0xF7, 0xFC, 0x00, 0xF9, 0xFF, 0x7E, 0xEF, 0x8E, 0x00, 0x0C, 0x0E, 0x07, 0x0F, 0xFF, 0xFF, 0xFC,
    0x70, 0x38, 0x0C, 0x7F, 0xFF, 0xE0, 0x33, 0xFF, 0xC7, 0x39, 0xCF, 0xFF, 0x00, 0x33, 0xF7, 0xCF,
    0x78, 0x7F, 0xFF, 0x30, 0x3D, 0xEE, 0x00, 0x00, 0x71, 0xF8, 0xFC, 0x7E, 0x3F, 0x1F, 0x8F, 0xCF,
    0xFF, 0xFF, 0xFA, 0x1C, 0x0E, 0x07, 0x00, 0x3F, 0xDF, 0xF7, 0xED, 0xFB, 0xFE, 0xDF, 0xB7, 0xED,
    0xFB, 0x3E, 0xC1, 0xB0, 0x6C, 0x1B, 0x06, 0xC1, 0xB0, 0x6C, 0x00, 0x77, 0x72, 0x63, 0xBD, 0xE0,
    0x01, 0xFE, 0xF3, 0x9C, 0xE7, 0x00, 0x01, 0xEF, 0xFB, 0xEF, 0xF7, 0x80, 0x22, 0x1D, 0xC7, 0x78,
    0xEE, 0x3F, 0xCE, 0xE7, 0x71, 0x9C, 0x00, 0x00, 0x38, 0x63, 0xE3, 0x8F, 0x9C, 0x0E, 0x70, 0x3B,
    0x98, 0xEE, 0xE3, 0xF7, 0x8F, 0x9E, 0x0E, 0xF8, 0x37, 0xF1, 0xDF, 0xCE, 0x0E, 0x38, 0x63, 0xE3,
    0x8F, 0x9C, 0x0E, 0x70, 0x3B, 0xB0, 0xEF, 0xF3, 0xF7, 0xCF, 0x87, 0x0E, 0x38, 0x31, 0xE1, 0xCF,
    0xCE, 0x3F, 0x00, 0x01, 0xF1, 0xC7, 0xC6, 0x07, 0x38, 0x79, 0xC0, 0xF7, 0x6D, 0xFB, 0xBF, 0xFE,
    0x3F, 0x78, 0x1B, 0x60, 0xEF, 0xC3, 0x3F, 0x1C, 0x18, 0x08, 0x1C, 0x1C, 0x1C, 0x08, 0x1C, 0x3C,
    0x78, 0xF0, 0xE0, 0xF7, 0xFF, 0x7F, 0x1E, 0x00, 0xE0, 0x07, 0x00, 0x00, 0x0F, 0x01, 0xF0, 0x1F,
    0x81, 0xF8, 0x3B, 0x83, 0xBC, 0x39, 0xC7, 0xFC, 0x7F, 0xEF, 0xFE, 0xF0, 0xEE, 0x0F, 0x03, 0x80,
    0x70, 0x0E, 0x00, 0x00, 0x0F, 0x01, 0xF0, 0x1F, 0x81, 0xF8, 0x3B, 0x83, 0xBC, 0x39, 0xC7, 0xFC,
    0x7F, 0xEF, 0xFE, 0xF0, 0xEE, 0x0F, 0x0F, 0x01, 0xF0, 0x3B, 0x80, 0x00, 0x0F, 0x01, 0xF0, 0x1F,
    0x81, 0xF8, 0x3B, 0x83, 0xBC, 0x39, 0xC7, 0xFC, 0x7F, 0xEF, 0xFE, 0xF0, 0xEE, 0x0F, 0x1C, 0x83,
    0xF8, 0x37, 0x80, 0x00, 0x0F, 0x01, 0xF0, 0x1F, 0x81, 0xF8, 0x3B, 0x83, 0xBC, 0x39, 0xC7, 0xFC,
    0x7F, 0xEF, 0xFE, 0xF0, 0xEE, 0x0F, 0x1B, 0x83, 0xB8, 0x1B, 0x80, 0x00, 0x0F, 0x01, 0xF0, 0x1F,
    0x81, 0xF8, 0x3B, 0x83, 0xBC, 0x39, 0xC7, 0xFC, 0x7F, 0xEF, 0xFE, 0xF0, 0xEE, 0x0F, 0x0F, 0x01,
    0xF0, 0x1F, 0x00, 0xF0, 0x1F, 0x01, 0xF8, 0x1F, 0x83, 0xB8, 0x3B, 0xC3, 0x9C, 0x7F, 0xC7, 0xFE,
    0xFF, 0xEF, 0x0E, 0xE0, 0xF0, 0x07, 0xFE, 0x1F, 0xFC, 0x3F, 0xF8, 0xFF, 0x01, 0xDF, 0xE3, 0xBF,
    0xCE, 0x7F, 0x9F, 0xF0, 0x7F, 0xE0, 0xFF, 0xC3, 0xC7, 0xFF, 0x0F, 0xF0, 0x00, 0x03, 0xF8, 0xFF,
    0x3E, 0xE7, 0x80, 0xE0, 0x1C, 0x03, 0x80, 0x70, 0x0E, 0x01, 0xF3, 0x1F, 0xE1, 0xFC, 0x0E, 0x01,
    0xC0, 0x78, 0x0F, 0x00, 0x70, 0x38, 0x1C, 0x00, 0xFF, 0xFF, 0xFE, 0xE0, 0xFE, 0xFE, 0xFE, 0xE0,
    0xE0, 0xE0, 0xFF, 0xFF, 0x0E, 0x1C, 0x38, 0x00, 0xFF, 0xFF, 0xFE, 0xE0, 0xFE, 0xFE, 0xFE, 0xE0,
    0xE0, 0xE0, 0xFF, 0xFF, 0x3C, 0x7E, 0xEE, 0x00, 0xFF, 0xFF, 0xFE, 0xE0, 0xFE, 0xFE, 0xFE, 0xE0,
    0xE0, 0xE0, 0xFF, 0xFF, 0x66, 0x7E, 0x66, 0x00, 0xFF, 0xFF, 0xFE, 0xE0, 0xFE, 0xFE, 0xFE, 0xE0,
    0xE0, 0xE0, 0xFF, 0xFF, 0xF1, 0xC3, 0x80, 0xFF, 0xF3, 0x8E, 0x38, 0xE3, 0x8E, 0x38, 0xEF, 0xFF,
    0x1C, 0x79, 0xC0, 0x0F, 0xDF, 0x8E, 0x1C, 0x38, 0x70, 0xE1, 0xC3, 0x87, 0x3F, 0x7E, 0x3C, 0x7E,
    0x77, 0x00, 0x7E, 0x7E, 0x1C, 0x1C, 0x1C, 0x1C, 0x1C, 0x1C, 0x1C, 0x1C, 0x7E, 0x7E, 0xCD, 0xDF,
    0xB0, 0x0F, 0xDF, 0x8E, 0x1C, 0x38, 0x70, 0xE1, 0xC3, 0x87, 0x3F, 0x7E, 0x7F, 0x87, 0xFC, 0x7F,
    0xE7, 0x0E, 0x70, 0xFF, 0xEF, 0xFE, 0xF7, 0xCF, 0x70, 0xE7, 0x7E, 0x7F, 0xC7, 0xF8, 0x1C, 0x83,
    0xF8, 0x37, 0x80, 0x00, 0xF0, 0xEF, 0x8E, 0xF8, 0xEF, 0xCE, 0xFE, 0xEE, 0xEE, 0xEF, 0xEE, 0x7E,
    0xE7, 0xEE, 0x3E, 0xE1, 0xEE, 0x1E, 0x0E, 0x00, 0x38, 0x00, 0xE0, 0x00, 0x01, 0xFC, 0x1F, 0xF1,
    0xF7, 0xCE, 0x0E, 0x70, 0x73, 0x83, 0xDC, 0x1E, 0xE0, 0xF7, 0x07, 0x3E, 0x78, 0xFF, 0x83, 0xF8,
    0x02, 0x00, 0x01, 0xC0, 0x1C, 0x01, 0xC0, 0x00, 0x01, 0xFC, 0x1F, 0xF1, 0xF7, 0xCE, 0x0E, 0x70,
    0x73, 0x83, 0xDC, 0x1E, 0xE0, 0xF7, 0x07, 0x3E, 0x78, 0xFF, 0x83, 0xF8, 0x02, 0x00, 0x07, 0x00,
    0x7C, 0x07, 0x70, 0x00, 0x01, 0xFC, 0x1F, 0xF1, 0xF7, 0xCE, 0x0E, 0x70, 0x73, 0x83, 0xDC, 0x1E,
    0xE0, 0xF7, 0x07, 0x3E, 0x78, 0xFF, 0x83, 0xF8, 0x02, 0x00, 0x0E, 0xC0, 0xFE, 0x06, 0xF0, 0x00,
    0x01, 0xFC, 0x1F, 0xF1, 0xF7, 0xCE, 0x0E, 0x70, 0x73, 0x83, 0xDC, 0x1E, 0xE0, 0xF7, 0x07, 0x3E,
    0x78, 0xFF, 0x83, 0xF8, 0x02, 0x00, 0x0D, 0x80, 0xEE, 0x03, 0x70, 0x00, 0x01, 0xFC, 0x1F, 0xF1,
    0xF7, 0xCE, 0x0E, 0x70, 0x73, 0x83, 0xDC, 0x1E, 0xE0, 0xF7, 0x07, 0x3E, 0x78, 0xFF, 0x83, 0xF8,
    0x02, 0x00, 0x42, 0xE7, 0xFE, 0x7C, 0x3C, 0x7E, 0xEF, 0xC6, 0x00, 0x20, 0xFF, 0x8F, 0xF8, 0xFB,
    0xE7, 0x1F, 0x39, 0xFD, 0xCD, 0xEE, 0xEF, 0x7E, 0x7B, 0xE3, 0x9F, 0x3C, 0x7F, 0xC3, 0xFC, 0x19,
    0x00, 0x3C, 0x03, 0x80, 0x38, 0x00, 0x0E, 0x1F, 0xC3, 0xF8, 0x7F, 0x0F, 0xE1, 0xFC, 0x3F, 0x87,
    0xF0, 0xFE, 0x1F, 0xE7, 0x9F, 0xF1, 0xFC, 0x0C, 0x00, 0x07, 0x01, 0xE0, 0x70, 0x00, 0x0E, 0x1F,
    0xC3, 0xF8, 0x7F, 0x0F, 0xE1, 0xFC, 0x3F, 0x87, 0xF0, 0xFE, 0x1F, 0xE7, 0x9F, 0xF1, 0xFC, 0x0C,
    0x00, 0x1E, 0x07, 0xE0, 0xEE, 0x00, 0x0E, 0x1F, 0xC3, 0xF8, 0x7F, 0x0F, 0xE1, 0xFC, 0x3F, 0x87,
    0xF0, 0xFE, 0x1F, 0xE7, 0x9F, 0xF1, 0xFC, 0x0C, 0x00, 0x3B, 0x07, 0x70, 0xEC, 0x00, 0x0E, 0x1F,
    0xC3, 0xF8, 0x7F, 0x0F, 0xE1, 0xFC, 0x3F, 0x87, 0xF0, 0xFE, 0x1F, 0xE7, 0x9F, 0xF1, 0xFC, 0x0C,
    0x00, 0x07, 0x81, 0xE0, 0x38, 0x00, 0x0E, 0x1F, 0xE3, 0x9C, 0xF3, 0xDC, 0x3F, 0x07, 0xE0, 0x78,
    0x07, 0x00, 0xE0, 0x1C, 0x03, 0x80, 0x70, 0xE0, 0x70, 0x3F, 0xDF, 0xFE, 0x7F, 0x1F, 0x8F, 0xFF,
    0xFF, 0x7F, 0x38, 0x1C, 0x00, 0x3F, 0x0F, 0xF3, 0xFE, 0x71, 0xCE, 0x79, 0xDE, 0x3B, 0x87, 0x7C,
    0xE7, 0xDC, 0x7B, 0x87, 0x77, 0xEE, 0xFC, 0x04, 0x00, 0x3C, 0x0F, 0x03, 0x81, 0x87, 0xF1, 0xFC,
    0x0E, 0x7F, 0x7F, 0xF9, 0xFC, 0xFF, 0xF7, 0xF8, 0x80, 0x07, 0x87, 0x87, 0x01, 0x87, 0xF1, 0xFC,
    0x0E, 0x7F, 0x7F, 0xF9, 0xFC, 0xFF, 0xF7, 0xF8, 0x80, 0x1E, 0x1F, 0x9C, 0xE1, 0x87, 0xF1, 0xFC,
    0x0E, 0x7F, 0x7F, 0xF9, 0xFC, 0xFF, 0xF7, 0xF8, 0x80, 0x19, 0x9F, 0xDF, 0xC1, 0x87, 0xF1, 0xFC,
    0x0E, 0x7F, 0x7F, 0xF9, 0xFC, 0xFF, 0xF7, 0xF8, 0x80, 0x33, 0x1F, 0x8C, 0xC1, 0x87, 0xF1, 0xFC,
    0x0E, 0x7F, 0x7F, 0xF9, 0xFC, 0xFF, 0xF7, 0xF8, 0x80, 0x1E, 0x0F, 0x07, 0x83, 0xC0, 0xC3, 0xF8,
    0xFE, 0x07, 0x3F, 0xBF, 0xFC, 0xFE, 0x7F, 0xFB, 0xFC, 0x40, 0x1C, 0x70, 0xFF, 0xF8, 0xFF, 0xF0,
    0x1C, 0x73, 0xFF, 0xEF, 0xFF, 0xFC, 0xE0, 0x7B, 0xE2, 0x7F, 0xFC, 0xFD, 0xF8, 0x40, 0xC0, 0x0E,
    0x1F, 0x9F, 0xCE, 0x0F, 0x07, 0x83, 0xC0, 0xE2, 0x7F, 0x1F, 0x83, 0x01, 0xC1, 0xE0, 0xF0, 0x3C,
    0x07, 0x80, 0xE0, 0x30, 0x3F, 0x1F, 0xE7, 0x3B, 0xFF, 0xFF, 0xFC, 0x07, 0x09, 0xFE, 0x3F, 0x81,
    0x00, 0x07, 0x83, 0xC1, 0xC0, 0x30, 0x3F, 0x1F, 0xE7, 0x3B, 0xFF, 0xFF, 0xFC, 0x07, 0x09, 0xFE,
    0x3F, 0x81, 0x00, 0x1E, 0x0F, 0xC7, 0x38, 0x30, 0x3F, 0x1F, 0xE7, 0x3B, 0xFF, 0xFF, 0xFC, 0x07,
    0x09, 0xFE, 0x3F, 0x81, 0x00, 0x33, 0x0F, 0xC3, 0x30, 0x30, 0x3F, 0x1F, 0xE7, 0x3B, 0xFF, 0xFF,
    0xFC, 0x07, 0x09, 0xFE, 0x3F, 0x81, 0x00, 0x70, 0xE1, 0xC0, 0x38, 0xE3, 0x8E, 0x38, 0xE3, 0x8E,
    0x38, 0x7B, 0xB8, 0x0E, 0x73, 0x9C, 0xE7, 0x39, 0xCE, 0x00, 0x38, 0xFB, 0xB8, 0x03, 0x87, 0x0E,
    0x1C, 0x38, 0x70, 0xE1, 0xC3, 0x80, 0x6D, 0xDD, 0xB0, 0x03, 0x87, 0x0E, 0x1C, 0x38, 0x70, 0xE1,
    0xC3, 0x80, 0x19, 0x07, 0xE1, 0xF0, 0x7E, 0x1B, 0x8F, 0xF7, 0xFD, 0xCF, 0xF1, 0xFC, 0x77, 0x3D,
    0xFE, 0x3F, 0x01, 0x00, 0x3B, 0x3F, 0x9B, 0x81, 0xCF, 0xF7, 0xFF, 0xCF, 0xC7, 0xE3, 0xF1, 0xF8,
    0xFC, 0x7E, 0x38, 0x1C, 0x07, 0x80, 0x70, 0x30, 0x3F, 0x1F, 0xE7, 0x3F, 0xC7, 0xF1, 0xFC, 0x77,
    0x3D, 0xFE, 0x3F, 0x01, 0x00, 0x07, 0x83, 0xC0, 0xE0, 0x30, 0x3F, 0x1F, 0xE7, 0x3F, 0xC7, 0xF1,
    0xFC, 0x77, 0x3D, 0xFE, 0x3F, 0x01, 0x00, 0x1E, 0x0F, 0xC3, 0xB8, 0x30, 0x3F, 0x1F, 0xE7, 0x3F,
    0xC7, 0xF1, 0xFC, 0x77, 0x3D, 0xFE, 0x3F, 0x01, 0x00, 0x1D, 0x8F, 0xE3, 0xF0, 0x30, 0x3F, 0x1F,
    0xE7, 0x3F, 0xC7, 0xF1, 0xFC, 0x77, 0x3D, 0xFE, 0x3F, 0x01, 0x00, 0x33, 0x0E, 0xE3, 0xB0, 0x30,
    0x3F, 0x1F, 0xE7, 0x3F, 0xC7, 0xF1, 0xFC, 0x77, 0x3D, 0xFE, 0x3F, 0x01, 0x00, 0x1C, 0x0E, 0x03,
    0x1F, 0xFF, 0xF8, 0x40, 0x70, 0x38, 0x08, 0x00, 0x0D, 0x0F, 0xE7, 0xF9, 0xDF, 0xF7, 0xFF, 0xFF,
    0xDD, 0xEF, 0x7F, 0x9F, 0xC2, 0x40, 0x38, 0x0E, 0x03, 0x80, 0x0E, 0x3F, 0x1F, 0x8F, 0xC7, 0xE3,
    0xF1, 0xF9, 0xFF, 0xF7, 0xF8, 0x80, 0x0F, 0x07, 0x07, 0x00, 0x0E, 0x3F, 0x1F, 0x8F, 0xC7, 0xE3,
    0xF1, 0xF9, 0xFF, 0xF7, 0xF8, 0x80, 0x1C, 0x1F, 0x1D, 0xC0, 0x0E, 0x3F, 0x1F, 0x8F, 0xC7, 0xE3,
    0xF1, 0xF9, 0xFF, 0xF7, 0xF8, 0x80, 0x36, 0x3B, 0x9D, 0x80, 0x0E, 0x3F, 0x1F, 0x8F, 0xC7, 0xE3,
    0xF1, 0xF9, 0xFF, 0xF7, 0xF8, 0x80, 0x07, 0x03, 0x81, 0xC0, 0x00, 0xE3, 0xFC, 0xE7, 0x39, 0xDE,
    0x7F, 0x0F, 0xC3, 0xE0, 0x78, 0x1E, 0x07, 0x03, 0xC3, 0xE0, 0xF8, 0x00, 0xE0, 0x70, 0x38, 0x1D,
    0x8F, 0xF7, 0xFF, 0xDF, 0xC7, 0xE3, 0xF1, 0xFD, 0xFF, 0xEF, 0xF7, 0x23, 0x81, 0xC0, 0xE0, 0x00,
    0x37, 0x1D, 0xC3, 0x70, 0x00, 0xE3, 0xFC, 0xE7, 0x39, 0xDE, 0x7F, 0x0F, 0xC3, 0xE0, 0x78, 0x1E,
    0x07, 0x03, 0xC3, 0xE0, 0xF8, 0x00, 0x1F, 0x81, 0xF8, 0x00, 0x00, 0xF0, 0x1F, 0x01, 0xF8, 0x1F,
    0x83, 0xB8, 0x3B, 0xC3, 0x9C, 0x7F, 0xC7, 0xFE, 0xFF, 0xEF, 0x0E, 0xE0, 0xF0, 0x3F, 0x1F, 0x83,
    0x0F, 0xE3, 0xF8, 0x1C, 0xFE, 0xFF, 0xF3, 0xF9, 0xFF, 0xEF, 0xF1, 0x00, 0x39, 0x81, 0xF8, 0x0F,
    0x00, 0x00, 0x0F, 0x01, 0xF0, 0x1F, 0x81, 0xF8, 0x3B, 0x83, 0xBC, 0x39, 0xC7, 0xFC, 0x7F, 0xEF,
    0xFE, 0xF0, 0xEE, 0x0F, 0x33, 0x9F, 0x87, 0x81, 0x87, 0xF1, 0xFC, 0x0E, 0x7F, 0x7F, 0xF9, 0xFC,
    0xFF, 0xF7, 0xF8, 0x80, 0x0F, 0x01, 0xF0, 0x1F, 0x81, 0xF8, 0x3B, 0x83, 0xBC, 0x39, 0xC7, 0xFC,
    0x7F, 0xEF, 0xFE, 0xF0, 0xEE, 0x0F, 0x00, 0xE0, 0x0C, 0x00, 0xF0, 0x0F, 0x0C, 0x3F, 0x8F, 0xE0,
    0x73, 0xFB, 0xFF, 0xCF, 0xE7, 0xFF, 0xBF, 0xC4, 0xE0, 0xE0, 0x78, 0x1C, 0x03, 0xC0, 0xF0, 0x1C,
    0x00, 0x01, 0xFC, 0x7F, 0x9F, 0x73, 0xC0, 0x70, 0x0E, 0x01, 0xC0, 0x38, 0x07, 0x00, 0xF9, 0x8F,
    0xF0, 0xFE, 0x02, 0x00, 0x07, 0x07, 0x87, 0x01, 0xC3, 0xF3, 0xF9, 0xC1, 0xE0, 0xF0, 0x78, 0x1C,
    0x4F, 0xE3, 0xF0, 0x20, 0x0F, 0x03, 0xF0, 0x77, 0x00, 0x01, 0xFC, 0x7F, 0x9F, 0x73, 0xC0, 0x70,
    0x0E, 0x01, 0xC0, 0x38, 0x07, 0x00, 0xF9, 0x8F, 0xF0, 0xFE, 0x02, 0x00, 0x1E, 0x1F, 0x9D, 0xC1,
    0xC3, 0xF3, 0xF9, 0xC1, 0xE0, 0xF0, 0x78, 0x1C, 0x4F, 0xE3, 0xF0, 0x20, 0x07, 0x01, 0xE0, 0x1C,
    0x00, 0x01, 0xFC, 0x7F, 0x9F, 0x73, 0xC0, 0x70, 0x0E, 0x01, 0xC0, 0x38, 0x07, 0x00, 0xF9, 0x8F,
    0xF0, 0xFE, 0x02, 0x00, 0x1C, 0x0F, 0x07, 0x01, 0xC3, 0xF3, 0xF9, 0xC1, 0xE0, 0xF0, 0x78, 0x1C,
    0x4F, 0xE3, 0xF0, 0x20, 0x1D, 0xC3, 0xF0, 0x3E, 0x00, 0x01, 0xFC, 0x7F, 0x9F, 0x73, 0xC0, 0x70,
    0x0E, 0x01, 0xC0, 0x38, 0x07, 0x00, 0xF9, 0x8F, 0xF0, 0xFE, 0x02, 0x00, 0x73, 0x9F, 0x87, 0x81,
    0xC3, 0xF3, 0xF9, 0xC1, 0xE0, 0xF0, 0x78, 0x1C, 0x4F, 0xE3, 0xF0, 0x20, 0x33, 0x87, 0xE0, 0x78,
    0x00, 0x0F, 0xF1, 0xFF, 0x3F, 0xF7, 0x0E, 0xE1, 0xFC, 0x3F, 0x87, 0xF0, 0xFE, 0x1D, 0xDF, 0xBF,
    0xE7, 0xF8, 0x03, 0xF8, 0x1F, 0xC0, 0xFC, 0x37, 0x83, 0xFC, 0x3F, 0xE1, 0xCF, 0x1E, 0x78, 0xF1,
    0xC7, 0x8E, 0x1C, 0xF0, 0xFF, 0x83, 0xFC, 0x04, 0x00, 0x7F, 0x87, 0xFC, 0x7F, 0xE7, 0x0E, 0x70,
    0xFF, 0xEF, 0xFE, 0xF7, 0xCF, 0x70, 0xE7, 0x7E, 0x7F, 0xC7, 0xF8, 0x03, 0xC1, 0xFC, 0x3F, 0x87,
    0xF3, 0xFC, 0xFF, 0x9F, 0xF7, 0x9E, 0xF1, 0xDE, 0x39, 0xCF, 0x3F, 0xE3, 0xFC, 0x10, 0x00, 0x7E,
    0x7E, 0x00, 0xFF, 0xFF, 0xFE, 0xE0, 0xFE, 0xFE, 0xFE, 0xE0, 0xE0, 0xE0, 0xFF, 0xFF, 0x3F, 0x0F,
    0xC0, 0xC0, 0xFC, 0x7F, 0x9C, 0xEF, 0xFF, 0xFF, 0xF0, 0x1C, 0x27, 0xF8, 0xFE, 0x04, 0x00, 0x67,
    0x7E, 0x3C, 0x00, 0xFF, 0xFF, 0xFE, 0xE0, 0xFE, 0xFE, 0xFE, 0xE0, 0xE0, 0xE0, 0xFF, 0xFF, 0x33,
    0x8F, 0xC1, 0xE0, 0x30, 0x3F, 0x1F, 0xE7, 0x3B, 0xFF, 0xFF, 0xFC, 0x07, 0x09, 0xFE, 0x3F, 0x81,
    0x00, 0x18, 0x3C, 0x18, 0x00, 0xFF, 0xFF, 0xFE, 0xE0, 0xFE, 0xFE, 0xFE, 0xE0, 0xE0, 0xE0, 0xFF,
    0xFF, 0x0C, 0x07, 0x80, 0xC0, 0x30, 0x3F, 0x1F, 0xE7, 0x3B, 0xFF, 0xFF, 0xFC, 0x07, 0x09, 0xFE,
    0x3F, 0x81, 0x00, 0xFF, 0xFF, 0xFE, 0xE0, 0xFE, 0xFE, 0xFE, 0xE0, 0xE0, 0xE0, 0xFF, 0xFF, 0x0E,
    0x0C, 0x0F, 0x0F, 0x0C, 0x0F, 0xC7, 0xF9, 0xCE, 0xFF, 0xFF, 0xFF, 0x01, 0xC2, 0x7F, 0x8F, 0xE0,
    0x70, 0x18, 0x07, 0x81, 0xE0, 0xE7, 0x7E, 0x3C, 0x00, 0xFF, 0xFF, 0xFE, 0xE0, 0xFE, 0xFE, 0xFE,
    0xE0, 0xE0, 0xE0, 0xFF, 0xFF, 0x73, 0x8F, 0xC1, 0xE0, 0x30, 0x3F, 0x1F, 0xE7, 0x3B, 0xFF, 0xFF,
    0xFC, 0x07, 0x09, 0xFE, 0x3F, 0x81, 0x00, 0x07, 0x01, 0xF0, 0x77, 0x00, 0x01, 0xFE, 0x7F, 0xDF,
    0x33, 0xC0, 0x70, 0x0E, 0x7D, 0xCF, 0xB9, 0xF7, 0x0E, 0xF9, 0xCF, 0xF8, 0xFF, 0x03, 0x00, 0x1E,
    0x0F, 0xC3, 0xB8, 0x60, 0x3F, 0xDF, 0xF7, 0x3F, 0xC7, 0xF1, 0xFC, 0x77, 0x3D, 0xFF, 0x3F, 0xC2,
    0xF6, 0x39, 0xFE, 0x7F, 0x00, 0x1C, 0xC1, 0xF8, 0x3E, 0x00, 0x01, 0xFE, 0x7F, 0xDF, 0x33, 0xC0,
    0x70, 0x0E, 0x7D, 0xCF, 0xB9, 0xF7, 0x0E, 0xF9, 0xCF, 0xF8, 0xFF, 0x03, 0x00, 0x31, 0x8F, 0xC1,
    0xF0, 0x60, 0x3F, 0xDF, 0xF7, 0x3F, 0xC7, 0xF1, 0xFC, 0x77, 0x3D, 0xFF, 0x3F, 0xC2, 0xF6, 0x39,
    0xFE, 0x7F, 0x00, 0x07, 0x00, 0xE0, 0x1C, 0x00, 0x01, 0xFE, 0x7F, 0xDF, 0x33, 0xC0, 0x70, 0x0E,
    0x7D, 0xCF, 0xB9, 0xF7, 0x0E, 0xF9, 0xCF, 0xF8, 0xFF, 0x03, 0x00, 0x0E, 0x07, 0x80, 0xE0, 0x60,
    0x3F, 0xDF, 0xF7, 0x3F, 0xC7, 0xF1, 0xFC, 0x77, 0x3D, 0xFF, 0x3F, 0xC2, 0xF6, 0x39, 0xFE, 0x7F,
    0x00, 0x00, 0x03, 0xFC, 0xFF, 0xBE, 0x67, 0x80, 0xE0, 0x1C, 0xFB, 0x9F, 0x73, 0xEE, 0x1D, 0xF3,
    0x9F, 0xF1, 0xFE, 0x06, 0x01, 0xC0, 0x38, 0x06, 0x00, 0x06, 0x03, 0x80, 0xE0, 0x60, 0x3F, 0xDF,
    0xF7, 0x3F, 0xC7, 0xF1, 0xFC, 0x77, 0x3D, 0xFF, 0x3F, 0xC2, 0xF6, 0x39, 0xFE, 0x7F, 0x00, 0x1E,
    0x03, 0xE0, 0xEE, 0x00, 0x0E, 0x1F, 0xC3, 0xF8, 0x7F, 0x0F, 0xFF, 0xFF, 0xFF, 0xFF, 0xF0, 0xFE,
    0x1F, 0xC3, 0xF8, 0x7F, 0x0F, 0x38, 0x0F, 0x83, 0xB8, 0x00, 0x03, 0x80, 0x70, 0x0E, 0x01, 0xD8,
    0x3F, 0xC7, 0xFC, 0xF3, 0x9C, 0x73, 0x8E, 0x71, 0xCE, 0x39, 0xC7, 0x38, 0xE0, 0x70, 0xF7, 0xFF,
    0xFF, 0xFF, 0xFF, 0xF7, 0xFF, 0x3F, 0xF9, 0xFF, 0xCE, 0x1E, 0x70, 0xF3, 0x87, 0x9C, 0x3C, 0xE1,
    0xE0, 0x70, 0x3F, 0x8F, 0xE3, 0xF0, 0x7F, 0x9F, 0xF7, 0xFD, 0xC7, 0x71, 0xDC, 0x77, 0x1D, 0xC7,
    0x71, 0xC0, 0x72, 0xFE, 0xDE, 0x00, 0x7E, 0x7E, 0x1C, 0x1C, 0x1C, 0x1C, 0x1C, 0x1C, 0x1C, 0x1C,
    0x7E, 0x7E, 0x77, 0xFF, 0x70, 0x03, 0x87, 0x0E, 0x1C, 0x38, 0x70, 0xE1, 0xC3, 0x80, 0xFF, 0xF0,
    0x3F, 0xFC, 0xE3, 0x8E, 0x38, 0xE3, 0x8E, 0x3B, 0xFF, 0xC0, 0xFF, 0xFC, 0x01, 0xC3, 0x87, 0x0E,
    0x1C, 0x38, 0x70, 0xE1, 0xC0, 0xC7, 0xFD, 0xF0, 0x0F, 0xDF, 0x8E, 0x1C, 0x38, 0x70, 0xE1, 0xC3,
    0x87, 0x3F, 0x7E, 0xC7, 0xFD, 0xF0, 0x03, 0x87, 0x0E, 0x1C, 0x38, 0x70, 0xE1, 0xC3, 0x80, 0xFF,
    0xF3, 0x8E, 0x38, 0xE3, 0x8E, 0x38, 0xEF, 0xFF, 0x18, 0xE3, 0xC7, 0x77, 0x70, 0x77, 0x77, 0x77,
    0x77, 0x77, 0xEF, 0x70, 0x38, 0xE3, 0x80, 0xFF, 0xF3, 0x8E, 0x38, 0xE3, 0x8E, 0x38, 0xEF, 0xFF,
    0x1F, 0xFF, 0xFF, 0xFC, 0xFC, 0xFF, 0x9C, 0xE3, 0x9C, 0x73, 0x8E, 0x71, 0xCE, 0x39, 0xC7, 0x38,
    0xE7, 0x1F, 0xF3, 0xFE, 0x70, 0x0E, 0x0F, 0xC1, 0xF0, 0x3C, 0xE7, 0xE7, 0xE7, 0x00, 0xE7, 0xE7,
    0xE7, 0xE7, 0xE7, 0xE7, 0xE7, 0xE7, 0xE7, 0x07, 0x07, 0x1F, 0x1E, 0x1E, 0x1F, 0x1D, 0xC0, 0x01,
    0xC0, 0xE0, 0x70, 0x38, 0x1C, 0x0E, 0x07, 0x03, 0x81, 0xC0, 0xE0, 0x70, 0x38, 0x1C, 0x7E, 0x3E,
    0x0E, 0x00, 0x38, 0xFB, 0xB8, 0x03, 0x87, 0x0E, 0x1C, 0x38, 0x70, 0xE1, 0xC3, 0x87, 0x0E, 0x7C,
    0xF0, 0xE3, 0xDC, 0x73, 0x9E, 0x77, 0x8F, 0xE1, 0xF8, 0x3F, 0x87, 0xF8, 0xE7, 0x1C, 0xF3, 0x8F,
    0x71, 0xE0, 0x00, 0x38, 0x07, 0x00, 0xC0, 0xE0, 0x38, 0x0E, 0x03, 0x80, 0xE7, 0xBB, 0xCF, 0xE3,
    0xF0, 0xFC, 0x3F, 0x8E, 0xF3, 0x9E, 0xE3, 0x80, 0x01, 0xC0, 0x60, 0x18, 0x00, 0x00, 0x39, 0xEE,
    0x73, 0xB8, 0xFC, 0x3F, 0x0F, 0xE3, 0xBC, 0xE7, 0xB8, 0xE0, 0x38, 0x70, 0xE0, 0x00, 0xE0, 0xE0,
    0xE0, 0xE0, 0xE0, 0xE0, 0xE0, 0xE0, 0xE0, 0xE0, 0xFF, 0xFF, 0x7B, 0xB8, 0x0E, 0x73, 0x9C, 0xE7,
    0x39, 0xCE, 0x73, 0x9C, 0xE0, 0xE0, 0xE0, 0xE0, 0xE0, 0xE0, 0xE0, 0xE0, 0xE0, 0xE0, 0xE0, 0xFF,
    0xFF, 0x00, 0x1C, 0x18, 0x38, 0xFF, 0xFF, 0xFF, 0xFF, 0xFE, 0x3F, 0xC0, 0xE3, 0x73, 0xB9, 0x9C,
    0x0E, 0x07, 0x03, 0x81, 0xC0, 0xE0, 0x70, 0x3F, 0xDF, 0xE0, 0xEF, 0xFB, 0xF7, 0x0E, 0x1C, 0x38,
    0x70, 0xE1, 0xC3, 0x87, 0x0E, 0x00, 0xE0, 0xE0, 0xE0, 0xE0, 0xE6, 0xEF, 0xE6, 0xE0, 0xE0, 0xE0,
    0xFF, 0xFF, 0xE3, 0x8E, 0x38, 0xE3, 0xFF, 0xFF, 0xE3, 0x8E, 0x38, 0xE0, 0x70, 0x38, 0x1C, 0x0E,
    0x07, 0xC3, 0xE3, 0xE1, 0xE0, 0x70, 0x38, 0x1F, 0xEF, 0xF0, 0x38, 0x70, 0xE1, 0xC3, 0x87, 0x8F,
    0x3E, 0x78, 0xF0, 0xE1, 0xC3, 0x80, 0x03, 0x80, 0x70, 0x0E, 0x00, 0x00, 0xF0, 0xEF, 0x8E, 0xF8,
    0xEF, 0xCE, 0xFE, 0xEE, 0xEE, 0xEF, 0xEE, 0x7E, 0xE7, 0xEE, 0x3E, 0xE1, 0xEE, 0x1E, 0x0F, 0x07,
    0x07, 0x01, 0xCF, 0xF7, 0xFF, 0xCF, 0xC7, 0xE3, 0xF1, 0xF8, 0xFC, 0x7E, 0x38, 0xF0, 0xEF, 0x8E,
    0xF8, 0xEF, 0xCE, 0xFE, 0xEE, 0xEE, 0xEF, 0xEE, 0x7E, 0xE7, 0xEE, 0x3E, 0xE1, 0xEE, 0x1E, 0x00,
    0x00, 0xE0, 0x0E, 0x00, 0xC0, 0x0E, 0x7F, 0xBF, 0xFE, 0x7E, 0x3F, 0x1F, 0x8F, 0xC7, 0xE3, 0xF1,
    0xC0, 0x03, 0x81, 0xC0, 0xC0, 0x39, 0xC1, 0xF8, 0x0F, 0x00, 0x00, 0xF0, 0xEF, 0x8E, 0xF8, 0xEF,
    0xCE, 0xFE, 0xEE, 0xEE, 0xEF, 0xEE, 0x7E, 0xE7, 0xEE, 0x3E, 0xE1, 0xEE, 0x1E, 0x77, 0x1F, 0x8F,
    0x81, 0xCF, 0xF7, 0xFF, 0xCF, 0xC7, 0xE3, 0xF1, 0xF8, 0xFC, 0x7E, 0x38, 0x70, 0x03, 0x80, 0x1C,
    0x38, 0xDF, 0xE6, 0xFF, 0x87, 0x9C, 0x38, 0xE1, 0xC7, 0x0E, 0x38, 0x71, 0xC3, 0x8E, 0x1C, 0x70,
    0xF0, 0xEF, 0x8E, 0xFC, 0xEF, 0xEE, 0xFE, 0xEE, 0xFE, 0xE7, 0xEE, 0x7E, 0xE3, 0xEE, 0x1E, 0xE1,
    0xEE, 0x0E, 0x00, 0xE0, 0x7E, 0x07, 0xE0, 0x38, 0x0E, 0x7F, 0xBF, 0xFE, 0x7E, 0x3F, 0x1F, 0x8F,
    0xC7, 0xE3, 0xF1, 0xC0, 0xE0, 0xF0, 0xF8, 0x78, 0x0F, 0xC0, 0xFE, 0x00, 0x00, 0x3F, 0x83, 0xFE,
    0x3E, 0xF9, 0xC1, 0xCE, 0x0E, 0x70, 0x7B, 0x83, 0xDC, 0x1E, 0xE0, 0xE7, 0xCF, 0x1F, 0xF0, 0x7F,
    0x00, 0x40, 0x3F, 0x0F, 0xC0, 0xC0, 0xFC, 0x7F, 0x9C, 0xFF, 0x1F, 0xC7, 0xF1, 0xDC, 0xF7, 0xF8,
    0xFC, 0x04, 0x00, 0x18, 0xC0, 0x7E, 0x03, 0xE0, 0x00, 0x01, 0xFC, 0x1F, 0xF1, 0xF7, 0xCE, 0x0E,
    0x70, 0x73, 0x83, 0xDC, 0x1E, 0xE0, 0xF7, 0x07, 0x3E, 0x78, 0xFF, 0x83, 0xF8, 0x02, 0x00, 0x31,
    0x8F, 0xE1, 0xF0, 0x30, 0x3F, 0x1F, 0xE7, 0x3F, 0xC7, 0xF1, 0xFC, 0x77, 0x3D, 0xFE, 0x3F, 0x01,
    0x00, 0x0F, 0xC0, 0xFE, 0x06, 0xC0, 0x00, 0x01, 0xFC, 0x1F, 0xF1, 0xF7, 0xCE, 0x0E, 0x70, 0x73,
    0x83, 0xDC, 0x1E, 0xE0, 0xF7, 0x07, 0x3E, 0x78, 0xFF, 0x83, 0xF8, 0x02, 0x00, 0x3F, 0x8F, 0xC7,
    0xE0, 0x30, 0x3F, 0x1F, 0xE7, 0x3F, 0xC7, 0xF1, 0xFC, 0x77, 0x3D, 0xFE, 0x3F, 0x01, 0x00, 0x00,
    0x00, 0x1F, 0xFF, 0x3F, 0xFF, 0x7D, 0xFE, 0x70, 0xE0, 0x70, 0xFE, 0x70, 0xFE, 0x70, 0xFE, 0x70,
    0xE0, 0x70, 0xE0, 0x78, 0xE0, 0x3F, 0xFF, 0x1F, 0xFF, 0x02, 0x00, 0x0C, 0x38, 0x3F, 0xFE, 0x7F,
    0xFE, 0x73, 0xC7, 0xF1, 0xFF, 0xF1, 0xFF, 0xF1, 0xC0, 0x73, 0xC2, 0x7F, 0xFE, 0x3F, 0xFE, 0x04,
    0x18, 0x0F, 0x03, 0x81, 0xC0, 0x00, 0xFE, 0x3F, 0xEE, 0x7B, 0x8E, 0xE3, 0xBF, 0xEF, 0xF3, 0xF8,
    0xE7, 0x39, 0xEE, 0x3B, 0x8F, 0x1E, 0x78, 0xE0, 0x6F, 0xFF, 0xBE, 0x70, 0xE1, 0xC3, 0x87, 0x0E,
    0x00, 0xFE, 0x3F, 0xEE, 0x7B, 0x8E, 0xE3, 0xBF, 0xEF, 0xF3, 0xF8, 0xE7, 0x39, 0xEE, 0x3B, 0x8F,
    0x00, 0x07, 0x01, 0xC0, 0x60, 0x0D, 0xFF, 0xF7, 0xCE, 0x1C, 0x38, 0x70, 0xE1, 0xC0, 0x07, 0x0E,
    0x18, 0x00, 0x77, 0x0F, 0xC3, 0xE0, 0x00, 0xFE, 0x3F, 0xEE, 0x7B, 0x8E, 0xE3, 0xBF, 0xEF, 0xF3,
    0xF8, 0xE7, 0x39, 0xEE, 0x3B, 0x8F, 0x67, 0x7E, 0x3C, 0x06, 0x7F, 0x7E, 0x7C, 0x70, 0x70, 0x70,
    0x70, 0x70, 0x70, 0x0F, 0x0F, 0x07, 0x00, 0x03, 0xFB, 0xFD, 0xCC, 0xE0, 0x78, 0x3F, 0x0F, 0xC1,
    0xF0, 0x3F, 0x3F, 0xFC, 0xFE, 0x18, 0x00, 0x0F, 0x1E, 0x1C, 0x1C, 0x7F, 0x7E, 0xF0, 0x7C, 0x7E,
    0x1F, 0x47, 0xFF, 0xFE, 0x18, 0x1E, 0x1F, 0x1D, 0xC0, 0x03, 0xFB, 0xFD, 0xCC, 0xE0, 0x78, 0x3F,
    0x0F, 0xC1, 0xF0, 0x3F, 0x3F, 0xFC, 0xFE, 0x18, 0x00, 0x3C, 0x7E, 0x77, 0x1C, 0x7F, 0x7E, 0xF0,
    0x7C, 0x7E, 0x1F, 0x47, 0xFF, 0xFE, 0x18, 0x00, 0x1F, 0xDF, 0xEE, 0x67, 0x03, 0xC1, 0xF8, 0x7E,
    0x0F, 0x81, 0xF9, 0xFF, 0xE7, 0xF0, 0xE0, 0x78, 0x7C, 0x3C, 0x00, 0x1C, 0x7F, 0x7E, 0xF0, 0x7C,
    0x7E, 0x1F, 0x47, 0xFF, 0xFE, 0x18, 0x1C, 0x3C, 0x3C, 0x73, 0x9F, 0x87, 0x80, 0x03, 0xFB, 0xFD,
    0xCC, 0xE0, 0x78, 0x3F, 0x0F, 0xC1, 0xF0, 0x3F, 0x3F, 0xFC, 0xFE, 0x18, 0x00, 0x67, 0x7E, 0x3C,
    0x1C, 0x7F, 0x7E, 0xF0, 0x7C, 0x7E, 0x1F, 0x47, 0xFF, 0xFE, 0x18, 0xFF, 0xFF, 0xFF, 0xF8, 0x70,
    0x1C, 0x07, 0x01, 0xC0, 0x70, 0x1C, 0x07, 0x01, 0xC0, 0x70, 0x1C, 0x07, 0x81, 0xE0, 0x78, 0x00,
    0x61, 0xE7, 0xFF, 0xEE, 0x1C, 0x38, 0x70, 0xF1, 0xF9, 0xF1, 0xC3, 0xC7, 0x8E, 0x73, 0x8F, 0xC1,
    0xE0, 0x00, 0xFF, 0xFF, 0xFF, 0xF8, 0x70, 0x1C, 0x07, 0x01, 0xC0, 0x70, 0x1C, 0x07, 0x01, 0xC0,
    0x70, 0x01, 0xC0, 0x63, 0x39, 0xE0, 0xFE, 0x3F, 0x87, 0x01, 0xC0, 0x70, 0x1C, 0x07, 0x81, 0xF8,
    0x3E, 0x02, 0x00, 0xFF, 0xFF, 0xFF, 0xF8, 0x70, 0x1C, 0x1F, 0xC7, 0xF0, 0xFC, 0x1C, 0x07, 0x01,
    0xC0, 0x70, 0x00, 0x61, 0xE7, 0xFF, 0xEE, 0x3F, 0xFF, 0x70, 0xF1, 0xF9, 0xF0, 0x80, 0x39, 0x0F,
    0xE1, 0xBC, 0x00, 0x0E, 0x1F, 0xC3, 0xF8, 0x7F, 0x0F, 0xE1, 0xFC, 0x3F, 0x87, 0xF0, 0xFE, 0x1F,
    0xE7, 0x9F, 0xF1, 0xFC, 0x0C, 0x00, 0x3B, 0x3F, 0x9B, 0x80, 0x0E, 0x3F, 0x1F, 0x8F, 0xC7, 0xE3,
    0xF1, 0xF9, 0xFF, 0xF7, 0xF8, 0x80, 0x3F, 0x07, 0xE0, 0x00, 0x70, 0xFE, 0x1F, 0xC3, 0xF8, 0x7F,
    0x0F, 0xE1, 0xFC, 0x3F, 0x87, 0xF0, 0xFF, 0x3C, 0xFF, 0x8F, 0xE0, 0x60, 0x7F, 0x3F, 0x80, 0x1C,
    0x7E, 0x3F, 0x1F, 0x8F, 0xC7, 0xE3, 0xF3, 0xFF, 0xEF, 0xF1, 0x00, 0x31, 0x87, 0xF0, 0x7C, 0x00,
    0x0E, 0x1F, 0xC3, 0xF8, 0x7F, 0x0F, 0xE1, 0xFC, 0x3F, 0x87, 0xF0, 0xFE, 0x1F, 0xE7, 0x9F, 0xF1,
    0xFC, 0x0C, 0x00, 0x63, 0x3F, 0x8F, 0x80, 0x0E, 0x3F, 0x1F, 0x8F, 0xC7, 0xE3, 0xF1, 0xF9, 0xFF,
    0xF7, 0xF8, 0x80, 0x1E, 0x03, 0xC0, 0x78, 0x0F, 0x00, 0x01, 0xC3, 0xF8, 0x7F, 0x0F, 0xE1, 0xFC,
    0x3F, 0x87, 0xF0, 0xFE, 0x1F, 0xC3, 0xFC, 0xF3, 0xFE, 0x3F, 0x81, 0x80, 0x1C, 0x1F, 0x0F, 0x83,
    0x80, 0x07, 0x1F, 0x8F, 0xC7, 0xE3, 0xF1, 0xF8, 0xFC, 0xFF, 0xFB, 0xFC, 0x40, 0x1F, 0x87, 0xE1,
    0xD8, 0x00, 0x0E, 0x1F, 0xC3, 0xF8, 0x7F, 0x0F, 0xE1, 0xFC, 0x3F, 0x87, 0xF0, 0xFE, 0x1F, 0xE7,
    0x9F, 0xF1, 0xFC, 0x0C, 0x00, 0x3F, 0x3F, 0x3B, 0x00, 0x0E, 0x3F, 0x1F, 0x8F, 0xC7, 0xE3, 0xF1,
    0xF9, 0xFF, 0xF7, 0xF8, 0x80, 0xE1, 0xFC, 0x3F, 0x87, 0xF0, 0xFE, 0x1F, 0xC3, 0xF8, 0x7F, 0x0F,
    0xE1, 0xFE, 0x79, 0xFF, 0x1F, 0xC0, 0xF0, 0x0E, 0x01, 0xE0, 0x3C, 0x00, 0x71, 0xF8, 0xFC, 0x7E,
    0x3F, 0x1F, 0x8F, 0xCF, 0xFF, 0xBF, 0xC4, 0xC0, 0xC0, 0x78, 0x3C, 0x03, 0xC0, 0x03, 0xF0, 0x03,
    0x9C, 0x00, 0x00, 0x0E, 0x3C, 0x77, 0x1E, 0x3B, 0x8F, 0x1D, 0xE7, 0xDE, 0x77, 0xEE, 0x3B, 0xF7,
    0x1D, 0xFB, 0x87, 0xCF, 0xC3, 0xE7, 0xC1, 0xF3, 0xE0, 0xF9, 0xF0, 0x38, 0x78, 0x07, 0x80, 0x1F,
    0x80, 0x3B, 0x80, 0x00, 0x0E, 0x79, 0xDC, 0xF3, 0x9D, 0xF7, 0x3F, 0xFC, 0x7F, 0xF8, 0xFD, 0xF0,
    0xF3, 0xE1, 0xE7, 0x83, 0xCF, 0x00, 0x1E, 0x07, 0xE0, 0xEE, 0x00, 0x0E, 0x1F, 0xE3, 0x9C, 0xF3,
    0xDC, 0x3F, 0x07, 0xE0, 0x78, 0x07, 0x00, 0xE0, 0x1C, 0x03, 0x80, 0x70, 0x1E, 0x0F, 0x87, 0x70,
    0x00, 0xE3, 0xFC, 0xE7, 0x39, 0xDE, 0x7F, 0x0F, 0xC3, 0xE0, 0x78, 0x1E, 0x07, 0x03, 0xC3, 0xE0,
    0xF8, 0x00, 0x33, 0x07, 0x70, 0xEC, 0x00, 0x0E, 0x1F, 0xE3, 0x9C, 0xF3, 0xDC, 0x3F, 0x07, 0xE0,
    0x78, 0x07, 0x00, 0xE0, 0x1C, 0x03, 0x80, 0x70, 0x0F, 0x03, 0x81, 0xC0, 0x00, 0xFF, 0xBF, 0xE7,
    0xF8, 0x1C, 0x0F, 0x07, 0x81, 0xC0, 0xF0, 0x78, 0x1C, 0x0F, 0xFF, 0xFF, 0x0F, 0x1E, 0x1C, 0x00,
    0xFF, 0xFF, 0x0E, 0x1E, 0x3C, 0x38, 0x70, 0xFF, 0xFF, 0x0C, 0x07, 0x80, 0xC0, 0x00, 0xFF, 0xBF,
    0xE7, 0xF8, 0x1C, 0x0F, 0x07, 0x81, 0xC0, 0xF0, 0x78, 0x1C, 0x0F, 0xFF, 0xFF, 0x18, 0x3C, 0x1C,
    0x00, 0xFF, 0xFF, 0x0E, 0x1E, 0x3C, 0x38, 0x70, 0xFF, 0xFF, 0x73, 0x8F, 0xC1, 0xE0, 0x00, 0xFF,
    0xBF, 0xE7, 0xF8, 0x1C, 0x0F, 0x07, 0x81, 0xC0, 0xF0, 0x78, 0x1C, 0x0F, 0xFF, 0xFF, 0x67, 0x7E,
    0x3C, 0x00, 0xFF, 0xFF, 0x0E, 0x1E, 0x3C, 0x38, 0x70, 0xFF, 0xFF, 0x7F, 0xFF, 0xB8, 0xE3, 0x8E,
    0x38, 0xE3, 0x8E, 0x38, 0xE0, 0x00, 0x1C, 0x3F, 0xB8, 0xFF, 0xF3, 0xEF, 0xC7, 0x87, 0x0E, 0x0F,
    0x1C, 0x1E, 0x38, 0x3C, 0x70, 0x78, 0xE0, 0xE1, 0xF3, 0xC1, 0xFF, 0x01, 0xFC, 0x00, 0x40, 0x00,
    0x00, 0x70, 0xC7, 0x3F, 0xF7, 0xFE, 0x73, 0xCF, 0x1C, 0xF1, 0xCF, 0x1C, 0x73, 0xC7, 0xF8, 0x3F,
    0x00, 0x40, 0x00, 0x1F, 0x87, 0xFE, 0x1F, 0xF8, 0x7E, 0xE1, 0xE3, 0x87, 0x8E, 0x1E, 0x38, 0x78,
    0xE1, 0xE3, 0x87, 0x8F, 0x3C, 0x1F, 0xF0, 0x3F, 0x80, 0x30, 0x00, 0x00, 0x70, 0x03, 0xB8, 0xFD,
    0xC7, 0xCE, 0x3C, 0x71, 0xC3, 0x8E, 0x1C, 0x70, 0xE7, 0x87, 0xFC, 0x1F, 0xE0, 0x20, 0x00, 0x00,
    0x0E, 0x70, 0x00, 0x3F, 0x00, 0x00, 0xF0, 0x00, 0x00, 0x0F, 0xF1, 0xFF, 0xFF, 0xCF, 0xFF, 0xFF,
    0x3F, 0xDC, 0x38, 0x1C, 0xE1, 0xE1, 0xE7, 0x0F, 0x0E, 0x38, 0x78, 0xE1, 0xC3, 0xCF, 0x0E, 0x1C,
    0xF0, 0x77, 0xE7, 0x03, 0xFE, 0x7F, 0xFF, 0xE3, 0xFF, 0x00, 0x0E, 0xEF, 0xF0, 0x7E, 0xFF, 0x87,
    0xCF, 0xFC, 0x00, 0xE1, 0xCF, 0xEE, 0x1E, 0xFE, 0xE1, 0xE1, 0xCE, 0x1E, 0x3C, 0xE1, 0xE7, 0x8E,
    0x1C, 0x70, 0xEF, 0xCF, 0x0F, 0xF9, 0xFE, 0xFF, 0x1F, 0xE0, 0x03, 0xDC, 0xE0, 0x79, 0xF8, 0x0F,
    0x1E, 0x0D, 0xE0, 0x03, 0xFD, 0xFC, 0xFF, 0xBF, 0x9C, 0xF0, 0xF7, 0x9E, 0x1C, 0xF1, 0xC7, 0x1E,
    0x39, 0xE1, 0xCF, 0x78, 0x3F, 0xEF, 0xF3, 0xFD, 0xFE, 0x10, 0x00, 0x00, 0xE0, 0x3F, 0x01, 0xF8,
    0x0F, 0xC0, 0x7E, 0x03, 0xF0, 0x1F, 0x80, 0xFC, 0x07, 0xE0, 0x3F, 0x01, 0xFF, 0xCF, 0xFE, 0x70,
    0x07, 0x80, 0xF8, 0x07, 0xC0, 0x3C, 0x00, 0x37, 0x03, 0xF8, 0x1D, 0xC0, 0x0E, 0x07, 0xF0, 0x3F,
    0x81, 0xFC, 0x0F, 0xE0, 0x7F, 0x03, 0xF8, 0x1F, 0xFE, 0xFF, 0xF7, 0x80, 0x3C, 0x01, 0xC0, 0x3E,
    0x01, 0xF0, 0xE7, 0xE7, 0xE7, 0xE0, 0xE7, 0xE7, 0xE7, 0xE7, 0xE7, 0xE7, 0xE7, 0xE7, 0xE7, 0x07,
    0x07, 0x1F, 0x1E, 0xF0, 0xE3, 0xFC, 0x71, 0xFE, 0x38, 0xFF, 0x9C, 0x7F, 0xEE, 0x3F, 0x77, 0x1F,
    0xBF, 0x8F, 0xCF, 0xC7, 0xE7, 0xE3, 0xF1, 0xF1, 0xF8, 0x78, 0xFC, 0x3C, 0x70, 0x00, 0x78, 0x00,
    0xFC, 0x00, 0x7C, 0x00, 0x3C, 0x00, 0x03, 0x78, 0x73, 0xFE, 0x38, 0xDF, 0x1C, 0x0F, 0xCE, 0x7F,
    0xF7, 0x3F, 0xBB, 0x9F, 0xDF, 0xCF, 0xE7, 0xE7, 0xF3, 0xF3, 0xF8, 0xF9, 0xFC, 0x3C, 0xFE, 0x1E,
    0x78, 0x00, 0x3C, 0x00, 0x1E, 0x00, 0x3E, 0x00, 0x1F, 0x00, 0x00, 0x1C, 0x00, 0x70, 0x01, 0xC3,
    0x80, 0xFF, 0x1F, 0xFE, 0x7F, 0x39, 0xF8, 0xE7, 0xE3, 0x9F, 0x8E, 0x7E, 0x39, 0xF8, 0xE7, 0xE3,
    0x9C, 0x00, 0x70, 0x03, 0xC0, 0x1F, 0x00, 0x78, 0x39, 0xC1, 0xF8, 0x0F, 0x00, 0x00, 0x0F, 0x01,
    0xF0, 0x1F, 0x81, 0xF8, 0x3B, 0x83, 0xBC, 0x39, 0xC7, 0xFC, 0x7F, 0xEF, 0xFE, 0xF0, 0xEE, 0x0F,
    0x73, 0x9F, 0x87, 0x81, 0x87, 0xF1, 0xFC, 0x0E, 0x7F, 0x7F, 0xF9, 0xFC, 0xFF, 0xF7, 0xF8, 0x80,
    0x67, 0x7E, 0x3C, 0x00, 0x7E, 0x7E, 0x1C, 0x1C, 0x1C, 0x1C, 0x1C, 0x1C, 0x1C, 0x1C, 0x7E, 0x7E,
    0xE6, 0x7E, 0x3C, 0x00, 0x38, 0x38, 0x38, 0x38, 0x38, 0x38, 0x38, 0x38, 0x38, 0x1C, 0xE0, 0x7E,
    0x01, 0xE0, 0x00, 0x01, 0xFC, 0x1F, 0xF1, 0xF7, 0xCE, 0x0E, 0x70, 0x73, 0x83, 0xDC, 0x1E, 0xE0,
    0xF7, 0x07, 0x3E, 0x78, 0xFF, 0x83, 0xF8, 0x02, 0x00, 0x3B, 0x8F, 0xC1, 0xF0, 0x30, 0x3F, 0x1F,
    0xE7, 0x3F, 0xC7, 0xF1, 0xFC, 0x77, 0x3D, 0xFE, 0x3F, 0x01, 0x00, 0x33, 0x87, 0xE0, 0x7C, 0x00,
    0x0E, 0x1F, 0xC3, 0xF8, 0x7F, 0x0F, 0xE1, 0xFC, 0x3F, 0x87, 0xF0, 0xFE, 0x1F, 0xE7, 0x9F, 0xF1,
    0xFC, 0x0C, 0x00, 0x77, 0x1F, 0x8F, 0x80, 0x0E, 0x3F, 0x1F, 0x8F, 0xC7, 0xE3, 0xF1, 0xF9, 0xFF,
    0xF7, 0xF8, 0x80, 0x00, 0x07, 0xE0, 0xFC, 0x1D, 0x83, 0xB0, 0x24, 0x38, 0x7F, 0x0F, 0xE1, 0xFC,
    0x3F, 0x87, 0xF0, 0xFE, 0x1F, 0xC3, 0xF8, 0x7F, 0x9E, 0x7F, 0xC7, 0xF0, 0x30, 0x00, 0x3E, 0x3F,
    0x8F, 0x8E, 0xC7, 0x60, 0x03, 0x8F, 0xC7, 0xE3, 0xF1, 0xF8, 0xFC, 0x7E, 0x7F, 0xFD, 0xFE, 0x20,
    0x07, 0x80, 0xE0, 0x38, 0x1D, 0x83, 0xB0, 0x24, 0x38, 0x7F, 0x0F, 0xE1, 0xFC, 0x3F, 0x87, 0xF0,
    0xFE, 0x1F, 0xC3, 0xF8, 0x7F, 0x9E, 0x7F, 0xC7, 0xF0, 0x30, 0x00, 0x0F, 0x07, 0x07, 0x0E, 0xC7,
    0x60, 0x03, 0x8F, 0xC7, 0xE3, 0xF1, 0xF8, 0xFC, 0x7E, 0x7F, 0xFD, 0xFE, 0x20, 0x33, 0x83, 0xE0,
    0x78, 0x1D, 0x83, 0xB0, 0x24, 0x38, 0x7F, 0x0F, 0xE1, 0xFC, 0x3F, 0x87, 0xF0, 0xFE, 0x1F, 0xC3,
    0xF8, 0x7F, 0x9E, 0x7F, 0xC7, 0xF0, 0x30, 0x00, 0x77, 0x1F, 0x07, 0x0E, 0xC7, 0x60, 0x03, 0x8F,
    0xC7, 0xE3, 0xF1, 0xF8, 0xFC, 0x7E, 0x7F, 0xFD, 0xFE, 0x20, 0x38, 0x07, 0x80, 0x38, 0x1D, 0x83,
    0xB0, 0x24, 0x38, 0x7F, 0x0F, 0xE1, 0xFC, 0x3F, 0x87, 0xF0, 0xFE, 0x1F, 0xC3, 0xF8, 0x7F, 0x9E,
    0x7F, 0xC7, 0xF0, 0x30, 0x00, 0x70, 0x1C, 0x07, 0x0E, 0xC7, 0x60, 0x03, 0x8F, 0xC7, 0xE3, 0xF1,
    0xF8, 0xFC, 0x7E, 0x7F, 0xFD, 0xFE, 0x20, 0x1C, 0x1F, 0xC7, 0xF8, 0x0E, 0x7F, 0xBF, 0xFF, 0xF9,
    0xCE, 0x7F, 0x8F, 0xC0, 0x80, 0x00, 0x01, 0xF8, 0x1F, 0x81, 0xB8, 0x1B, 0x80, 0x90, 0x0F, 0x01,
    0xF0, 0x1F, 0x81, 0xF8, 0x3B, 0x83, 0xBC, 0x39, 0xC7, 0xFC, 0x7F, 0xEF, 0xFE, 0xF0, 0xEE, 0x0F,
    0x3F, 0x1F, 0x8F, 0xC7, 0xE3, 0xF0, 0x71, 0xFC, 0x7F, 0x03, 0x9F, 0xDF, 0xFE, 0x7F, 0x3F, 0xFD,
    0xFE, 0x20, 0x00, 0x01, 0xF8, 0x1F, 0x80, 0xE0, 0x0E, 0x00, 0x40, 0x0F, 0x01, 0xF0, 0x1F, 0x81,
    0xF8, 0x3B, 0x83, 0xBC, 0x39, 0xC7, 0xFC, 0x7F, 0xEF, 0xFE, 0xF0, 0xEE, 0x0F, 0x3F, 0x1F, 0x8F,
    0xC1, 0x80, 0xC0, 0x61, 0xFC, 0x7F, 0x03, 0x9F, 0xDF, 0xFE, 0x7F, 0x3F, 0xFD, 0xFE, 0x20, 0x07,
    0xF0, 0x0F, 0xE0, 0x00, 0x00, 0x3F, 0xF0, 0xFF, 0xE1, 0xFF, 0xC7, 0xF8, 0x0E, 0xFF, 0x1D, 0xFE,
    0x73, 0xFC, 0xFF, 0x83, 0xFF, 0x07, 0xFE, 0x1E, 0x3F, 0xF8, 0x7F, 0x80, 0x07, 0xE0, 0x0F, 0xC0,
    0x71, 0xC3, 0xFF, 0xE3, 0xFF, 0xC0, 0x71, 0xCF, 0xFF, 0xBF, 0xFF, 0xF3, 0x81, 0xEF, 0x89, 0xFF,
    0xF3, 0xF7, 0xE1, 0x03, 0x00, 0x00, 0x01, 0xFE, 0x3F, 0xE7, 0xCC, 0x78, 0x07, 0x00, 0x73, 0xE7,
    0x3E, 0x73, 0xF7, 0x3F, 0x7B, 0xF3, 0xFE, 0x1F, 0xE0, 0x30, 0x18, 0x07, 0xF9, 0xFF, 0x39, 0xEF,
    0x3D, 0xE3, 0x9C, 0xF3, 0xFE, 0x7F, 0xC3, 0xF8, 0x3F, 0xA7, 0xE7, 0xF8, 0xFE, 0x00, 0x1C, 0xC1,
    0xF8, 0x1E, 0x00, 0x01, 0xFE, 0x7F, 0xDF, 0x33, 0xC0, 0x70, 0x0E, 0x7D, 0xCF, 0xB9, 0xF7, 0x0E,
    0xF9, 0xCF, 0xF8, 0xFF, 0x03, 0x00, 0x33, 0x8F, 0xC1, 0xE0, 0x60, 0x3F, 0xDF, 0xF7, 0x3F, 0xC7,
    0xF1, 0xFC, 0x77, 0x3D, 0xFF, 0x3F, 0xC2, 0xF6, 0x39, 0xFE, 0x7F, 0x00, 0x73, 0x87, 0xE0, 0x78,
    0x00, 0x0E, 0x3D, 0xC7, 0x39, 0xE7, 0x78, 0xFE, 0x1F, 0x83, 0xF8, 0x7F, 0x8E, 0x71, 0xCF, 0x38,
    0xF7, 0x1E, 0xE6, 0x07, 0xE0, 0x3C, 0x00, 0x00, 0x38, 0x03, 0x80, 0x38, 0x03, 0x80, 0x39, 0xE3,
    0xBC, 0x3F, 0x83, 0xF0, 0x3F, 0x03, 0xF8, 0x3B, 0xC3, 0x9E, 0x38, 0xE0, 0x00, 0x00, 0xFE, 0x0F,
    0xF8, 0xFB, 0xE7, 0x07, 0x38, 0x39, 0xC1, 0xEE, 0x0F, 0x70, 0x7B, 0x83, 0x9F, 0x3C, 0x7F, 0xC1,
    0xFC, 0x03, 0x80, 0x18, 0x00, 0xF0, 0x07, 0x80, 0x0C, 0x0F, 0xC7, 0xF9, 0xCF, 0xF1, 0xFC, 0x7F,
    0x1D, 0xCF, 0x7F, 0x8F, 0xC0, 0xC0, 0x70, 0x1E, 0x03, 0x80, 0x0F, 0xC0, 0x7E, 0x00, 0x00, 0x3F,
    0x83, 0xFE, 0x3E, 0xF9, 0xC1, 0xCE, 0x0E, 0x70, 0x7B, 0x83, 0xDC, 0x1E, 0xE0, 0xE7, 0xCF, 0x1F,
    0xF0, 0x7F, 0x00, 0xE0, 0x06, 0x00, 0x3C, 0x01, 0xE0, 0x3F, 0x0F, 0xC0, 0xC0, 0xFC, 0x7F, 0x9C,
    0xFF, 0x1F, 0xC7, 0xF1, 0xDC, 0xF7, 0xF8, 0xFC, 0x0C, 0x07, 0x01, 0xE0, 0x38, 0x73, 0x8F, 0xC1,
    0xE0, 0x00, 0xFF, 0xBF, 0xE7, 0xF0, 0x78, 0x3C, 0x0F, 0xC3, 0xF8, 0x0E, 0x03, 0xF0, 0xEF, 0xFB,
    0xFC, 0x18, 0x00, 0x73, 0x8F, 0xC1, 0xE0, 0x00, 0xFF, 0xBF, 0xE0, 0xF0, 0x78, 0x3C, 0x0F, 0xC3,
    0xF8, 0x1E, 0x03, 0x80, 0xEE, 0x7B, 0xFE, 0xFF, 0x00, 0xE6, 0x7E, 0x3C, 0x00, 0x38, 0x38, 0x38,
    0x38, 0x38, 0x38, 0x38, 0x38, 0x38, 0x38, 0x38, 0xF8, 0xF0, 0xFF, 0x1F, 0xFF, 0xFC, 0xFF, 0xFF,
    0xF3, 0xFD, 0xC3, 0x81, 0xCE, 0x1E, 0x1E, 0x70, 0xF0, 0xE3, 0x87, 0x8E, 0x1C, 0x3C, 0xF0, 0xE1,
    0xCF, 0x07, 0x7E, 0x70, 0x3F, 0xE7, 0xFF, 0xFE, 0x3F, 0xF0, 0xFF, 0x00, 0x1F, 0xF0, 0x03, 0xFF,
    0x00, 0x70, 0xE7, 0xFE, 0x1E, 0xFF, 0xC3, 0xC3, 0xB8, 0x78, 0xF7, 0x0F, 0x3C, 0xE1, 0xC7, 0x1D,
    0xF9, 0xE3, 0xFE, 0x7F, 0xFF, 0x8F, 0xF0, 0x03, 0xC0, 0x00, 0x78, 0x00, 0x0F, 0x00, 0x0D, 0xE0,
    0x03, 0xFD, 0xFC, 0xFF, 0xBF, 0x9C, 0xF0, 0xF7, 0x9E, 0x1C, 0xF1, 0xC7, 0x1E, 0x39, 0xE1, 0xCF,
    0x78, 0x3F, 0xEF, 0xF3, 0xFD, 0xFE, 0x10, 0x00, 0x00, 0x03, 0xC0, 0xF0, 0x1C, 0x00, 0x01, 0xFE,
    0x7F, 0xDF, 0x33, 0xC0, 0x70, 0x0E, 0x7D, 0xCF, 0xB9, 0xF7, 0x0E, 0xF9, 0xCF, 0xF8, 0xFF, 0x03,
    0x00, 0x07, 0x83, 0xC0, 0xE0, 0x60, 0x3F, 0xDF, 0xF7, 0x3F, 0xC7, 0xF1, 0xFC, 0x77, 0x3D, 0xFF,
    0x3F, 0xC2, 0xF6, 0x39, 0xFE, 0x7F, 0x00, 0xE1, 0xC0, 0xE1, 0xC0, 0xE1, 0xC0, 0xE1, 0xCE, 0xFF,
    0xCE, 0xFF, 0xCE, 0xFF, 0xCE, 0xE1, 0xCE, 0xE1, 0xCE, 0xE1, 0xCE, 0xE1, 0xFE, 0xE0, 0xFC, 0x00,
    0x30, 0x00, 0x3F, 0xCF, 0xFB, 0xEF, 0xF3, 0xF8, 0xFE, 0x3F, 0x8E, 0xE7, 0xBB, 0xEF, 0xF3, 0xF8,
    0xF8, 0x38, 0x0E, 0x03, 0x80, 0xE0, 0x00, 0x1E, 0x00, 0xE0, 0x07, 0x00, 0x00, 0xF0, 0xEF, 0x8E,
    0xF8, 0xEF, 0xCE, 0xFE, 0xEE, 0xEE, 0xEF, 0xEE, 0x7E, 0xE7, 0xEE, 0x3E, 0xE1, 0xEE, 0x1E, 0x38,
    0x0E, 0x03, 0x81, 0xCF, 0xF7, 0xFF, 0xCF, 0xC7, 0xE3, 0xF1, 0xF8, 0xFC, 0x7E, 0x38, 0x07, 0x80,
    0xE0, 0x0F, 0x01, 0xF0, 0x1F, 0x00, 0xF0, 0x1F, 0x01, 0xF8, 0x3F, 0x83, 0xB8, 0x39, 0xC7, 0xFC,
    0x7F, 0xE7, 0xFE, 0xF0, 0xEE, 0x0F, 0x00, 0x07, 0x83, 0x83, 0xC1, 0xE0, 0xF0, 0x78, 0x18, 0x7F,
    0x1F, 0xC0, 0xE7, 0xF7, 0xFF, 0x9F, 0xCF, 0xFF, 0x7F, 0x88, 0x00, 0x00, 0xF0, 0x03, 0xC0, 0x0E,
    0x00, 0x00, 0x00, 0x7F, 0xE1, 0xFF, 0xC3, 0xFF, 0x8F, 0xF0, 0x1D, 0xFE, 0x3B, 0xFC, 0xE7, 0xF9,
    0xFF, 0x07, 0xFE, 0x0F, 0xFC, 0x3C, 0x7F, 0xF0, 0xFF, 0x01, 0xE0, 0x03, 0x80, 0x0E, 0x00, 0xE3,
    0x87, 0xFF, 0xC7, 0xFF, 0x80, 0xE3, 0x9F, 0xFF, 0x7F, 0xFF, 0xE7, 0x03, 0xDF, 0x13, 0xFF, 0xE7,
    0xEF, 0xC2, 0x06, 0x00, 0x01, 0xC0, 0x1C, 0x01, 0xC0, 0x00, 0x41, 0xFF, 0x1F, 0xF1, 0xF7, 0xCE,
    0x3E, 0x73, 0xFB, 0x9B, 0xDD, 0xDE, 0xFC, 0xF7, 0xC7, 0x3E, 0x78, 0xFF, 0x87, 0xF8, 0x32, 0x00,
    0x07, 0x03, 0x81, 0xC0, 0x34, 0x3F, 0x9F, 0xE7, 0x7F, 0xDF, 0xFF, 0xFF, 0x77, 0xBD, 0xFE, 0x7F,
    0x09, 0x00, 0x7E, 0x03, 0xF0, 0x1B, 0x80, 0x00, 0x0F, 0x01, 0xF0, 0x1F, 0x81, 0xF8, 0x3B, 0x83,
    0xBC, 0x39, 0xC7, 0xFC, 0x7F, 0xEF, 0xFE, 0xF0, 0xEE, 0x0F, 0xFE, 0x3F, 0x0F, 0xC1, 0x87, 0xF1,
    0xFC, 0x0E, 0x7F, 0x7F, 0xF9, 0xFC, 0xFF, 0xF7, 0xF8, 0x80, 0x1F, 0x01, 0xF8, 0x39, 0x80, 0x00,
    0x0F, 0x01, 0xF0, 0x1F, 0x81, 0xF8, 0x3B, 0x83, 0xBC, 0x39, 0xC7, 0xFC, 0x7F, 0xEF, 0xFE, 0xF0,
    0xEE, 0x0F, 0x1E, 0x1F, 0x8C, 0xC1, 0x87, 0xF1, 0xFC, 0x0E, 0x7F, 0x7F, 0xF9, 0xFC, 0xFF, 0xF7,
    0xF8, 0x80, 0xFE, 0x3F, 0x0F, 0xC0, 0x07, 0xFB, 0xFD, 0xFC, 0xE0, 0x7F, 0x3F, 0x9F, 0xCE, 0x07,
    0x03, 0x81, 0xFE, 0xFF, 0xFE, 0x1F, 0x83, 0xF0, 0x30, 0x3F, 0x1F, 0xE7, 0x3B, 0xFF, 0xFF, 0xFC,
    0x07, 0x09, 0xFE, 0x3F, 0x81, 0x00, 0x3C, 0x7E, 0x67, 0x00, 0xFF, 0xFF, 0xFE, 0xE0, 0xFE, 0xFE,
    0xFE, 0xE0, 0xE0, 0xE0, 0xFF, 0xFF, 0x1E, 0x0F, 0xC3, 0x30, 0x30, 0x3F, 0x1F, 0xE7, 0x3B, 0xFF,
    0xFF, 0xFC, 0x07, 0x09, 0xFE, 0x3F, 0x81, 0x00, 0x7E, 0x7E, 0x3F, 0x00, 0x3F, 0x3F, 0x0E, 0x0E,
    0x0E, 0x0E, 0x0E, 0x0E, 0x0E, 0x0E, 0x3F, 0x3F, 0xFC, 0xFE, 0x76, 0x00, 0x1C, 0x1C, 0x1C, 0x1C,
    0x1C, 0x1C, 0x1C, 0x1C, 0x1C, 0x7D, 0xFB, 0x18, 0x0F, 0xDF, 0x8E, 0x1C, 0x38, 0x70, 0xE1, 0xC3,
    0x87, 0x3F, 0x7E, 0x7D, 0xFF, 0x18, 0x03, 0x87, 0x0E, 0x1C, 0x38, 0x70, 0xE1, 0xC3, 0x80, 0x3F,
    0x00, 0xFC, 0x03, 0x60, 0x00, 0x01, 0xFC, 0x1F, 0xF1, 0xF7, 0xCE, 0x0E, 0x70, 0x73, 0x83, 0xDC,
    0x1E, 0xE0, 0xF7, 0x07, 0x3E, 0x78, 0xFF, 0x83, 0xF8, 0x02, 0x00, 0x7E, 0x1F, 0x83, 0xF0, 0x30,
    0x3F, 0x1F, 0xE7, 0x3F, 0xC7, 0xF1, 0xFC, 0x77, 0x3D, 0xFE, 0x3F, 0x01, 0x00, 0x0F, 0x80, 0xFE,
    0x06, 0x30, 0x00, 0x01, 0xFC, 0x1F, 0xF1, 0xF7, 0xCE, 0x0E, 0x70, 0x73, 0x83, 0xDC, 0x1E, 0xE0,
    0xF7, 0x07, 0x3E, 0x78, 0xFF, 0x83, 0xF8, 0x02, 0x00, 0x1F, 0x0F, 0xC3, 0x38, 0x30, 0x3F, 0x1F,
    0xE7, 0x3F, 0xC7, 0xF1, 0xFC, 0x77, 0x3D, 0xFE, 0x3F, 0x01, 0x00, 0xFC, 0x3F, 0x87, 0x60, 0x00,
    0xFE, 0x3F, 0xEE, 0x7B, 0x8E, 0xE3, 0xBF, 0xEF, 0xF3, 0xF8, 0xE7, 0x39, 0xEE, 0x3B, 0x8F, 0x7E,
    0x3F, 0x0F, 0xC0, 0x63, 0xF9, 0xF8, 0xF8, 0x70, 0x38, 0x1C, 0x0E, 0x07, 0x03, 0x80, 0x3E, 0x1F,
    0xC6, 0x30, 0x00, 0xFE, 0x3F, 0xEE, 0x7B, 0x8E, 0xE3, 0xBF, 0xEF, 0xF3, 0xF8, 0xE7, 0x39, 0xEE,
    0x3B, 0x8F, 0x3C, 0x7E, 0x67, 0x06, 0x7F, 0x7E, 0x7C, 0x70, 0x70, 0x70, 0x70, 0x70, 0x70, 0x7E,
    0x0E, 0xE0, 0xEC, 0x00, 0x0E, 0x1F, 0xC3, 0xF8, 0x7F, 0x0F, 0xE1, 0xFC, 0x3F, 0x87, 0xF0, 0xFE,
    0x1F, 0xE7, 0x9F, 0xF1, 0xFC, 0x0C, 0x00, 0xFC, 0x77, 0x1D, 0x80, 0x0E, 0x3F, 0x1F, 0x8F, 0xC7,
    0xE3, 0xF1, 0xF9, 0xFF, 0xF7, 0xF8, 0x80, 0x1F, 0x07, 0xE0, 0xC6, 0x00, 0x0E, 0x1F, 0xC3, 0xF8,
    0x7F, 0x0F, 0xE1, 0xFC, 0x3F, 0x87, 0xF0, 0xFE, 0x1F, 0xE7, 0x9F, 0xF1, 0xFC, 0x0C, 0x00, 0x3E,
    0x3F, 0x98, 0xC0, 0x0E, 0x3F, 0x1F, 0x8F, 0xC7, 0xE3, 0xF1, 0xF9, 0xFF, 0xF7, 0xF8, 0x80, 0x00,
    0x1F, 0xDF, 0xEE, 0x67, 0x03, 0xC1, 0xF8, 0x7E, 0x0F, 0x81, 0xF9, 0xFF, 0xE7, 0xF0, 0xC0, 0x70,
    0x38, 0x18, 0x00, 0x1C, 0x7F, 0x7E, 0xF0, 0x7C, 0x7E, 0x1F, 0x47, 0xFF, 0xFE, 0x18, 0x1C, 0x18,
    0x38, 0xFF, 0xFF, 0xFF, 0xF8, 0x70, 0x1C, 0x07, 0x01, 0xC0, 0x70, 0x1C, 0x07, 0x01, 0xC0, 0x70,
    0x00, 0x07, 0x01, 0xC0, 0x60, 0x00, 0x61, 0xE7, 0xFF, 0xEE, 0x1C, 0x38, 0x70, 0xF1, 0xF9, 0xF0,
    0x83, 0x86, 0x1C, 0x00, 0x1F, 0xEF, 0xF9, 0xCF, 0x01, 0xC1, 0xE3, 0xF8, 0xFE, 0x13, 0xC0, 0x70,
    0x1C, 0x0F, 0x0F, 0x9F, 0xCF, 0xE3, 0xC0, 0x38, 0xFE, 0x7F, 0x47, 0x0F, 0x3E, 0x3E, 0x3F, 0x07,
    0x07, 0x0F, 0x7E, 0xFC, 0xF0, 0x3B, 0x87, 0xF0, 0x7C, 0x00, 0x0E, 0x1F, 0xC3, 0xF8, 0x7F, 0x0F,
    0xFF, 0xFF, 0xFF, 0xFF, 0xF0, 0xFE, 0x1F, 0xC3, 0xF8, 0x7F, 0x0F, 0xE6, 0x0F, 0xC0, 0xF0, 0x00,
    0x03, 0x80, 0x70, 0x0E, 0x01, 0xD8, 0x3F, 0xC7, 0xFC, 0xF3, 0x9C, 0x73, 0x8E, 0x71, 0xCE, 0x39,
    0xC7, 0x38, 0xE0, 0xF3, 0x8E, 0x3D, 0xE7, 0x00, 0x3C, 0x7E, 0xEE, 0x3B, 0x7F, 0x7E, 0xFF, 0xF0,
    0x00, 0xFF, 0xFF, 0x67, 0x7E, 0x3E, 0x6F, 0x60, 0xCF, 0xFC, 0xC0, 0xFF, 0x7E, 0x00, 0x7B, 0xDE,
    0xF0, 0x7F, 0x7E, 0xFC, 0xE7, 0x7E, 0x3C, 0xFC, 0xFF, 0xFF, 0xC0, 0xFE, 0x7E, 0x37, 0x00, 0xCF,
    0xFF, 0x78, 0x3C, 0x7E, 0x66, 0x77, 0xEE, 0x60, 0x77, 0xEE, 0x40, 0xEE, 0x77, 0x20, 0x77, 0xEE,
    0x40, 0xF1, 0xE3, 0x80, 0x3D, 0xEE, 0x00, 0x3F, 0xF3, 0xCF, 0xFC, 0xFF, 0xC6, 0x31, 0x00, 0x3B,
    0xFD, 0xC0, 0x00, 0x6D, 0xB0, 0x06, 0xFF, 0xFF, 0x66, 0x6F, 0xF6, 0xFF, 0x33, 0x3F, 0xF0, 0xCC,
    0xCF, 0xF0, 0x77, 0x70, 0xCF, 0xFC, 0xC0, 0x7B, 0xDE, 0xF0, 0x76, 0xE0, 0x67, 0xFF, 0x26, 0xEF,
    0x70, 0xFC, 0xFF, 0xFC, 0xE1, 0x5A, 0x7E, 0xE7, 0x7E, 0x3C, 0x3C, 0x7E, 0xEF, 0x67, 0x7E, 0x3C,
    0x3C, 0x7E, 0x66, 0x73, 0x7F, 0xFE, 0xFF, 0xF0, 0xFF, 0xFF, 0xFE, 0xFE, 0xFE, 0xFE, 0x33, 0x7F,
    0xFE, 0x00, 0xFF, 0xFF, 0x7F, 0xF9, 0xFF, 0xE7, 0xFF, 0x80, 0x0C, 0xFF, 0xB8, 0x40, 0x07, 0x06,
    0x06, 0x0E, 0x0C, 0x1C, 0x18, 0x18, 0x38, 0x30, 0x30, 0x60, 0x60, 0xE0, 0xDB, 0x60, 0x87, 0x3F,
    0xFF, 0x7E, 0xFF, 0xC3, 0xFF, 0x7E, 0x5A, 0xFE, 0xF2, 0x26, 0x66, 0x64, 0xFF, 0xFF, 0xFF, 0xF0,
    0xF1, 0xE3, 0x80, 0x7B, 0xB8, 0x33, 0x7F, 0xFE, 0xEF, 0x60, 0x7F, 0xBF, 0xF7, 0xD8, 0x4E, 0xFF,
    0xFF, 0xFF, 0xC3, 0x00, 0xFF, 0xFF, 0xFF, 0xF0, 0xFF, 0xFF, 0xC0, 0xF3, 0x30, 0x2A, 0x7E, 0x7E,
    0x10, 0x18, 0x18, 0x7E, 0x7E, 0x5E, 0x18, 0x18, 0x67, 0xFD, 0xBF, 0xFC, 0x03, 0xFF, 0xD2, 0x6F,
    0x66, 0xEF, 0x78, 0x01, 0x8F, 0x11, 0x08, 0xA0, 0x5A, 0x05, 0xA0, 0x5A, 0x05, 0x10, 0x88, 0xF1,
    0x80, 0x1E, 0xF7, 0x0E, 0x7E, 0x00, 0x5B, 0x64, 0x33, 0xFF, 0xFF, 0x30, 0x6F, 0xF7, 0x0F, 0xE7,
    0x0E, 0x7E, 0x40, 0x7E, 0x7E, 0x6A, 0x9B, 0xE8, 0x6F, 0x60, 0x6F, 0xFF, 0x7E, 0x7E, 0xDB, 0x7E,
    0x0C, 0xF3, 0x00, 0xC0, 0x0F, 0xC0, 0xF7, 0xFF, 0x87, 0xF8, 0xC0, 0x0F, 0xC0, 0xF7, 0xFF, 0x87,
    0xF8, 0xFF, 0xFF, 0xF0, 0xFF, 0xFF, 0xF0, 0x7F, 0x0F, 0xFF, 0xFE, 0x7F, 0x80, 0x0F, 0xC0, 0xFF,
    0xC7, 0xCF, 0xB8, 0x07, 0x00, 0x11, 0xFF, 0xFF, 0xFF, 0xC0, 0x06, 0x0F, 0xFF, 0xF0, 0x07, 0xBD,
    0xE7, 0x00, 0xFF, 0xF0, 0x07, 0xB5, 0xE7, 0x00, 0xD6, 0xBD, 0xE0, 0x07, 0xCF, 0x70, 0x13, 0xFF,
    0xFF, 0xC6, 0x3D, 0xAD, 0x68, 0x01, 0xFB, 0xDF, 0xBF, 0x60, 0x1F, 0x68, 0x67, 0x66, 0x70, 0xD7,
    0x9C, 0xC0, 0x78, 0xE7, 0x9E, 0x70, 0x38, 0x1C, 0x00, 0xFF, 0xFF, 0xFE, 0xE0, 0xFE, 0xFF, 0xFE,
    0xE0, 0xE0, 0xFE, 0xFF, 0xFF, 0x66, 0x7E, 0x7E, 0x00, 0xFF, 0xFF, 0xFE, 0xE0, 0xFE, 0xFF, 0xFE,
    0xE0, 0xE0, 0xFE, 0xFF, 0xFF, 0xFF, 0xC7, 0xFE, 0x3F, 0xE0, 0x38, 0x01, 0xFC, 0x0F, 0xF0, 0x7F,
    0xC3, 0x8E, 0x1C, 0x70, 0xE3, 0x87, 0x7C, 0x3B, 0xC0, 0x18, 0x00, 0x0F, 0x0E, 0x1C, 0x00, 0xFF,
    0xFF, 0xFF, 0xE0, 0xE0, 0xE0, 0xE0, 0xE0, 0xE0, 0xE0, 0xE0, 0xE0, 0x00, 0x03, 0xF8, 0xFF, 0x3E,
    0x67, 0x00, 0xE0, 0x1F, 0xE7, 0xFC, 0x70, 0x0E, 0x01, 0xF3, 0x1F, 0xE1, 0xFC, 0x04, 0x00, 0x00,
    0x1F, 0x9F, 0xCE, 0x6F, 0x03, 0xC1, 0xF8, 0x7E, 0x0F, 0x81, 0xF9, 0xFF, 0xEF, 0xF0, 0xC0, 0xFF,
    0xFF, 0xFF, 0xFF, 0xF0, 0xDB, 0xFF, 0x80, 0x71, 0xC7, 0x1C, 0x71, 0xC7, 0x1C, 0x71, 0xC7, 0x1C,
    0x1C, 0x38, 0x70, 0xE1, 0xC3, 0x87, 0x0E, 0x1C, 0x38, 0x70, 0xE1, 0xDF, 0xBE, 0x38, 0x3F, 0xE0,
    0x1F, 0xF0, 0x0F, 0xF8, 0x07, 0x1C, 0x03, 0x8F, 0xE1, 0xC7, 0xF8, 0xE3, 0xFE, 0x71, 0xCF, 0x38,
    0xE7, 0xBC, 0x77, 0xFE, 0x3F, 0xDE, 0x1F, 0xC4, 0x00, 0x00, 0xE1, 0xC0, 0xE1, 0xC0, 0xE1, 0xC0,
    0xE1, 0xC0, 0xFF, 0xFC, 0xFF, 0xFE, 0xFF, 0xFF, 0xE1, 0xC7, 0xE1, 0xC7, 0xE1, 0xCF, 0xE1, 0xFF,
    0xE1, 0xFE, 0xFF, 0xCF, 0xFC, 0xFF, 0x81, 0xC0, 0x1F, 0xC1, 0xFE, 0x1F, 0xF1, 0xC7, 0x1C, 0x71,
    0xC7, 0x1C, 0x71, 0xC7, 0x07, 0x01, 0xC0, 0x70, 0x00, 0x0E, 0x1D, 0xC7, 0xB9, 0xE7, 0x38, 0xFE,
    0x1F, 0xC3, 0xF8, 0x77, 0x8E, 0x79, 0xCF, 0x38, 0xF7, 0x0F, 0x1C, 0x01, 0xC0, 0x1C, 0x00, 0x0E,
    0x1F, 0xC7, 0xF8, 0xFF, 0x3F, 0xE7, 0xFD, 0xDF, 0xBB, 0xFE, 0x7F, 0xCF, 0xF1, 0xFE, 0x3F, 0x87,
    0x3B, 0x87, 0xF0, 0x7C, 0x00, 0x0E, 0x0F, 0xE3, 0xDC, 0x73, 0xCE, 0x3B, 0x87, 0x70, 0x7C, 0x0F,
    0x80, 0xF0, 0x3C, 0x1F, 0x83, 0xE0, 0x20, 0x00, 0xE1, 0xFC, 0x3F, 0x87, 0xF0, 0xFE, 0x1F, 0xC3,
    0xF8, 0x7F, 0x0F, 0xE1, 0xFC, 0x3F, 0xFF, 0xFF, 0xF0, 0xE0, 0x1C, 0x03, 0x80, 0x0F, 0x01, 0xF0,
    0x1F, 0x81, 0xF8, 0x3B, 0x83, 0xBC, 0x39, 0xC7, 0xFC, 0x7F, 0xEF, 0xFE, 0xF0, 0xEE, 0x0F, 0xFF,
    0xBF, 0xEF, 0xF3, 0x80, 0xFC, 0x3F, 0xCF, 0xFB, 0x8E, 0xE3, 0xB9, 0xEF, 0xFB, 0xFC, 0xFF, 0x3F,
    0xEE, 0x7B, 0x8E, 0xFF, 0xBF, 0xCF, 0xFB, 0x8F, 0xE3, 0xF9, 0xFF, 0xFB, 0xFC, 0xFF, 0xFF, 0xFF,
    0xE0, 0xE0, 0xE0, 0xE0, 0xE0, 0xE0, 0xE0, 0xE0, 0xE0, 0x1F, 0xF0, 0xFF, 0x87, 0xFC, 0x39, 0xE1,
    0xCF, 0x1E, 0x78, 0xE3, 0xC7, 0x1E, 0x38, 0xF3, 0xC7, 0xBF, 0xFF, 0xFF, 0xFE, 0x03, 0xF0, 0x1F,
    0x80, 0xE0, 0xFF, 0xFF, 0xFE, 0xE0, 0xFE, 0xFF, 0xFE, 0xE0, 0xE0, 0xFE, 0xFF, 0xFF, 0xF1, 0xC7,
    0x38, 0xE7, 0x8E, 0x77, 0x87, 0xBB, 0x81, 0xFF, 0xC0, 0x7F, 0xC0, 0x7F, 0xE0, 0x3B, 0xF8, 0x3D,
    0xDE, 0x3C, 0xE7, 0x1C, 0x73, 0xDE, 0x38, 0xF0, 0x00, 0x3F, 0x9F, 0xEC, 0xF0, 0x38, 0xFC, 0xFC,
    0x7F, 0x07, 0x81, 0xD1, 0xFF, 0xFF, 0xF0, 0xC0, 0xE1, 0xFC, 0x7F, 0x8F, 0xF3, 0xFE, 0x7F, 0xDD,
    0xFB, 0xBF, 0xE7, 0xFC, 0xFF, 0x1F, 0xE3, 0xF8, 0x70, 0x3B, 0x87, 0xF0, 0x7C, 0x00, 0x0E, 0x1F,
    0xC7, 0xF8, 0xFF, 0x3F, 0xE7, 0xFD, 0xDF, 0xBB, 0xFE, 0x7F, 0xCF, 0xF1, 0xFE, 0x3F, 0x87, 0xE1,
    0xDC, 0x7B, 0x9E, 0x73, 0x8F, 0xE1, 0xFC, 0x3F, 0x87, 0x78, 0xE7, 0x9C, 0xF3, 0x8F, 0x70, 0xF0,
    0x3F, 0xE7, 0xFC, 0xFF, 0x9C, 0x73, 0x8E, 0x71, 0xCE, 0x39, 0xC7, 0x38, 0xEF, 0x1F, 0xE3, 0xF8,
    0x74, 0x00, 0xF0, 0x7F, 0xE1, 0xFF, 0x87, 0xFE, 0x3F, 0xFC, 0xFF, 0xF3, 0xFF, 0xDF, 0xFB, 0xFF,
    0xEF, 0xBF, 0xBE, 0xFE, 0x7B, 0xF9, 0xCF, 0xE1, 0xFC, 0x3F, 0x87, 0xF0, 0xFF, 0xFF, 0xFF, 0xFF,
    0xFF, 0x0F, 0xE1, 0xFC, 0x3F, 0x87, 0xF0, 0xF0, 0x00, 0x00, 0xFE, 0x0F, 0xF8, 0xFB, 0xE7, 0x07,
    0x38, 0x39, 0xC1, 0xDE, 0x0E, 0x70, 0x73, 0x83, 0x9F, 0x7C, 0x7F, 0xC1, 0xFC, 0x01, 0x00, 0xFF,
    0xFF, 0xFF, 0xFF, 0xF0, 0xFE, 0x1F, 0xC3, 0xF8, 0x7F, 0x0F, 0xE1, 0xFC, 0x3F, 0x87, 0xF0, 0xF0,
    0xFE, 0x7F, 0xBF, 0xFC, 0x7E, 0x3F, 0xFF, 0xFD, 0xFC, 0xE0, 0x70, 0x38, 0x1C, 0x00, 0x00, 0x03,
    0xF8, 0xFF, 0x3E, 0xE7, 0x80, 0xE0, 0x1C, 0x03, 0x80, 0x70, 0x0E, 0x01, 0xF3, 0x1F, 0xE1, 0xFC,
    0x04, 0x00, 0xFF, 0xFF, 0xFF, 0xF8, 0x70, 0x1C, 0x07, 0x01, 0xC0, 0x70, 0x1C, 0x07, 0x01, 0xC0,
    0x70, 0xE0, 0xFE, 0x3D, 0xC7, 0x3C, 0xE3, 0xB8, 0x77, 0x07, 0xC0, 0xF8, 0x0F, 0x03, 0xC1, 0xF8,
    0x3E, 0x02, 0x00, 0x01, 0x00, 0x07, 0x00, 0x7F, 0xC1, 0xFF, 0xC7, 0xFF, 0xCE, 0x73, 0x9C, 0xE7,
    0x39, 0xCE, 0x73, 0x9C, 0xFF, 0xF8, 0xFF, 0xE0, 0x7F, 0x00, 0x38, 0x00, 0x70, 0x00, 0xF1, 0xE7,
    0x1C, 0x7B, 0xC3, 0xF8, 0x1F, 0x01, 0xF0, 0x1F, 0x03, 0xF8, 0x3B, 0x87, 0xBC, 0x71, 0xEE, 0x0E,
    0xE1, 0xEE, 0x1E, 0xE1, 0xEE, 0x1E, 0xE1, 0xEE, 0x1E, 0xE1, 0xEE, 0x1E, 0xE1, 0xEE, 0x1E, 0xFF,
    0xFF, 0xFF, 0x00, 0x70, 0x07, 0x00, 0x70, 0xE1, 0xF8, 0x7E, 0x1F, 0x87, 0xE1, 0xFF, 0xFF, 0xFD,
    0xFF, 0x01, 0xC0, 0x70, 0x1C, 0x07, 0xE3, 0xCF, 0xE3, 0xCF, 0xE3, 0xCF, 0xE3, 0xCF, 0xE3, 0xCF,
    0xE3, 0xCF, 0xE3, 0xCF, 0xE3, 0xCF, 0xE3, 0xCF, 0xFF, 0xFF, 0xFF, 0xFF, 0xFF, 0xFF, 0xE3, 0x8F,
    0x71, 0xC7, 0xB8, 0xE3, 0xDC, 0x71, 0xEE, 0x38, 0xF7, 0x1C, 0x7B, 0x8E, 0x3D, 0xC7, 0x1E, 0xE3,
    0x8F, 0x7F, 0xFF, 0xBF, 0xFF, 0xFF, 0xFF, 0xF0, 0x00, 0x38, 0x00, 0x1C, 0x00, 0x0E, 0xFC, 0x0F,
    0xC0, 0xFC, 0x01, 0xC0, 0x1F, 0xC1, 0xFE, 0x1F, 0xF1, 0xC7, 0x1C, 0x71, 0xCF, 0x1F, 0xF1, 0xFE,
    0xE0, 0x3F, 0x01, 0xF8, 0x0F, 0xC0, 0x7F, 0xE3, 0xFF, 0xDF, 0xFE, 0xFC, 0x77, 0xE3, 0xBF, 0x3D,
    0xFF, 0xEF, 0xFE, 0x70, 0xE0, 0x70, 0x38, 0x1C, 0x0F, 0xE7, 0xFF, 0xFF, 0xC7, 0xE3, 0xF3, 0xFF,
    0xFF, 0xE0, 0x00, 0x1F, 0xC7, 0xF9, 0x9F, 0x01, 0xC7, 0xF3, 0xFC, 0xFF, 0x01, 0xC0, 0x74, 0x7D,
    0xFE, 0x7F, 0x06, 0x00, 0x00, 0x00, 0xE1, 0xF8, 0xE3, 0xFC, 0xE7, 0xBE, 0xE7, 0x0E, 0xFF, 0x0E,
    0xFE, 0x0E, 0xFE, 0x0E, 0xEF, 0x0E, 0xE7, 0x0E, 0xE7, 0x9E, 0xE7, 0xFC, 0xE3, 0xF8, 0x00, 0x40,
    0x1F, 0xCF, 0xF7, 0xFD, 0xC7, 0x71, 0xDF, 0xF3, 0xFC, 0x7F, 0x3D, 0xCE, 0x77, 0x9F, 0xC7, 0x1C,
    0x3F, 0x9F, 0xE0, 0x73, 0xFB, 0xFF, 0xCF, 0xE7, 0xFF, 0xBF, 0xC4, 0x00, 0x0F, 0x8F, 0xE3, 0xF9,
    0xE0, 0x7F, 0x1F, 0xEF, 0xFF, 0xC7, 0xF1, 0xDC, 0x77, 0x3D, 0xFE, 0x3F, 0x01, 0x00, 0x00, 0x7F,
    0xBF, 0xDC, 0xEF, 0xF7, 0xFB, 0xFD, 0xCF, 0xFF, 0x7F, 0x80, 0x01, 0xFF, 0xFF, 0x0E, 0x1C, 0x38,
    0x70, 0xE1, 0xC0, 0x00, 0x07, 0xF8, 0xFF, 0x1D, 0xE3, 0xBC, 0x77, 0x9E, 0xF3, 0x9E, 0xFF, 0xFF,
    0xFF, 0x83, 0xF0, 0x7E, 0x0E, 0x0C, 0x0F, 0xC7, 0xF9, 0xCE, 0xFF, 0xBF, 0xEF, 0x01, 0xC2, 0x7F,
    0x8F, 0xE0, 0x40, 0x00, 0x01, 0xE7, 0x39, 0xCE, 0xE1, 0xDF, 0xC3, 0xFF, 0x03, 0xFE, 0x0F, 0xFC,
    0x3D, 0xFC, 0x73, 0xBD, 0xE7, 0x38, 0x38, 0xFE, 0x7F, 0x07, 0x3F, 0x3E, 0x3F, 0x07, 0xFF, 0xFE,
    0x18, 0x00, 0x73, 0xF9, 0xFD, 0xFE, 0xFF, 0xFF, 0xEF, 0xF7, 0xF3, 0xF9, 0xC0, 0x77, 0x3F, 0x8F,
    0x80, 0x0E, 0x7F, 0x3F, 0xBF, 0xDF, 0xFF, 0xFD, 0xFE, 0xFE, 0x7F, 0x38, 0x00, 0x39, 0xEE, 0x73,
    0xB8, 0xFE, 0x3F, 0x0F, 0xE3, 0xBC, 0xE7, 0xB8, 0xE0, 0x00, 0x0F, 0xF3, 0xFC, 0xEF, 0x3B, 0xDC,
    0xF7, 0x3D, 0xCF, 0xF3, 0xFC, 0xF0, 0x00, 0x00, 0x0F, 0x0F, 0xF9, 0xFF, 0x9F, 0xF9, 0xFF, 0xFF,
    0xFF, 0xFE, 0xF7, 0xEF, 0x7E, 0x67, 0x00, 0x71, 0xF8, 0xFC, 0x7F, 0xFF, 0xFF, 0xFF, 0xC7, 0xE3,
    0xF1, 0xC0, 0x0C, 0x0F, 0xC7, 0xF9, 0xCF, 0xF1, 0xFC, 0x7F, 0x1D, 0xCF, 0x7F, 0x8F, 0xC0, 0x40,
    0x00, 0x7F, 0xFF, 0xFC, 0x7E, 0x3F, 0x1F, 0x8F, 0xC7, 0xE3, 0xF1, 0xC0, 0x0C, 0x7F, 0xBF, 0xFE,
    0x7E, 0x3F, 0x1F, 0x8F, 0xEF, 0xFF, 0xFF, 0xB9, 0x1C, 0x0E, 0x07, 0x00, 0x0E, 0x1F, 0x9F, 0xCE,
    0x0F, 0x07, 0x83, 0xC0, 0xE2, 0x7F, 0x1F, 0x81, 0x00, 0x00, 0x7F, 0xFF, 0xE3, 0x81, 0xC0, 0xE0,
    0x70, 0x38, 0x1C, 0x0E, 0x00, 0x00, 0x0E, 0x3D, 0xE7, 0x1C, 0xE3, 0xBC, 0x7F, 0x07, 0xE0, 0xF8,
    0x0F, 0x01, 0xE0, 0x38, 0x0F, 0x07, 0xC0, 0xF0, 0x00, 0x07, 0x00, 0x38, 0x01, 0xC0, 0x0F, 0x03,
    0xFE, 0x3F, 0xF9, 0xDD, 0xFE, 0xE7, 0xF7, 0x3F, 0xB9, 0xDD, 0xDE, 0xFF, 0xE3, 0xFE, 0x03, 0x80,
    0x1C, 0x00, 0xE0, 0x07, 0x00, 0x00, 0x3C, 0xE7, 0x78, 0xFC, 0x3E, 0x07, 0x83, 0xF1, 0xFC, 0x77,
    0xBC, 0xF0, 0x00, 0x39, 0xEE, 0x7B, 0x9E, 0xE7, 0xB9, 0xEE, 0x7B, 0x9E, 0xFF, 0xFF, 0xF0, 0x1C,
    0x07, 0x01, 0xC0, 0x00, 0x73, 0xF9, 0xFC, 0xFE, 0x7F, 0xFD, 0xFE, 0x0F, 0x07, 0x83, 0xC0, 0x00,
    0x03, 0x9E, 0x7E, 0x79, 0xF9, 0xE7, 0xE7, 0x9F, 0x9E, 0x7E, 0x79, 0xF9, 0xE7, 0xFF, 0xFF, 0xFF,
    0xF0, 0x00, 0x01, 0xCF, 0x3B, 0x9E, 0x77, 0x3C, 0xEE, 0x79, 0xDC, 0xF3, 0xB9, 0xE7, 0x73, 0xCE,
    0xFF, 0xFF, 0xFF, 0xFC, 0x00, 0x38, 0x00, 0x70, 0x00, 0xE0, 0x00, 0x1F, 0x83, 0xF0, 0x1F, 0x03,
    0xFC, 0x7F, 0xCF, 0x39, 0xEF, 0x3F, 0xE7, 0xF8, 0x00, 0x0E, 0x07, 0xE0, 0x7F, 0x87, 0xFF, 0x7F,
    0xF7, 0xE7, 0x7E, 0x77, 0xFF, 0x7F, 0xE7, 0x00, 0x70, 0x38, 0x1F, 0x0F, 0xF7, 0xFB, 0x9F, 0xCE,
    0xFF, 0x7F, 0x00, 0x38, 0x7F, 0x1F, 0xC0, 0xE3, 0xF1, 0xF8, 0xFC, 0x1E, 0xFF, 0x7F, 0x04, 0x00,
    0x01, 0x87, 0x3F, 0x3B, 0xFD, 0xDC, 0xFF, 0xE3, 0xFF, 0x1F, 0xF9, 0xFD, 0xCF, 0xEF, 0xF7, 0x3F,
    0x00, 0x20, 0x00, 0x1F, 0xDF, 0xEE, 0x77, 0x3B, 0xFC, 0xFE, 0xF7, 0x73, 0xF9, 0xC0, 0x3C, 0x07,
    0x00, 0xE0, 0x30, 0x3F, 0x1F, 0xE7, 0x3B, 0xFE, 0xFF, 0xBC, 0x07, 0x09, 0xFE, 0x3F, 0x81, 0x00,
    0x33, 0x0F, 0xC3, 0xF0, 0x30, 0x3F, 0x1F, 0xE7, 0x3B, 0xFE, 0xFF, 0xBC, 0x07, 0x09, 0xFE, 0x3F,
    0x81, 0x00, 0x70, 0x3F, 0x8F, 0xE3, 0xF8, 0x77, 0x9F, 0xE7, 0xFD, 0xC7, 0x71, 0xDC, 0x77, 0x1D,
    0xC7, 0x71, 0xC0, 0x70, 0x3C, 0x3F, 0x0F, 0x80, 0x1E, 0x38, 0xE0, 0x0F, 0xFF, 0xF8, 0x70, 0xE1,
    0xC3, 0x87, 0x0E, 0x00, 0x0E, 0x1F, 0x9F, 0xCE, 0x0F, 0xE7, 0xF3, 0xF8, 0xE0, 0x7F, 0x1F, 0x81,
    0x00, 0x1C, 0x7F, 0xFE, 0xF0, 0x7C, 0x7E, 0x1F, 0x47, 0xFF, 0xFE, 0x18, 0xFF, 0x8F, 0xFF, 0xFF,
    0xFE, 0xDF, 0xFE, 0x07, 0x39, 0xCE, 0x73, 0x9C, 0xE7, 0x00, 0x39, 0xCE, 0x03, 0x9C, 0xE7, 0x39,
    0xCE, 0x73, 0x9C, 0xFF, 0xF0, 0x00, 0x00, 0x7F, 0x00, 0xFE, 0x01, 0xDF, 0x03, 0xBF, 0xC7, 0x7F,
    0x8E, 0xE7, 0xB9, 0xCF, 0xF3, 0xFD, 0xE7, 0xF0, 0x00, 0x00, 0x00, 0x03, 0x8E, 0x0E, 0x38, 0x38,
    0xE0, 0xFF, 0xFB, 0xFF, 0xFE, 0x3B, 0xF8, 0xE7, 0xE3, 0xFF, 0x8F, 0xE0, 0x70, 0x3F, 0x8F, 0xE3,
    0xF8, 0x77, 0x9F, 0xE7, 0xFD, 0xC7, 0x71, 0xDC, 0x77, 0x1D, 0xC7, 0x71, 0xC0, 0x07, 0x03, 0x81,
    0xC0, 0x00, 0xE7, 0xB9, 0xCE, 0xE3, 0xF8, 0xFC, 0x3F, 0x8E, 0xF3, 0x9E, 0xE3, 0x80, 0x38, 0x1E,
    0x03, 0x00, 0x0E, 0x7F, 0x3F, 0xBF, 0xDF, 0xFF, 0xFD, 0xFE, 0xFE, 0x7F, 0x38, 0x39, 0xC3, 0xF0,
    0x3C, 0x00, 0x07, 0x1E, 0xF3, 0x8E, 0x71, 0xDE, 0x3F, 0x83, 0xF0, 0x7C, 0x07, 0x80, 0xF0, 0x1C,
    0x07, 0x83, 0xE0, 0x78, 0x00, 0x00, 0x71, 0xF8, 0xFC, 0x7E, 0x3F, 0x1F, 0x8F, 0xC7, 0xFF, 0xFF,
    0xC7, 0x03, 0x81, 0xC0, 0xE3, 0x87, 0xE3, 0xC7, 0xF3, 0xCF, 0xF3, 0xCF, 0x73, 0xCF, 0x73, 0xCE,
    0x77, 0xCE, 0x7F, 0xEE, 0x3F, 0xFE, 0x3E, 0xFC, 0x1E, 0x7C, 0x1E, 0x78, 0x00, 0x01, 0xC7, 0x3B,
    0x8E, 0x77, 0x9C, 0xEF, 0x39, 0xCE, 0xFB, 0x9D, 0xFE, 0x1F, 0xFC, 0x3E, 0xF0, 0x39, 0xE0, 0x38,
    0x1F, 0xE3, 0xFC, 0x7F, 0x83, 0xF0, 0x7F, 0x8F, 0xF1, 0xCF, 0x38, 0xE7, 0x7C, 0xFF, 0x1F, 0xC0,
    0x38, 0x07, 0x03, 0xFC, 0x7F, 0x83, 0x80, 0x7F, 0x0F, 0xF1, 0xFF, 0x39, 0xE7, 0xF8, 0xFF, 0x00,
    0x00, 0x01, 0xC3, 0xFB, 0x8F, 0xF7, 0x3E, 0xEE, 0x70, 0x1F, 0xFE, 0x3F, 0xFE, 0x7F, 0xFC, 0xEF,
    0x01, 0xCE, 0x03, 0x9E, 0x37, 0x1F, 0xEE, 0x1F, 0xC0, 0x04, 0x00, 0x00, 0xCE, 0x3F, 0xE7, 0xFE,
    0xF0, 0xFF, 0xEF, 0xFE, 0xFF, 0xEE, 0xF1, 0xE7, 0xFE, 0x3F, 0x00, 0xC0, 0x0F, 0x00, 0x7C, 0x07,
    0xE0, 0x3F, 0x03, 0x9C, 0x1F, 0xE0, 0xFF, 0x0E, 0xFC, 0x77, 0xE3, 0xBB, 0xB9, 0xDD, 0xCE, 0xE0,
    0x00, 0x03, 0xC0, 0x7C, 0x1F, 0x83, 0xF8, 0x7F, 0x1F, 0xF3, 0xFE, 0xEF, 0xDD, 0xDC, 0xE0, 0xF0,
    0xE1, 0xF0, 0xE1, 0xF8, 0xE3, 0xB8, 0xFF, 0xB8, 0xFF, 0xFC, 0xFF, 0xFC, 0xE7, 0xFC, 0xE7, 0xEE,
    0xEE, 0xEE, 0xEE, 0xEF, 0xFE, 0xE7, 0x00, 0x01, 0xC3, 0xC3, 0x8F, 0x87, 0x1F, 0x8F, 0xFF, 0x1F,
    0xFF, 0x3F, 0xFE, 0x77, 0xFC, 0xEF, 0xDD, 0xFB, 0xB8, 0x7F, 0xF1, 0xFF, 0xC3, 0xFE, 0x07, 0x78,
    0x0F, 0xC0, 0x7F, 0x83, 0xFE, 0x1F, 0xFC, 0x77, 0x71, 0xDD, 0xEF, 0x73, 0xB9, 0xCE, 0x00, 0x1F,
    0xF9, 0xFE, 0x1F, 0xC3, 0xF0, 0x7F, 0x1F, 0xE3, 0x7E, 0xEF, 0xDD, 0xD8, 0xE7, 0xFF, 0x73, 0xFF,
    0xB9, 0xFF, 0x9C, 0x7B, 0x8F, 0xFF, 0x87, 0xFF, 0xE3, 0xFF, 0xF9, 0xCF, 0xFC, 0xE7, 0x77, 0x77,
    0xBB, 0xBB, 0x9D, 0xDD, 0xCE, 0xF0, 0x00, 0x03, 0xBF, 0xEE, 0xFF, 0xB9, 0xDC, 0xFF, 0xE3, 0xFF,
    0xCF, 0xFF, 0xBB, 0xFE, 0xED, 0xDB, 0xF7, 0x70, 0x31, 0x8F, 0xE1, 0xF1, 0xFE, 0xFF, 0x98, 0xF0,
    0x1C, 0x7E, 0x3F, 0x0F, 0xE0, 0x3C, 0x07, 0x03, 0xDF, 0xFF, 0xFB, 0xF0, 0xFF, 0x3F, 0xE3, 0xF8,
    0x01, 0x3B, 0xCF, 0x8F, 0xE7, 0xF8, 0x1C, 0xFC, 0x7E, 0x0F, 0x81, 0xDF, 0xFF, 0xEF, 0x87, 0xF3,
    0xFC, 0xFE, 0xE7, 0x3F, 0x39, 0xF9, 0xCF, 0xCE, 0x7E, 0x73, 0xF3, 0xBB, 0xFF, 0xCF, 0xFE, 0x3F,
    0xE0, 0x38, 0x01, 0xC0, 0x0E, 0x00, 0x0E, 0x00, 0xF0, 0x0F, 0x00, 0xF0, 0xEF, 0xFE, 0xF7, 0xEF,
    0x7E, 0xF7, 0xEF, 0x7E, 0xF7, 0xFF, 0xFF, 0xFE, 0x7F, 0xC0, 0xF0, 0x0F, 0x00, 0xF0, 0x0F, 0x00,
    0x00, 0x00, 0xFE, 0x0F, 0xF8, 0xF1, 0xE7, 0x07, 0x38, 0x39, 0xFF, 0xEF, 0xFF, 0x70, 0x7B, 0x83,
    0x9E, 0x3C, 0x7F, 0xC1, 0xFC, 0x01, 0x00, 0x0C, 0x0F, 0xC7, 0xF9, 0xCF, 0xFF, 0xFF, 0xFF, 0xFD,
    0xCF, 0x7F, 0x8F, 0xC0, 0x40, 0xE0, 0xFE, 0x0F, 0xF1, 0xF7, 0x1C, 0x71, 0xC7, 0xB8, 0x3B, 0x83,
    0xB8, 0x3F, 0x01, 0xF0, 0x1F, 0x01, 0xE0, 0x00, 0x9C, 0x3B, 0x8F, 0x39, 0xC7, 0x78, 0xEE, 0x0F,
    0xC1, 0xF0, 0x1E, 0x03, 0xC0, 0x7E, 0x03, 0xF0, 0x1B, 0x00, 0x00, 0xE0, 0xFE, 0x0F, 0xF1, 0xF7,
    0x1C, 0x71, 0xC7, 0xB8, 0x3B, 0x83, 0xB8, 0x3F, 0x01, 0xF0, 0x1F, 0x01, 0xE0, 0xFE, 0x0F, 0xC0,
    0xDC, 0x00, 0x4E, 0x1D, 0xC7, 0x9C, 0xE3, 0xBC, 0x77, 0x07, 0xE0, 0xF8, 0x0F, 0x01, 0xE0, 0x00,
    0x00, 0x00, 0x7F, 0x00, 0x03, 0xFE, 0x00, 0x1F, 0x78, 0x00, 0x70, 0xFF, 0x1D, 0xC1, 0xDC, 0xF7,
    0x07, 0x73, 0x9C, 0x1C, 0xEE, 0x70, 0x73, 0xF9, 0xC3, 0xCF, 0xC7, 0x9E, 0x1F, 0x0F, 0xF8, 0x7C,
    0x1F, 0xC0, 0xE0, 0x08, 0x03, 0x80, 0x00, 0x1C, 0x00, 0x01, 0xF0, 0x00, 0x07, 0x80, 0x0C, 0x00,
    0x03, 0xF3, 0x8F, 0x7F, 0xBC, 0xE7, 0x3D, 0xCE, 0xF1, 0xDD, 0xEF, 0x1C, 0xFC, 0xF1, 0xCF, 0xC7,
    0x3C, 0xFC, 0x7F, 0x87, 0x83, 0xF0, 0x78, 0x04, 0x07, 0x00, 0x00, 0xF0, 0x00, 0x3E, 0x00, 0x03,
    0xE0, 0x03, 0x00, 0xFF, 0x0F, 0xFC, 0xFF, 0xF7, 0x87, 0xB8, 0x1D, 0xC0, 0xEE, 0x07, 0x70, 0x3B,
    0xC3, 0xDF, 0xFE, 0x7F, 0xE1, 0xFE, 0x03, 0x80, 0x00, 0x00, 0x00, 0x01, 0xC0, 0xFE, 0x3F, 0xE7,
    0x7F, 0xE1, 0xFC, 0x3B, 0x87, 0x7F, 0xEF, 0xF8, 0xFE, 0x07, 0x00, 0x03, 0xE0, 0x00, 0xFE, 0x00,
    0x3F, 0x80, 0x07, 0x80, 0x00, 0xC0, 0x00, 0x70, 0x01, 0xF3, 0xE0, 0xFC, 0xFC, 0x7B, 0x37, 0x9C,
    0x00, 0xE7, 0x00, 0x39, 0xC0, 0x0F, 0x71, 0xE3, 0xDC, 0x78, 0xE7, 0x1E, 0x39, 0xF7, 0xBE, 0x3F,
    0xFF, 0x07, 0xFF, 0x80, 0x61, 0x80, 0x03, 0x00, 0x1F, 0xC0, 0x3F, 0x80, 0x7F, 0x00, 0x38, 0x00,
    0x70, 0x03, 0x8C, 0x1F, 0x7E, 0x7E, 0x7E, 0xE0, 0x3F, 0xC0, 0x3F, 0x9C, 0x7F, 0x38, 0xEE, 0x7B,
    0xDF, 0xFF, 0x9F, 0xFE, 0x08, 0x20, 0x00, 0x00, 0x0F, 0xF0, 0x07, 0xE0, 0x00, 0x00, 0xE3, 0x87,
    0xE3, 0xC7, 0xF3, 0xCF, 0xF3, 0xCF, 0x73, 0xCF, 0x73, 0xCE, 0x77, 0xCE, 0x7F, 0xEE, 0x3F, 0xFE,
    0x3E, 0xFC, 0x1E, 0x7C, 0x1E, 0x78, 0x0F, 0xE0, 0x3F, 0xC0, 0x2D, 0x00, 0x00, 0x0E, 0x39, 0xDC,
    0x73, 0xBC, 0xE7, 0x79, 0xCE, 0x77, 0xDC, 0xEF, 0xF0, 0xFF, 0xE1, 0xF7, 0x81, 0xCF, 0x00, 0x00,
    0x03, 0xFC, 0xFF, 0xBE, 0x67, 0x80, 0xE0, 0x1C, 0x03, 0x80, 0x70, 0x0E, 0x01, 0xF0, 0x1F, 0xE1,
    0xFC, 0x07, 0x80, 0x70, 0x0E, 0x01, 0xC0, 0x0E, 0x1F, 0x9F, 0xCE, 0x0F, 0x07, 0x83, 0xC0, 0xE0,
    0x7F, 0x1F, 0x83, 0xC0, 0xE0, 0x70, 0x38, 0x01, 0x00, 0xE1, 0xF0, 0x3C, 0x07, 0x93, 0x67, 0xC0,
    0xF0, 0x3E, 0x0D, 0x82, 0x00, 0x00, 0x01, 0xFF, 0xFE, 0x00, 0x1D, 0xFF, 0xD8, 0x5F, 0xF0, 0x5D,
    0xF0, 0x30, 0x7E, 0xFF, 0x46, 0x00, 0x00, 0x00, 0x0F, 0x00, 0x00, 0x90, 0x00, 0x80, 0x10, 0x3C,
    0x07, 0xC2, 0x60, 0x6C, 0x00, 0x00, 0x00, 0x00, 0x00, 0x70, 0x00, 0xEF, 0x80, 0x1F, 0xC8, 0x01,
    0x30, 0x00, 0x00, 0x00, 0x00, 0x01, 0xC0, 0x38, 0x3E, 0x07, 0xC2, 0x40, 0x44, 0x00, 0xF0, 0x00,
    0x0F, 0x00, 0x00, 0x00, 0x00, 0x00, 0x20, 0x00, 0x06, 0x00, 0x08, 0x60, 0x01, 0x86, 0x18, 0x0C,
    0x07, 0x80, 0xC0, 0x70, 0x04, 0x00, 0x00, 0x00, 0x00, 0x60, 0x01, 0x87, 0x80, 0x1E, 0x18, 0x00,
    0x60, 0x00, 0x00, 0x00, 0x00, 0x00, 0x40, 0x30, 0x0E, 0x03, 0x01, 0xC6, 0x30, 0x00, 0x61, 0x80,
    0x06, 0x00, 0x00, 0x40, 0x00, 0x39, 0xC0, 0xFF, 0x03, 0xF8, 0x01, 0x00, 0xE0, 0xF3, 0x87, 0xCE,
    0x3F, 0x38, 0xFC, 0xE7, 0x73, 0xBD, 0xCE, 0xE7, 0x3F, 0x9C, 0xFC, 0x73, 0xE1, 0xFF, 0x87, 0xFC,
    0x1F, 0x00, 0x1C, 0x00, 0xE0, 0x03, 0x80, 0x0E, 0x00, 0x03, 0x9C, 0x1F, 0xE0, 0x7E, 0x00, 0x00,
    0x71, 0xE3, 0x9F, 0x1C, 0xF8, 0xEF, 0xC7, 0xFE, 0x3F, 0x71, 0xF3, 0x8F, 0x9F, 0x78, 0xF8, 0x01,
    0xC0, 0x0E, 0x00, 0xF0, 0x03, 0x00, 0x70, 0x3F, 0x8F, 0xE3, 0xF8, 0x7E, 0x1F, 0xE7, 0xFD, 0xC7,
    0x71, 0xDC, 0xF7, 0xFD, 0xFE, 0x70, 0x1C, 0x0F, 0xE3, 0xF8, 0x70, 0x1C, 0x07, 0x01, 0xFC, 0x7F,
    0xDF, 0xF7, 0x1D, 0xFF, 0x7F, 0x80, 0xFE, 0x7F, 0xBF, 0xFC, 0x7E, 0xFF, 0xFF, 0xFD, 0xFE, 0xE3,
    0x70, 0x38, 0x1C, 0x00, 0x0C, 0x7F, 0xBF, 0xFE, 0xFE, 0x3F, 0x1F, 0xBF, 0xFF, 0xFF, 0xFF, 0xB9,
    0xFC, 0x0E, 0x07, 0x00, 0x03, 0x81, 0xC0, 0xFF, 0xFF, 0xFF, 0xFB, 0x81, 0xC0, 0xE0, 0x70, 0x38,
    0x1C, 0x0E, 0x07, 0x03, 0x80, 0x0E, 0x1C, 0x3F, 0xFF, 0xFC, 0x38, 0x70, 0xE1, 0xC3, 0x87, 0x00,
    0x7F, 0xBF, 0xDF, 0xEE, 0x07, 0x07, 0xFB, 0xFC, 0xFC, 0x70, 0x38, 0x1C, 0x0E, 0x00, 0x00, 0x7F,
    0x7F, 0x70, 0xFC, 0xFE, 0xFE, 0x70, 0x70, 0x70, 0xFF, 0x1F, 0xE3, 0xFC, 0x70, 0x0E, 0x01, 0xFE,
    0x3F, 0xE7, 0xFE, 0xE3, 0xDC, 0x3F, 0x83, 0xF0, 0x70, 0x1E, 0x37, 0x87, 0xF0, 0xFC, 0x06, 0x00,
    0x00, 0x7F, 0x3F, 0x9C, 0x0F, 0x87, 0xF3, 0xFD, 0xCF, 0xE3, 0xF1, 0xC0, 0xE4, 0xF3, 0xF1, 0xF0,
    0x00, 0xF3, 0x8F, 0x39, 0xC7, 0x1E, 0xE7, 0x07, 0xF7, 0x81, 0xFF, 0x80, 0x7F, 0x80, 0x7F, 0xC0,
    0x3F, 0x70, 0x3B, 0xBC, 0x3D, 0xCF, 0xDC, 0xE3, 0xFC, 0x71, 0xF0, 0x00, 0x38, 0x00, 0x1C, 0x00,
    0x0E, 0x00, 0x07, 0x00, 0x00, 0x3C, 0xE7, 0x0F, 0x77, 0x83, 0xBF, 0x80, 0xFF, 0x80, 0x7F, 0xC0,
    0x7F, 0xF0, 0x7B, 0xB8, 0x39, 0xDF, 0xBC, 0xE7, 0xC0, 0x00, 0xE0, 0x00, 0x70, 0x00, 0x38, 0x00,
    0x18, 0x00, 0x3F, 0x9F, 0xEC, 0xF0, 0x38, 0xFC, 0xFC, 0x7F, 0x07, 0x81, 0xD1, 0xFF, 0xFF, 0xF0,
    0xE0, 0x18, 0x3C, 0x1E, 0x00, 0x38, 0xFE, 0x7F, 0x07, 0x3F, 0x3E, 0x3F, 0x07, 0xFF, 0xFE, 0x1C,
    0x0C, 0x3C, 0x3C, 0xE1, 0xCE, 0x38, 0xE7, 0x8E, 0xF0, 0xEE, 0x0F, 0xC0, 0xFE, 0x0E, 0xE0, 0xEF,
    0x0E, 0x7E, 0xE3, 0xFE, 0x1F, 0x00, 0xF0, 0x0F, 0x00, 0xF0, 0x07, 0x00, 0x39, 0xEE, 0xF3, 0xB8,
    0xFC, 0x3F, 0x0F, 0xE3, 0xBC, 0xE7, 0xF8, 0xF0, 0x1C, 0x07, 0x01, 0xC0, 0x70, 0xE3, 0xDD, 0xF3,
    0xBE, 0x77, 0x8F, 0xE1, 0xF8, 0x3F, 0x87, 0xF0, 0xEF, 0x1D, 0xF3, 0xAF, 0x71, 0xE0, 0x00, 0x3F,
    0xEF, 0xF3, 0xF8, 0xFC, 0x3F, 0x0F, 0xE3, 0xFC, 0xFF, 0x3A, 0xE0, 0x70, 0xEF, 0xDE, 0xFF, 0xC7,
    0xF8, 0x7F, 0x07, 0xF0, 0x7F, 0x07, 0x78, 0x73, 0xC7, 0x3C, 0x71, 0xE7, 0x0F, 0x70, 0x1F, 0x83,
    0xF8, 0x7E, 0x07, 0x3C, 0xE7, 0x1D, 0xC3, 0xF8, 0x7E, 0x0F, 0xE1, 0xDE, 0x39, 0xE7, 0x1C, 0xFC,
    0x77, 0xE7, 0xBF, 0x78, 0x7F, 0x83, 0xF8, 0x1F, 0x80, 0xFE, 0x07, 0xF0, 0x3D, 0xC1, 0xEF, 0x0F,
    0x3C, 0x78, 0xE0, 0x00, 0x0F, 0xCE, 0xFD, 0xC1, 0xFC, 0x1F, 0x81, 0xF0, 0x1F, 0x81, 0xFC, 0x1D,
    0xE1, 0xCF, 0xE1, 0xE7, 0x0F, 0x38, 0x79, 0xC3, 0xCF, 0xFE, 0x7F, 0xF3, 0xFF, 0x9C, 0x3C, 0xE1,
    0xE7, 0x0F, 0xB8, 0x7F, 0xC3, 0xF0, 0x03, 0x80, 0x1C, 0x00, 0xE0, 0x07, 0x00, 0x1C, 0x73, 0x8E,
    0x71, 0xCF, 0xF9, 0xFF, 0x3F, 0xE7, 0x1C, 0xE3, 0xFC, 0x7C, 0x03, 0x80, 0x70, 0x0E, 0x00, 0xC0,
    0xE1, 0xFF, 0x0F, 0xF8, 0x7F, 0xC3, 0xCF, 0xFE, 0x7F, 0xF3, 0xFF, 0x9C, 0x3C, 0xE1, 0xE7, 0x0F,
    0x38, 0x79, 0xC3, 0xC0, 0x00, 0x0E, 0x3F, 0xE3, 0xFE, 0x38, 0xFF, 0x8F, 0xF8, 0xFF, 0x8E, 0x38,
    0xE3, 0x8E, 0x38, 0xFF, 0xC0, 0x7F, 0xE0, 0x3F, 0xF0, 0x1C, 0x38, 0x0E, 0x1C, 0x07, 0x0F, 0xE3,
    0x87, 0xFD, 0xC3, 0xFE, 0xE1, 0xC7, 0xF0, 0xE1, 0xF8, 0x70, 0xFC, 0x38, 0x70, 0x00, 0x38, 0x01,
    0x7C, 0x01, 0xFC, 0x00, 0x7C, 0x00, 0x18, 0x00, 0x00, 0x03, 0xFE, 0x0F, 0xF8, 0x39, 0xE0, 0xE7,
    0xC3, 0x9F, 0xCE, 0x7F, 0xB9, 0xEE, 0xE7, 0xBF, 0x9E, 0xF0, 0x03, 0xC0, 0x5E, 0x01, 0xF8, 0x07,
    0xC0, 0x00, 0x00, 0x00, 0x00, 0xF8, 0x0F, 0xC0, 0xF3, 0x87, 0x3E, 0x39, 0xF9, 0xDD, 0xCE, 0xEE,
    0x77, 0x73, 0x9F, 0x9F, 0xFC, 0x7F, 0xF1, 0xFF, 0x81, 0x3C, 0x0C, 0x07, 0xC1, 0xF8, 0x3B, 0xEF,
    0x7D, 0xFD, 0xBF, 0xB3, 0xBE, 0x7F, 0xC7, 0xFC, 0x37, 0x80, 0x00, 0x03, 0xF8, 0xFF, 0x3E, 0xE7,
    0x80, 0xE0, 0x1C, 0x03, 0x80, 0x70, 0x0E, 0x01, 0xF3, 0x1F, 0xE1, 0xFC, 0x0E, 0x00, 0xC0, 0x78,
    0x0F, 0x00, 0x0E, 0x1F, 0x9F, 0xCE, 0x0F, 0x07, 0x83, 0xC0, 0xE2, 0x7F, 0x1F, 0x83, 0x80, 0xC1,
    0xE0, 0xF0, 0xFF, 0xFF, 0xFF, 0xF8, 0x70, 0x1C, 0x07, 0x01, 0xC0, 0x70, 0x1C, 0x07, 0xC1, 0xF8,
    0x7E, 0x03, 0x80, 0xE0, 0x38, 0x0E, 0x00, 0x7F, 0xFF, 0xE3, 0x81, 0xC0, 0xE0, 0x70, 0x38, 0x1F,
    0x0F, 0x81, 0xC0, 0xE0, 0x70, 0x18, 0xE1, 0xFE, 0x39, 0xCF, 0x3D, 0xC3, 0xF0, 0x7E, 0x07, 0x80,
    0x70, 0x0E, 0x01, 0xC0, 0x38, 0x07, 0x00, 0x00, 0x38, 0xFF, 0x39, 0xCE, 0x77, 0x9F, 0xC3, 0xF0,
    0xF8, 0x1E, 0x07, 0x81, 0xC0, 0x70, 0x1C, 0x07, 0x00, 0xE1, 0xFE, 0x39, 0xCF, 0x3D, 0xC3, 0xF0,
    0x7E, 0x07, 0x83, 0xFC, 0x7F, 0x8F, 0xF0, 0x38, 0x07, 0x00, 0x00, 0x38, 0xFF, 0x39, 0xCE, 0x77,
    0x9F, 0xC3, 0xF0, 0xF8, 0x1E, 0x07, 0x87, 0xF9, 0xFE, 0x1C, 0x07, 0x00, 0xF1, 0xE3, 0x8E, 0x1E,
    0xF0, 0x7F, 0x01, 0xF0, 0x0F, 0x80, 0x7C, 0x07, 0xF0, 0x3B, 0x83, 0xDF, 0x9C, 0x7D, 0xC1, 0xE0,
    0x07, 0x00, 0x38, 0x01, 0xC0, 0x0E, 0x00, 0x1E, 0x79, 0xFE, 0x1F, 0x83, 0xF0, 0x3C, 0x0F, 0xC3,
    0xF8, 0x77, 0xFE, 0x7C, 0x03, 0x80, 0x70, 0x0E, 0x01, 0x80, 0xFF, 0xF8, 0xFF, 0xF8, 0xFF, 0xB8,
    0x1C, 0x38, 0x1C, 0x38, 0x1C, 0x38, 0x1C, 0x38, 0x1C, 0x38, 0x1C, 0x38, 0x1C, 0x3E, 0x1F, 0xFF,
    0x1F, 0xFF, 0x00, 0x0F, 0x00, 0x0F, 0x00, 0x0F, 0x00, 0x0E, 0x00, 0x07, 0xFF, 0x3F, 0xF8, 0x71,
    0xC3, 0x8E, 0x1C, 0x70, 0xE3, 0x87, 0x1C, 0x3F, 0xF9, 0xFF, 0xC0, 0x0E, 0x00, 0x70, 0x03, 0x80,
    0x0C, 0x70, 0xE1, 0xC3, 0x87, 0x0E, 0x1C, 0x38, 0x70, 0xE1, 0xC7, 0x87, 0xFE, 0x0F, 0xF8, 0x00,
    0xE0, 0x03, 0xE0, 0x0F, 0x80, 0x3E, 0x00, 0x38, 0x00, 0xE0, 0x03, 0x80, 0x0E, 0x00, 0x1C, 0x73,
    0x8E, 0x71, 0xCE, 0x39, 0xFF, 0x3F, 0xE1, 0x9C, 0x03, 0xE0, 0x7C, 0x03, 0x80, 0x70, 0x0E, 0x00,
    0xC0, 0xE1, 0xF8, 0x7E, 0x1F, 0xB7, 0xED, 0xFF, 0xFF, 0xFD, 0xFF, 0x0D, 0xC3, 0x70, 0xDC, 0x07,
    0x00, 0x1C, 0x77, 0x1D, 0xF7, 0x7D, 0xDF, 0xF7, 0xFC, 0x77, 0x0D, 0xC0, 0x70, 0xE0, 0x1C, 0x03,
    0x80, 0x70, 0x0F, 0xF9, 0xFF, 0xBE, 0xFF, 0x0F, 0xE1, 0xFC, 0x3F, 0x87, 0xF0, 0xF0, 0xE0, 0x70,
    0x38, 0x1D, 0x8F, 0xF7, 0xFF, 0xCF, 0xC7, 0xE3, 0xF1, 0xF8, 0xFC, 0x7E, 0x38, 0x00, 0x00, 0x0F,
    0xE0, 0x3F, 0xE0, 0x79, 0xEF, 0xE1, 0xDF, 0xFF, 0xFF, 0xFF, 0xFF, 0xFF, 0x1C, 0x00, 0x3C, 0x00,
    0x3C, 0x70, 0x7F, 0xE0, 0x7F, 0xC0, 0x18, 0x00, 0x01, 0x80, 0x3F, 0x03, 0xFC, 0xDC, 0xE7, 0xFF,
    0x3F, 0xF8, 0x78, 0x01, 0xC2, 0x0F, 0xF0, 0x3F, 0x80, 0x20, 0x00, 0x00, 0x0F, 0xE0, 0x3F, 0xE0,
    0x79, 0xEF, 0xE1, 0xDF, 0xFF, 0xFF, 0xFF, 0xFF, 0xFF, 0x1C, 0x00, 0x3C, 0x00, 0x3C, 0x70, 0x7F,
    0xE0, 0x7F, 0xC0, 0x3C, 0x00, 0x78, 0x00, 0xF0, 0x00, 0xC0, 0x01, 0x80, 0x3F, 0x03, 0xFC, 0xDC,
    0xE7, 0xFF, 0x3F, 0xF8, 0x78, 0x01, 0xC2, 0x0F, 0xF0, 0x3F, 0x80, 0x70, 0x03, 0x80, 0x1C, 0x00,
    0xC0, 0xFF, 0xF3, 0x8E, 0x38, 0xE3, 0x8E, 0x38, 0xEF, 0xFF, 0x07, 0x70, 0x03, 0xF8, 0x00, 0xF8,
    0x00, 0x00, 0x0F, 0x1C, 0x73, 0x8E, 0x78, 0xE7, 0x78, 0x7B, 0xB8, 0x1F, 0xFC, 0x07, 0xFC, 0x07,
    0xFE, 0x03, 0xBF, 0x83, 0xDD, 0xE3, 0xCE, 0x71, 0xC7, 0x3D, 0xE3, 0x8F, 0x0E, 0xE0, 0x1F, 0x80,
    0x1F, 0x00, 0x00, 0x0F, 0x39, 0xCE, 0x77, 0x0E, 0xFE, 0x1F, 0xF8, 0x1F, 0xF0, 0x7F, 0xE1, 0xEF,
    0xE3, 0x9D, 0xEF, 0x39, 0xC0, 0xE1, 0xDC, 0x73, 0x9E, 0x77, 0x8F, 0xE1, 0xFC, 0x3F, 0xE7, 0xFE,
    0xE1, 0xFC, 0x1F, 0x83, 0xF0, 0x70, 0x0E, 0x17, 0xC7, 0xF0, 0xFC, 0x06, 0x00, 0x00, 0x39, 0xEE,
    0xF3, 0xB8, 0xFC, 0x3F, 0xCF, 0xFB, 0x8E, 0xE3, 0xF8, 0xF0, 0x38, 0x5E, 0x1F, 0x87, 0xC0, 0x00,
    0x1F, 0xE0, 0x7F, 0x81, 0xFE, 0x07, 0x38, 0x3C, 0xE0, 0xE3, 0x83, 0x8E, 0x0E, 0x38, 0x38, 0xE1,
    0xE3, 0xEF, 0x0F, 0xFC, 0x3F, 0x40, 0x38, 0x00, 0xE0, 0x07, 0x80, 0x1C, 0x00, 0x03, 0xFC, 0x3F,
    0xC3, 0x9C, 0x39, 0xC3, 0x9C, 0x79, 0xC7, 0x1C, 0xF1, 0xFE, 0x1F, 0x40, 0x70, 0x06, 0x00, 0xE0,
    0x0E, 0xE1, 0xFC, 0x3F, 0x87, 0xF0, 0xFF, 0xFF, 0xFF, 0xFF, 0xFF, 0x0F, 0xE1, 0xFC, 0x3F, 0x87,
    0xF0, 0xF0, 0x1E, 0x27, 0x87, 0xF0, 0xFC, 0x04, 0x00, 0x00, 0x71, 0xF8, 0xFC, 0x7F, 0xFF, 0xFF,
    0xFF, 0xC7, 0xE3, 0xF1, 0xC0, 0xE6, 0xF3, 0xF1, 0xF8, 0x00, 0xE1, 0xE7, 0x0F, 0x38, 0x79, 0xC3,
    0xCF, 0xFE, 0x7F, 0xF3, 0xFF, 0x9C, 0x3C, 0xE1, 0xE7, 0x0F, 0xF8, 0x7F, 0xC3, 0xF0, 0x03, 0x80,
    0x38, 0x01, 0xC0, 0x0E, 0x00, 0x0E, 0x38, 0xE3, 0x8E, 0x38, 0xFF, 0x8F, 0xF8, 0xFF, 0x8E, 0x38,
    0xE3, 0xEE, 0x3E, 0x00, 0xE0, 0x0E, 0x00, 0xE0, 0x0C, 0xE1, 0xF8, 0x7E, 0x1F, 0x87, 0xE1, 0xFC,
    0xFF, 0xFD, 0xFF, 0x01, 0xC0, 0xF0, 0x7C, 0x1F, 0x07, 0x01, 0xC0, 0x70, 0x1C, 0x00, 0x71, 0xF8,
    0xFC, 0x7E, 0x3F, 0xFF, 0xFE, 0x67, 0x0F, 0x87, 0xC3, 0x81, 0xC0, 0xE0, 0x70, 0xF0, 0x7C, 0xF8,
    0x7C, 0xF8, 0x7C, 0xF8, 0xFC, 0xFC, 0xFC, 0xFC, 0xFC, 0xFD, 0xFC, 0xEF, 0xFC, 0xEF, 0xBC, 0xEF,
    0xBF, 0xE7, 0xBF, 0xE7, 0x3F, 0x00, 0x07, 0x00, 0x0E, 0x00, 0x0E, 0x00, 0x0E, 0x00, 0x01, 0xE1,
    0xE3, 0xE7, 0xC7, 0xCF, 0x8F, 0xDF, 0x1F, 0xFE, 0x3F, 0xFC, 0x77, 0xB8, 0xEF, 0x7D, 0xCE, 0xF8,
    0x00, 0x70, 0x00, 0xE0, 0x01, 0xC0, 0x03, 0x00, 0xFF, 0xF3, 0x8E, 0x38, 0xE3, 0x8E, 0x38, 0xEF,
    0xFF, 0x39, 0xC1, 0xF8, 0x1F, 0x80, 0x00, 0x0F, 0x01, 0xF0, 0x1F, 0x81, 0xF8, 0x3B, 0x83, 0xBC,
    0x39, 0xC7, 0xFC, 0x7F, 0xEF, 0xFE, 0xF0, 0xEE, 0x0F, 0x3B, 0x9F, 0xC7, 0xC1, 0x87, 0xF1, 0xFC,
    0x0E, 0x7F, 0x7F, 0xF9, 0xFC, 0xFF, 0xF7, 0xF8, 0x80, 0x1B, 0x83, 0xB8, 0x1B, 0x80, 0x00, 0x0F,
    0x01, 0xF0, 0x1F, 0x81, 0xF8, 0x3B, 0x83, 0xBC, 0x39, 0xC7, 0xFC, 0x7F, 0xEF, 0xFE, 0xF0, 0xEE,
    0x0F, 0x33, 0x1F, 0x8C, 0xC1, 0x87, 0xF1, 0xFC, 0x0E, 0x7F, 0x7F, 0xF9, 0xFC, 0xFF, 0xF7, 0xF8,
    0x80, 0x07, 0xFE, 0x1F, 0xFC, 0x3F, 0xF8, 0xFF, 0x01, 0xDF, 0xE3, 0xBF, 0xCE, 0x7F, 0x9F, 0xF0,
    0x7F, 0xE0, 0xFF, 0xC3, 0xC7, 0xFF, 0x0F, 0xF0, 0x1C, 0x70, 0xFF, 0xF8, 0xFF, 0xF0, 0x1C, 0x73,
    0xFF, 0xEF, 0xFF, 0xFC, 0xE0, 0x7B, 0xE2, 0x7F, 0xFC, 0xFD, 0xF8, 0x40, 0xC0, 0xE6, 0xFE, 0x7E,
    0x00, 0xFF, 0xFF, 0xFE, 0xE0, 0xFE, 0xFE, 0xFE, 0xE0, 0xE0, 0xE0, 0xFF, 0xFF, 0x3B, 0x8F, 0xC1,
    0xF0, 0x30, 0x3F, 0x1F, 0xE7, 0x3B, 0xFF, 0xFF, 0xFC, 0x07, 0x09, 0xFE, 0x3F, 0x81, 0x00, 0x00,
    0x07, 0xF8, 0x7F, 0xE7, 0x1E, 0x00, 0xF0, 0x07, 0xFF, 0xFF, 0xFF, 0xFF, 0xFF, 0x0F, 0x79, 0xE7,
    0xFE, 0x3F, 0xC0, 0x60, 0x1C, 0x1F, 0xC7, 0xF8, 0x0E, 0x7F, 0xBF, 0xFF, 0xF9, 0xCE, 0x7F, 0x8F,
    0xC0, 0x80, 0x19, 0x81, 0xF8, 0x1B, 0x80, 0x00, 0x7F, 0x87, 0xFE, 0x71, 0xE0, 0x0F, 0x00, 0x7F,
    0xFF, 0xFF, 0xFF, 0xFF, 0xF0, 0xF7, 0x9E, 0x7F, 0xE3, 0xFC, 0x06, 0x00, 0x33, 0x0F, 0xC3, 0x70,
    0x70, 0x7F, 0x1F, 0xE0, 0x39, 0xFE, 0xFF, 0xFF, 0xE7, 0x39, 0xFE, 0x3F, 0x02, 0x00, 0x07, 0x60,
    0x03, 0xB8, 0x01, 0xD8, 0x00, 0x00, 0x0F, 0x1C, 0x73, 0x8E, 0x78, 0xE7, 0x78, 0x7B, 0xB8, 0x1F,
    0xFC, 0x07, 0xFC, 0x07, 0xFE, 0x03, 0xBF, 0x83, 0xDD, 0xE3, 0xCE, 0x71, 0xC7, 0x3D, 0xE3, 0x8F,
    0x0C, 0xC0, 0x1D, 0x80, 0x3B, 0x00, 0x00, 0x0F, 0x39, 0xCE, 0x77, 0x0E, 0xFE, 0x1F, 0xF8, 0x1F,
    0xF0, 0x7F, 0xE1, 0xEF, 0xE3, 0x9D, 0xEF, 0x39, 0xC0, 0x33, 0x3B, 0x8D, 0xC0, 0x07, 0xF3, 0xFD,
    0x9E, 0x07, 0x1F, 0x9F, 0x8F, 0xE0, 0xF0, 0x3A, 0x3F, 0xFF, 0xFE, 0x18, 0x00, 0x66, 0x7E, 0x76,
    0x38, 0xFE, 0x7F, 0x07, 0x3F, 0x3E, 0x3F, 0x07, 0xFF, 0xFE, 0x18, 0xFF, 0xBF, 0xE7, 0xF0, 0x78,
    0x3C, 0x0F, 0xC3, 0xF8, 0x0E, 0x03, 0xF0, 0xEF, 0xFB, 0xFC, 0x18, 0x00, 0x00, 0x3F, 0xEF, 0xF8,
    0x3C, 0x1E, 0x0F, 0x03, 0xF0, 0xFE, 0x07, 0x80, 0xE0, 0x3B, 0x9E, 0xFF, 0xBF, 0xC0, 0x3F, 0x87,
    0xF0, 0x00, 0x70, 0xFE, 0x3F, 0xC7, 0xF9, 0xFF, 0x3F, 0xEE, 0xFD, 0xDF, 0xF3, 0xFE, 0x7F, 0x8F,
    0xF1, 0xFC, 0x38, 0x3F, 0x1F, 0x80, 0x1C, 0xFE, 0x7F, 0x7F, 0xBF, 0xFF, 0xFB, 0xFD, 0xFC, 0xFE,
    0x70, 0x1B, 0x07, 0x70, 0x6C, 0x00, 0x0E, 0x1F, 0xC7, 0xF8, 0xFF, 0x3F, 0xE7, 0xFD, 0xDF, 0xBB,
    0xFE, 0x7F, 0xCF, 0xF1, 0xFE, 0x3F, 0x87, 0x36, 0x3B, 0x8D, 0xC0, 0x0E, 0x7F, 0x3F, 0xBF, 0xDF,
    0xFF, 0xFD, 0xFE, 0xFE, 0x7F, 0x38, 0x0D, 0x80, 0xEE, 0x03, 0x70, 0x00, 0x01, 0xFC, 0x1F, 0xF1,
    0xF7, 0xCE, 0x0E, 0x70, 0x73, 0x83, 0xDC, 0x1E, 0xE0, 0xF7, 0x07, 0x3E, 0x78, 0xFF, 0x83, 0xF8,
    0x02, 0x00, 0x33, 0x0E, 0xE3, 0xB0, 0x30, 0x3F, 0x1F, 0xE7, 0x3F, 0xC7, 0xF1, 0xFC, 0x77, 0x3D,
    0xFE, 0x3F, 0x01, 0x00, 0x00, 0x00, 0xFE, 0x0F, 0xF8, 0xF1, 0xE7, 0x07, 0x38, 0x39, 0xFF, 0xEF,
    0xFF, 0x70, 0x7B, 0x83, 0x9E, 0x3C, 0x7F, 0xC1, 0xFC, 0x01, 0x00, 0x0C, 0x0F, 0xC7, 0xF9, 0xCF,
    0xFF, 0xFF, 0xFF, 0xFD, 0xCF, 0x7F, 0x8F, 0xC0, 0x40, 0x0D, 0x80, 0xEE, 0x03, 0x70, 0x00, 0x01,
    0xFC, 0x1F, 0xF1, 0xE3, 0xCE, 0x0E, 0x70, 0x73, 0xFF, 0xDF, 0xFE, 0xE0, 0xF7, 0x07, 0x3C, 0x78,
    0xFF, 0x83, 0xF8, 0x02, 0x00, 0x33, 0x0E, 0xC3, 0xB0, 0x30, 0x3F, 0x1F, 0xE7, 0x3F, 0xFF, 0xFF,
    0xFF, 0xF7, 0x3D, 0xFE, 0x3F, 0x01, 0x00, 0x36, 0x1D, 0xC3, 0x70, 0x00, 0x7F, 0x1F, 0xE6, 0x7C,
    0x07, 0x1F, 0xCF, 0xF3, 0xFC, 0x07, 0x01, 0xD1, 0xF7, 0xF9, 0xFC, 0x18, 0x00, 0x66, 0x3F, 0x19,
    0x87, 0x0F, 0xE3, 0xF8, 0x1C, 0x7E, 0x3F, 0x1F, 0x83, 0xDF, 0xEF, 0xE0, 0x80, 0x3F, 0x87, 0xF0,
    0x00, 0x70, 0x7F, 0x1E, 0xE3, 0x9E, 0x71, 0xDC, 0x3B, 0x83, 0xE0, 0x7C, 0x07, 0x81, 0xE0, 0xFC,
    0x1F, 0x01, 0x00, 0x1F, 0x83, 0xF0, 0x00, 0x38, 0xF7, 0x9C, 0x73, 0x8E, 0xF1, 0xFC, 0x1F, 0x83,
    0xE0, 0x3C, 0x07, 0x80, 0xE0, 0x3C, 0x1F, 0x03, 0xC0, 0x1B, 0x07, 0x70, 0xEC, 0x00, 0x0E, 0x0F,
    0xE3, 0xDC, 0x73, 0xCE, 0x3B, 0x87, 0x70, 0x7C, 0x0F, 0x80, 0xF0, 0x3C, 0x1F, 0x83, 0xE0, 0x20,
    0x00, 0x1B, 0x87, 0x70, 0x6E, 0x00, 0x07, 0x1E, 0xF3, 0x8E, 0x71, 0xDE, 0x3F, 0x83, 0xF0, 0x7C,
    0x07, 0x80, 0xF0, 0x1C, 0x07, 0x83, 0xE0, 0x78, 0x00, 0x0F, 0xE1, 0xF8, 0x7E, 0x00, 0x0E, 0x0F,
    0xE3, 0xDC, 0x73, 0xCE, 0x3B, 0x87, 0x70, 0x7C, 0x0F, 0x80, 0xF0, 0x3C, 0x1F, 0x83, 0xE0, 0x20,
    0x00, 0x1F, 0x8F, 0xE3, 0x70, 0x00, 0xE3, 0xFC, 0xE7, 0x39, 0xDE, 0x7F, 0x0F, 0xC3, 0xE0, 0x78,
    0x1E, 0x07, 0x03, 0xC3, 0xE0, 0xF8, 0x00, 0x33, 0x0F, 0xC3, 0x70, 0x00, 0xE1, 0xF8, 0x7E, 0x1F,
    0x87, 0xE1, 0xFF, 0xFF, 0xFD, 0xFF, 0x01, 0xC0, 0x70, 0x1C, 0x07, 0x66, 0x3F, 0x19, 0x80, 0x0E,
    0x7F, 0x3F, 0x9F, 0xCF, 0xFF, 0xBF, 0xC1, 0xE0, 0xF0, 0x78, 0xFF, 0x7F, 0xBF, 0xDC, 0x0E, 0x07,
    0x03, 0x81, 0xC0, 0xE0, 0x7C, 0x3F, 0x1F, 0x81, 0xC0, 0xE0, 0x70, 0x38, 0x01, 0xFF, 0xFF, 0x0E,
    0x1C, 0x38, 0x70, 0xF9, 0xF0, 0xE1, 0xC3, 0x83, 0x00, 0x0D, 0xC0, 0xEE, 0x03, 0x70, 0x00, 0x0E,
    0x03, 0xF0, 0x1F, 0x80, 0xFC, 0x07, 0xFE, 0x3F, 0xFD, 0xFF, 0xEF, 0xC7, 0x7E, 0x3B, 0xF3, 0xDF,
    0xFE, 0xFF, 0xE7, 0x19, 0x81, 0xF8, 0x19, 0x80, 0x00, 0xE0, 0x7E, 0x07, 0xF8, 0x7F, 0xF7, 0xFF,
    0x7E, 0x77, 0xE7, 0x7F, 0xF7, 0xFE, 0x70, 0x7F, 0xBF, 0xDF, 0xEE, 0x07, 0x07, 0xFB, 0xFC, 0xFC,
    0x70, 0x38, 0x1F, 0x8F, 0xC0, 0xE0, 0x70, 0xF8, 0x78, 0x00, 0x00, 0x00, 0x7F, 0x7F, 0x70, 0xFC,
    0xFE, 0xFE, 0x70, 0x7C, 0x7C, 0x1C, 0x1C, 0x3C, 0x38, 0xF1, 0xE7, 0x1C, 0x7B, 0xC3, 0xF8, 0x1F,
    0x01, 0xF0, 0x1F, 0x01, 0xF8, 0x3F, 0x87, 0xBF, 0x71, 0xFF, 0x1F, 0x00, 0x70, 0x07, 0x01, 0xF0,
    0x1E, 0x00, 0x00, 0x00, 0x1E, 0x71, 0xDE, 0x1F, 0x83, 0xE0, 0x3C, 0x0F, 0xC3, 0xF8, 0x77, 0xFE,
    0x7C, 0x03, 0x80, 0x70, 0x3C, 0x07, 0x80, 0xF1, 0xE7, 0x1C, 0x7B, 0xC3, 0xF8, 0x3F, 0x87, 0xFE,
    0x7F, 0xE1, 0xF8, 0x3F, 0x87, 0xBC, 0x71, 0xEF, 0x1E, 0x00, 0x3C, 0xE7, 0x78, 0xFC, 0x7F, 0xBF,
    0xE7, 0xF9, 0xFC, 0x77, 0xBC, 0xF0, 0x78, 0xEF, 0x1C, 0xF7, 0x8F, 0xF3, 0xFC, 0xFF, 0x1D, 0xE7,
    0x9E, 0xF1, 0xDC, 0x3C, 0x7E, 0x1F, 0xC0, 0x70, 0x1E, 0x07, 0x81, 0xE0, 0x78, 0x1E, 0xFF, 0xFF,
    0xF0, 0x78, 0xF8, 0xF0, 0xE1, 0xC3, 0x87, 0x3E, 0xFF, 0xDC, 0x00, 0xFF, 0xBF, 0xE0, 0x70, 0x1C,
    0x07, 0x01, 0xC0, 0x70, 0x1C, 0x07, 0x01, 0xC0, 0x7F, 0x9F, 0xF0, 0x3C, 0x07, 0x01, 0xDC, 0x77,
    0x1D, 0xC7, 0x71, 0xDC, 0x70, 0xFF, 0xCE, 0x73, 0x9C, 0xE7, 0x39, 0xC0, 0xFF, 0xF3, 0x9C, 0x71,
    0xC7, 0x1C, 0x79, 0xE0, 0xFF, 0x9F, 0xF9, 0xC7, 0xB8, 0xF7, 0x0E, 0xE1, 0xDC, 0x3B, 0x87, 0x70,
    0xEE, 0x1C, 0xF7, 0x9E, 0xFB, 0xDF, 0x78, 0xFF, 0x1F, 0xE3, 0xDC, 0x73, 0xFE, 0x7F, 0xC7, 0xF0,
    0xFF, 0xCE, 0x73, 0x9C, 0xFE, 0x7F, 0x81, 0xE0, 0x70, 0x38, 0x1C, 0x0E, 0x07, 0x03, 0x81, 0xC0,
    0xE0, 0x70, 0x38, 0xFE, 0x7F, 0x83, 0xC0, 0xE0, 0x78, 0x3C, 0x1C, 0x1E, 0xFF, 0x7F, 0x00, 0xE0,
    0x70, 0x38, 0x1F, 0xFF, 0xF8, 0x3C, 0x1C, 0x0E, 0x0F, 0x07, 0x07, 0x83, 0xC1, 0xC0, 0x7F, 0xDF,
    0xFD, 0xE7, 0xBC, 0x77, 0x8E, 0xF1, 0xDE, 0x3B, 0xC7, 0x7F, 0xEF, 0xFC, 0xF7, 0xC7, 0xFE, 0x7D,
    0xE7, 0x8E, 0x38, 0xF7, 0x8F, 0x70, 0xE7, 0x1E, 0x77, 0xE7, 0x7C, 0xFF, 0xCE, 0x73, 0x9C, 0xE7,
    0x39, 0xCE, 0x73, 0x80, 0x79, 0xF3, 0xC7, 0x1C, 0x71, 0xC7, 0xFF, 0xF0, 0xFF, 0x9F, 0xF9, 0xEF,
    0xB8, 0x77, 0x0E, 0xE1, 0xDC, 0x7B, 0xFE, 0x3F, 0xC3, 0xF0, 0x00, 0x1C, 0x77, 0x1D, 0xC7, 0x79,
    0xCE, 0x73, 0xBC, 0xEE, 0x3F, 0xBF, 0xCF, 0xE3, 0x80, 0x3F, 0x1F, 0xEF, 0xFF, 0xC7, 0xF1, 0xDE,
    0x73, 0x9C, 0x07, 0x01, 0xC0, 0x70, 0x1C, 0x07, 0x01, 0xC0, 0x3F, 0x1F, 0xEF, 0xFF, 0xC7, 0xF1,
    0xDE, 0x73, 0xBC, 0x1F, 0x7F, 0x9F, 0xC0, 0xF3, 0xDC, 0xE7, 0x39, 0xEE, 0x3F, 0x8F, 0xC1, 0xE0,
    0x70, 0x1C, 0x07, 0x80, 0xE0, 0x38, 0x0F, 0x00, 0xF3, 0xDE, 0xF3, 0xB8, 0xFE, 0x1F, 0x83, 0xC0,
    0xF0, 0x1C, 0xFF, 0xBF, 0xE0, 0x7F, 0xFF, 0xFC, 0x07, 0x00, 0xE7, 0x1C, 0xE7, 0x9C, 0xE3, 0x9C,
    0x77, 0x8E, 0xE1, 0xC0, 0x38, 0x07, 0x00, 0xFE, 0xFF, 0x0F, 0x07, 0x07, 0x07, 0x07, 0x07, 0x07,
    0x07, 0x77, 0x7B, 0xBB, 0xDD, 0xDE, 0xFE, 0xF7, 0xE7, 0x3E, 0x39, 0xC1, 0xCF, 0xBE, 0x3F, 0xE0,
    0xFE, 0x00, 0x7F, 0xCF, 0xFC, 0xE7, 0x9C, 0x73, 0x8E, 0x71, 0xCE, 0x39, 0xC7, 0xF8, 0xFE, 0x1C,
    0x1F, 0xFE, 0x00, 0x33, 0x9C, 0xEF, 0x78, 0x00, 0x03, 0xBD, 0xE6, 0x00, 0x00, 0x3F, 0xBF, 0xFF,
    0xEF, 0x07, 0xC1, 0xF0, 0x78, 0x1C, 0x00, 0x07, 0x03, 0xC1, 0xE0, 0x40, 0x18, 0x7C, 0x7C, 0x70,
    0x72, 0x7E, 0xFF, 0xFC, 0xF0, 0xFD, 0xFB, 0xF0, 0x00, 0x77, 0x3D, 0xEC, 0x00, 0x33, 0xDE, 0x60,
    0x23, 0x9C, 0xE7, 0x3D, 0xE7, 0x39, 0xCE, 0x70, 0x00, 0x20, 0x39, 0xDF, 0xEF, 0xE7, 0xF3, 0x81,
    0xE0, 0x70, 0x38, 0x1C, 0x0E, 0x07, 0x00, 0x00, 0x20, 0xBB, 0x6E, 0xFF, 0xFF, 0x7F, 0x9E, 0xC7,
    0x01, 0xC0, 0x70, 0x1C, 0x07, 0x01, 0xC0, 0x00, 0x00, 0x18, 0x38, 0x78, 0xF0, 0xE0, 0xF8, 0x78,
    0xF8, 0xE0, 0xFE, 0xFE, 0x7F, 0x00, 0x3C, 0x7E, 0xFE, 0xE7, 0xE7, 0xE7, 0xFF, 0xFE, 0x7C, 0x63,
    0x3F, 0xBF, 0xC7, 0xE0, 0x70, 0x38, 0x1C, 0x0F, 0x03, 0x81, 0xC0, 0xE0, 0x70, 0x00, 0x61, 0x38,
    0xFF, 0x39, 0xCE, 0x77, 0x9D, 0xC3, 0xF0, 0xF8, 0x3E, 0x0F, 0x81, 0xE0, 0x70, 0x00, 0x00, 0x0C,
    0x07, 0x81, 0xE0, 0x78, 0x3E, 0x0F, 0xC3, 0xF1, 0xDC, 0x77, 0x9C, 0xEE, 0x3B, 0x8F, 0x01, 0x00,
    0x1C, 0x1F, 0x1F, 0xCE, 0xE7, 0x73, 0xF9, 0xFC, 0x7E, 0x03, 0x81, 0xC0, 0xE0, 0x70, 0x00, 0x00,
    0x0E, 0x00, 0xE6, 0x0F, 0xE0, 0x7E, 0x07, 0xE0, 0x7F, 0x0F, 0xFF, 0xE7, 0xFC, 0x3F, 0x80, 0x7B,
    0xE0, 0x00, 0x38, 0x3C, 0x3C, 0x7E, 0xFF, 0xE7, 0xFF, 0xFE, 0x7C, 0x00, 0x33, 0xDE, 0x60, 0x23,
    0x9C, 0xE7, 0x3D, 0xE7, 0x39, 0xCE, 0x70, 0x00, 0x20, 0x39, 0xDF, 0xEF, 0xE7, 0xF3, 0x81, 0xE0,
    0x70, 0x38, 0x1C, 0x0E, 0x07, 0x00, 0x00, 0x20, 0xBB, 0x6E, 0xFF, 0xFF, 0x7F, 0x9E, 0xC7, 0x01,
    0xC0, 0x70, 0x1C, 0x07, 0x01, 0xC0, 0x00, 0x00, 0x27, 0x7F, 0x9F, 0xCF, 0xF7, 0xFB, 0xFD, 0xF0,
    0xF0, 0x38, 0x1C, 0x0E, 0x07, 0x00, 0x00, 0x00, 0x07, 0x01, 0xE0, 0x78, 0x3F, 0x1F, 0xE7, 0x3B,
    0x8E, 0xEF, 0xBF, 0xEF, 0xF9, 0xFC, 0x1C, 0x7C, 0x7C, 0xF0, 0xE0, 0x7E, 0x7F, 0x3E, 0x7C, 0x78,
    0xF0, 0xE0, 0x20, 0x61, 0x38, 0xFF, 0x39, 0xCE, 0x77, 0x9D, 0xC3, 0xF0, 0xF8, 0x3E, 0x0F, 0x81,
    0xE0, 0x70, 0x00, 0x00, 0x0C, 0x07, 0x81, 0xE0, 0x78, 0x3E, 0x0F, 0xC3, 0xF1, 0xDC, 0x77, 0x9C,
    0xEE, 0x3B, 0x8F, 0x01, 0x00, 0x1C, 0x1F, 0x1F, 0xCE, 0xE7, 0x73, 0xF9, 0xFC, 0x7E, 0x03, 0x81,
    0xC0, 0xE0, 0x70, 0x0F, 0x01, 0xF0, 0x1F, 0x81, 0xF8, 0x3B, 0x83, 0xBC, 0x39, 0xC7, 0xFC, 0x7F,
    0xEF, 0xFE, 0xF0, 0xEE, 0x0F, 0x00, 0x00, 0xE0, 0x0E, 0x00, 0x60, 0x0C, 0x3F, 0x8F, 0xE0, 0x73,
    0xFB, 0xFF, 0xCF, 0xE7, 0xFF, 0xBF, 0xC4, 0x03, 0xC1, 0xE0, 0x60, 0x0E, 0x00, 0xF0, 0x07, 0x00,
    0xE0, 0x00, 0x00, 0xF0, 0x1F, 0x01, 0xF8, 0x1F, 0x83, 0xB8, 0x3B, 0xC3, 0x9C, 0x7F, 0xC7, 0xFE,
    0xFF, 0xEF, 0x0E, 0xE0, 0xF0, 0x1E, 0x0F, 0x03, 0x81, 0x80, 0xC3, 0xF8, 0xFE, 0x07, 0x3F, 0xBF,
    0xFC, 0xFE, 0x7F, 0xFB, 0xFC, 0x40, 0x00, 0x60, 0xEE, 0x1F, 0xC1, 0xB8, 0x10, 0x00, 0xF0, 0x1F,
    0x01, 0xF8, 0x1F, 0x83, 0xB8, 0x3B, 0xC3, 0x9C, 0x7F, 0xC7, 0xFE, 0xFF, 0xEF, 0x0E, 0xE0, 0xF0,
    0x00, 0xE3, 0xF8, 0xFE, 0x19, 0x80, 0xC0, 0xFE, 0x0F, 0xE0, 0x1C, 0x3F, 0x8F, 0xF3, 0xCE, 0x79,
    0xCF, 0xF8, 0xFF, 0x04, 0x00, 0xC0, 0x0E, 0xE0, 0x3F, 0x01, 0xB8, 0x10, 0x00, 0xF0, 0x1F, 0x01,
    0xF8, 0x1F, 0x83, 0xB8, 0x3B, 0xC3, 0x9C, 0x7F, 0xC7, 0xFE, 0xFF, 0xEF, 0x0E, 0xE0, 0xF0, 0xE0,
    0x1F, 0xC3, 0xF8, 0x66, 0x06, 0x0F, 0xE1, 0xFC, 0x07, 0x1F, 0xCF, 0xF7, 0x9D, 0xE7, 0x7F, 0xCF,
    0xF0, 0x80, 0x00, 0xC0, 0x0E, 0x0E, 0xE1, 0xFC, 0x1B, 0x81, 0x00, 0x0F, 0x01, 0xF0, 0x1F, 0x81,
    0xF8, 0x3B, 0x83, 0xBC, 0x39, 0xC7, 0xFC, 0x7F, 0xEF, 0xFE, 0xF0, 0xEE, 0x0F, 0x01, 0x80, 0x71,
    0xFC, 0xFE, 0x33, 0x03, 0x07, 0xF0, 0xFE, 0x03, 0x8F, 0xE7, 0xFB, 0xCE, 0xF3, 0xBF, 0xE7, 0xF8,
    0x40, 0x0E, 0x81, 0xF8, 0x1F, 0x00, 0xF0, 0x1F, 0x80, 0x08, 0x0F, 0x01, 0xF0, 0x1F, 0x81, 0xF8,
    0x3B, 0x83, 0xBC, 0x39, 0xC7, 0xFC, 0x7F, 0xEF, 0xFE, 0xF0, 0xEE, 0x0F, 0x1F, 0x9F, 0x83, 0x83,
    0xE3, 0xB8, 0x61, 0xFC, 0x7F, 0x03, 0x9F, 0xDF, 0xFE, 0x7F, 0x3F, 0xFD, 0xFE, 0x20, 0x0F, 0x01,
    0xF8, 0x3B, 0x80, 0x00, 0x0F, 0x01, 0xF0, 0x1F, 0x81, 0xF8, 0x3B, 0x83, 0xBC, 0x39, 0xC7, 0xFC,
    0x7F, 0xEF, 0xFE, 0xF0, 0xEE, 0x0F, 0x00, 0x00, 0xE0, 0x0E, 0x00, 0x60, 0x1E, 0x1F, 0x8C, 0xE1,
    0x87, 0xF1, 0xFC, 0x0E, 0x7F, 0x7F, 0xF9, 0xFC, 0xFF, 0xF7, 0xF8, 0x80, 0x70, 0x3C, 0x0C, 0x00,
    0x07, 0x01, 0x78, 0x1F, 0x81, 0xF8, 0x00, 0x00, 0xF0, 0x1F, 0x01, 0xF8, 0x1F, 0x83, 0xB8, 0x3B,
    0xC3, 0x9C, 0x7F, 0xC7, 0xFE, 0xFF, 0xEF, 0x0E, 0xE0, 0xF0, 0x00, 0x03, 0x0F, 0xC7, 0xE1, 0xE0,
    0x61, 0xFC, 0x7F, 0x03, 0x9F, 0xDF, 0xFE, 0x7F, 0x3F, 0xFD, 0xFE, 0x20, 0x0C, 0x01, 0xF8, 0x1F,
    0x81, 0xF0, 0x00, 0x00, 0xF0, 0x1F, 0x01, 0xF8, 0x1F, 0x83, 0xB8, 0x3B, 0xC3, 0x9C, 0x7F, 0xC7,
    0xFE, 0xFF, 0xEF, 0x0E, 0xE0, 0xF0, 0x00, 0x0E, 0x0F, 0xC7, 0xE1, 0xE0, 0x61, 0xFC, 0x7F, 0x03,
    0x9F, 0xDF, 0xFE, 0x7F, 0x3F, 0xFD, 0xFE, 0x20, 0x06, 0x00, 0xE0, 0x17, 0x81, 0xF8, 0x1F, 0x00,
    0x00, 0x0F, 0x01, 0xF0, 0x1F, 0x81, 0xF8, 0x3B, 0x83, 0xBC, 0x39, 0xC7, 0xFC, 0x7F, 0xEF, 0xFE,
    0xF0, 0xEE, 0x0F, 0x0C, 0x07, 0x0F, 0xC7, 0xE1, 0xE0, 0x61, 0xFC, 0x7F, 0x03, 0x9F, 0xDF, 0xFE,
    0x7F, 0x3F, 0xFD, 0xFE, 0x20, 0x0E, 0xC1, 0xF8, 0x19, 0x81, 0xF8, 0x0F, 0x80, 0x20, 0x0F, 0x01,
    0xF0, 0x1F, 0x81, 0xF8, 0x3B, 0x83, 0xBC, 0x39, 0xC7, 0xFC, 0x7F, 0xEF, 0xFE, 0xF0, 0xEE, 0x0F,
    0x1F, 0x9F, 0x8C, 0x67, 0xF1, 0xF0, 0x61, 0xFC, 0x7F, 0x03, 0x9F, 0xDF, 0xFE, 0x7F, 0x3F, 0xFD,
    0xFE, 0x20, 0x19, 0x81, 0xF8, 0x0F, 0x00, 0x00, 0x0F, 0x01, 0xF0, 0x1F, 0x81, 0xF8, 0x3B, 0x83,
    0xBC, 0x39, 0xC7, 0xFC, 0x7F, 0xEF, 0xFE, 0xF0, 0xEE, 0x0F, 0x00, 0x00, 0xE0, 0x0E, 0x00, 0x60,
    0x33, 0x9F, 0x87, 0xC1, 0x87, 0xF1, 0xFC, 0x0E, 0x7F, 0x7F, 0xF9, 0xFC, 0xFF, 0xF7, 0xF8, 0x80,
    0x70, 0x3C, 0x0C, 0x00, 0xFF, 0xFF, 0xFE, 0xE0, 0xFE, 0xFE, 0xFE, 0xE0, 0xE0, 0xE0, 0xFF, 0xFF,
    0x00, 0x38, 0x38, 0x38, 0x0C, 0x0F, 0xC7, 0xF9, 0xCE, 0xFF, 0xFF, 0xFF, 0x01, 0xC2, 0x7F, 0x8F,
    0xE0, 0x40, 0x38, 0x0E, 0x03, 0x00, 0x38, 0x3C, 0x1C, 0x38, 0x00, 0xFF, 0xFF, 0xFE, 0xE0, 0xFE,
    0xFE, 0xFE, 0xE0, 0xE0, 0xE0, 0xFF, 0xFF, 0x1E, 0x07, 0xC0, 0xF0, 0x38, 0x0C, 0x0F, 0xC7, 0xF9,
    0xCE, 0xFF, 0xFF, 0xFF, 0x01, 0xC2, 0x7F, 0x8F, 0xE0, 0x40, 0x73, 0x7F, 0xFE, 0x00, 0xFF, 0xFF,
    0xFE, 0xE0, 0xFE, 0xFE, 0xFE, 0xE0, 0xE0, 0xE0, 0xFF, 0xFF, 0x19, 0x8F, 0xE7, 0xF0, 0x30, 0x3F,
    0x1F, 0xE7, 0x3B, 0xFF, 0xFF, 0xFC, 0x07, 0x09, 0xFE, 0x3F, 0x81, 0x00, 0x01, 0x9D, 0xDF, 0xDD,
    0xC0, 0x47, 0xFB, 0xFD, 0xFC, 0xE0, 0x7F, 0x3F, 0x9F, 0xCE, 0x07, 0x03, 0x81, 0xFE, 0xFF, 0x00,
    0x00, 0xE3, 0xF8, 0x7E, 0x1D, 0x80, 0xC0, 0x7E, 0x1F, 0xE3, 0x9C, 0xFF, 0xDF, 0xFB, 0xC0, 0x38,
    0x47, 0xF8, 0x7F, 0x01, 0x00, 0x60, 0x0E, 0xE0, 0xFE, 0x0E, 0xC0, 0x08, 0x3F, 0xC7, 0xF8, 0xFE,
    0x1C, 0x03, 0xF8, 0x7F, 0x0F, 0xE1, 0xC0, 0x38, 0x07, 0x00, 0xFF, 0x1F, 0xE0, 0x60, 0x0F, 0xE0,
    0xFE, 0x0E, 0xC0, 0x60, 0x3F, 0x0F, 0xF1, 0xCE, 0x7F, 0xEF, 0xFD, 0xE0, 0x1C, 0x23, 0xFC, 0x3F,
    0x80, 0x80, 0x02, 0x03, 0x8E, 0xCF, 0xCE, 0xE0, 0x23, 0xFD, 0xFE, 0xFE, 0x70, 0x3F, 0x9F, 0xCF,
    0xE7, 0x03, 0x81, 0xC0, 0xFF, 0x7F, 0x80, 0x01, 0xC0, 0x71, 0xFC, 0x7E, 0x3B, 0x03, 0x03, 0xF1,
    0xFE, 0x73, 0xBF, 0xFF, 0xFF, 0xC0, 0x70, 0x9F, 0xE3, 0xF8, 0x10, 0x32, 0x7E, 0x5C, 0x3C, 0x7E,
    0x42, 0xFF, 0xFF, 0xFE, 0xE0, 0xFE, 0xFE, 0xFE, 0xE0, 0xE0, 0xE0, 0xFF, 0xFF, 0x1F, 0x8F, 0xE0,
    0xE0, 0x7C, 0x3B, 0x83, 0x03, 0xF1, 0xFE, 0x73, 0xBF, 0xFF, 0xFF, 0xC0, 0x70, 0x9F, 0xE3, 0xF8,
    0x10, 0x3C, 0x7E, 0xEE, 0x00, 0xFF, 0xFF, 0xFE, 0xE0, 0xFE, 0xFE, 0xFE, 0xE0, 0xE0, 0xE0, 0xFF,
    0xFF, 0x00, 0x38, 0x38, 0x38, 0x1E, 0x0F, 0xC7, 0x38, 0x30, 0x3F, 0x1F, 0xE7, 0x3B, 0xFF, 0xFF,
    0xFC, 0x07, 0x09, 0xFE, 0x3F, 0x81, 0x00, 0xE0, 0x38, 0x0C, 0x00, 0x71, 0xE1, 0x8E, 0x33, 0xFF,
    0xCE, 0x38, 0xE3, 0x8E, 0x38, 0xE3, 0xBF, 0xFC, 0x73, 0xCE, 0xE2, 0x39, 0xCE, 0x73, 0x9C, 0xE7,
    0x38, 0xFF, 0xF3, 0x8E, 0x38, 0xE3, 0x8E, 0x38, 0xEF, 0xFF, 0x01, 0xC7, 0x8C, 0xFF, 0x8F, 0xFF,
    0xFF, 0xFE, 0x3F, 0xE0, 0x00, 0x00, 0xFE, 0x0F, 0xF8, 0xFB, 0xE7, 0x07, 0x38, 0x39, 0xC1, 0xEE,
    0x0F, 0x70, 0x7B, 0x83, 0x9F, 0x3C, 0x7F, 0xC1, 0xFC, 0x01, 0x00, 0x1C, 0x00, 0xE0, 0x07, 0x00,
    0x0C, 0x0F, 0xC7, 0xF9, 0xCF, 0xF1, 0xFC, 0x7F, 0x1D, 0xCF, 0x7F, 0x8F, 0xC0, 0x40, 0x38, 0x1E,
    0x03, 0x00, 0x07, 0x00, 0x3C, 0x00, 0xE0, 0x0F, 0x00, 0x30, 0x0F, 0xE0, 0xFF, 0x8F, 0xBE, 0x70,
    0x73, 0x83, 0x9C, 0x1E, 0xE0, 0xF7, 0x07, 0xB8, 0x39, 0xF3, 0xC7, 0xFC, 0x1F, 0xC0, 0x10, 0x00,
    0x1E, 0x07, 0xC0, 0xF0, 0x38, 0x0C, 0x0F, 0xC7, 0xF9, 0xCF, 0xF1, 0xFC, 0x7F, 0x1D, 0xCF, 0x7F,
    0x8F, 0xC0, 0x40, 0x00, 0x30, 0x3B, 0x83, 0xF8, 0x3B, 0x80, 0x80, 0x0F, 0xE0, 0xFF, 0x8F, 0xBE,
    0x70, 0x73, 0x83, 0x9C, 0x1E, 0xE0, 0xF7, 0x07, 0xB8, 0x39, 0xF3, 0xC7, 0xFC, 0x1F, 0xC0, 0x10,
    0x00, 0x00, 0xE3, 0xD8, 0x7E, 0x1D, 0x80, 0xC0, 0x7E, 0x1F, 0xE3, 0x9E, 0xF1, 0xDE, 0x3B, 0xC7,
    0x39, 0xE7, 0xF8, 0x7E, 0x01, 0x00, 0x60, 0x03, 0xB8, 0x0F, 0xE0, 0x3B, 0x80, 0x80, 0x0F, 0xE0,
    0xFF, 0x8F, 0xBE, 0x70, 0x73, 0x83, 0x9C, 0x1E, 0xE0, 0xF7, 0x07, 0xB8, 0x39, 0xF3, 0xC7, 0xFC,
    0x1F, 0xC0, 0x10, 0x00, 0x60, 0x0F, 0xE0, 0xFE, 0x0E, 0xC0, 0x60, 0x3F, 0x0F, 0xF1, 0xCF, 0x78,
    0xEF, 0x1D, 0xE3, 0x9C, 0xF3, 0xFC, 0x3F, 0x00, 0x80, 0x00, 0x40, 0x07, 0x01, 0xD8, 0x1F, 0x81,
    0xDC, 0x04, 0x00, 0x7F, 0x07, 0xFC, 0x7D, 0xF3, 0x83, 0x9C, 0x1C, 0xE0, 0xF7, 0x07, 0xB8, 0x3D,
    0xC1, 0xCF, 0x9E, 0x3F, 0xE0, 0xFE, 0x00, 0x80, 0x01, 0xC0, 0x71, 0xFC, 0x7E, 0x3B, 0x03, 0x03,
    0xF1, 0xFE, 0x73, 0xFC, 0x7F, 0x1F, 0xC7, 0x73, 0xDF, 0xE3, 0xF0, 0x10, 0x06, 0x40, 0x7E, 0x02,
    0xE0, 0x0F, 0x00, 0xFC, 0x04, 0x20, 0x7F, 0x07, 0xFC, 0x7D, 0xF3, 0x83, 0x9C, 0x1C, 0xE0, 0xF7,
    0x07, 0xB8, 0x3D, 0xC1, 0xCF, 0x9E, 0x3F, 0xE0, 0xFE, 0x00, 0x80, 0x1F, 0x87, 0xE0, 0xE0, 0x7C,
    0x3B, 0x83, 0x03, 0xF1, 0xFE, 0x73, 0xFC, 0x7F, 0x1F, 0xC7, 0x73, 0xDF, 0xE3, 0xF0, 0x10, 0x07,
    0x80, 0x7C, 0x07, 0x70, 0x00, 0x01, 0xFC, 0x1F, 0xF1, 0xF7, 0xCE, 0x0E, 0x70, 0x73, 0x83, 0xDC,
    0x1E, 0xE0, 0xF7, 0x07, 0x3E, 0x78, 0xFF, 0x83, 0xF8, 0x02, 0x00, 0x38, 0x01, 0xC0, 0x0E, 0x00,
    0x1E, 0x0F, 0xC3, 0xB8, 0x30, 0x3F, 0x1F, 0xE7, 0x3F, 0xC7, 0xF1, 0xFC, 0x77, 0x3D, 0xFE, 0x3F,
    0x01, 0x00, 0xE0, 0x78, 0x0C, 0x00, 0x01, 0xC0, 0x07, 0x00, 0x1C, 0x00, 0x00, 0xE1, 0xFD, 0xC7,
    0xFF, 0x9F, 0x7E, 0x3C, 0x38, 0x70, 0x78, 0xE0, 0xF1, 0xC1, 0xE3, 0x83, 0xC7, 0x07, 0x0F, 0x9E,
    0x0F, 0xF8, 0x0F, 0xE0, 0x02, 0x00, 0x07, 0x80, 0xF0, 0x0E, 0x70, 0xC7, 0x3F, 0xF7, 0xFE, 0x73,
    0xCF, 0x1C, 0xF1, 0xCF, 0x1C, 0x73, 0xC7, 0xF8, 0x3F, 0x00, 0x40, 0x0E, 0x00, 0x1E, 0x00, 0x0E,
    0x00, 0x00, 0xE1, 0xFD, 0xC7, 0xFF, 0x9F, 0x7E, 0x3C, 0x38, 0x70, 0x78, 0xE0, 0xF1, 0xC1, 0xE3,
    0x83, 0xC7, 0x07, 0x0F, 0x9E, 0x0F, 0xF8, 0x0F, 0xE0, 0x02, 0x00, 0x3C, 0x01, 0xC0, 0x0E, 0x70,
    0xC7, 0x3F, 0xF7, 0xFE, 0x73, 0xCF, 0x1C, 0xF1, 0xCF, 0x1C, 0x73, 0xC7, 0xF8, 0x3F, 0x00, 0x40,
    0x07, 0x00, 0x0F, 0x00, 0x0E, 0x00, 0x38, 0x00, 0x21, 0xC3, 0xFB, 0x8F, 0xFF, 0x3E, 0xFC, 0x78,
    0x70, 0xE0, 0xF1, 0xC1, 0xE3, 0x83, 0xC7, 0x07, 0x8E, 0x0E, 0x1F, 0x3C, 0x1F, 0xF0, 0x1F, 0xC0,
    0x04, 0x00, 0x1E, 0x01, 0xE0, 0x0E, 0x00, 0xE7, 0x0C, 0x73, 0xFF, 0x7F, 0xE7, 0x3C, 0xF1, 0xCF,
    0x1C, 0xF1, 0xC7, 0x3C, 0x7F, 0x83, 0xF0, 0x04, 0x00, 0x0E, 0xC0, 0x3F, 0x80, 0x6F, 0x00, 0x00,
    0xE1, 0xFD, 0xC7, 0xFF, 0x9F, 0x7E, 0x3C, 0x38, 0x70, 0x78, 0xE0, 0xF1, 0xC1, 0xE3, 0x83, 0xC7,
    0x07, 0x0F, 0x9E, 0x0F, 0xF8, 0x0F, 0xE0, 0x02, 0x00, 0x1D, 0x83, 0xF8, 0x3F, 0x70, 0xC7, 0x3F,
    0xF7, 0xFE, 0x73, 0xCF, 0x1C, 0xF1, 0xCF, 0x1C, 0x73, 0xC7, 0xF8, 0x3F, 0x00, 0x40, 0x00, 0x1C,
    0x3F, 0xB8, 0xFF, 0xF3, 0xEF, 0xC7, 0x87, 0x0E, 0x0F, 0x1C, 0x1E, 0x38, 0x3C, 0x70, 0x78, 0xE0,
    0xE1, 0xF3, 0xC1, 0xFF, 0x01, 0xFC, 0x00, 0x40, 0x01, 0xC0, 0x03, 0x80, 0x07, 0x00, 0x00, 0x70,
    0xC7, 0x3F, 0xF7, 0xFE, 0x73, 0xCF, 0x1C, 0xF1, 0xCF, 0x1C, 0x73, 0xC7, 0xF8, 0x3F, 0x00, 0x40,
    0x0E, 0x00, 0xE0, 0x0C, 0x00, 0xE1, 0xFC, 0x3F, 0x87, 0xF0, 0xFE, 0x1F, 0xC3, 0xF8, 0x7F, 0x0F,
    0xE1, 0xFE, 0x79, 0xFF, 0x1F, 0xC0, 0xC0, 0x38, 0x07, 0x80, 0x60, 0x00, 0x71, 0xF8, 0xFC, 0x7E,
    0x3F, 0x1F, 0x8F, 0xCF, 0xFF, 0xBF, 0xC4, 0x03, 0x81, 0xC0, 0xC0, 0x1C, 0x03, 0xC0, 0x18, 0x07,
    0x00, 0xC1, 0xC3, 0xF8, 0x7F, 0x0F, 0xE1, 0xFC, 0x3F, 0x87, 0xF0, 0xFE, 0x1F, 0xC3, 0xFC, 0xF3,
    0xFE, 0x3F, 0x81, 0x80, 0x3C, 0x1F, 0x03, 0x83, 0x80, 0x07, 0x1F, 0x8F, 0xC7, 0xE3, 0xF1, 0xF8,
    0xFC, 0xFF, 0xFB, 0xFC, 0x40, 0x07, 0x80, 0x3C, 0x00, 0xE0, 0x00, 0x07, 0xE1, 0xFF, 0x87, 0xFE,
    0x1F, 0xB8, 0x78, 0xE1, 0xE3, 0x87, 0x8E, 0x1E, 0x38, 0x78, 0xE1, 0xE3, 0xCF, 0x07, 0xFC, 0x0F,
    0xE0, 0x0C, 0x00, 0x0F, 0x00, 0x70, 0x07, 0x1C, 0x00, 0xEE, 0x3F, 0x71, 0xF3, 0x8F, 0x1C, 0x70,
    0xE3, 0x87, 0x1C, 0x39, 0xE1, 0xFF, 0x07, 0xF8, 0x08, 0x00, 0x3C, 0x00, 0x70, 0x00, 0xE0, 0x00,
    0x07, 0xE1, 0xFF, 0x87, 0xFE, 0x1F, 0xB8, 0x78, 0xE1, 0xE3, 0x87, 0x8E, 0x1E, 0x38, 0x78, 0xE1,
    0xE3, 0xCF, 0x07, 0xFC, 0x0F, 0xE0, 0x0C, 0x00, 0x78, 0x01, 0xE0, 0x07, 0x1C, 0x00, 0xEE, 0x3F,
    0x71, 0xF3, 0x8F, 0x1C, 0x70, 0xE3, 0x87, 0x1C, 0x39, 0xE1, 0xFF, 0x07, 0xF8, 0x08, 0x00, 0x1C,
    0x00, 0x78, 0x00, 0x60, 0x03, 0x80, 0x0C, 0x1F, 0x87, 0xFE, 0x1F, 0xF8, 0x7E, 0xE1, 0xE3, 0x87,
    0x8E, 0x1E, 0x38, 0x78, 0xE1, 0xE3, 0x87, 0x8F, 0x3C, 0x1F, 0xF0, 0x3F, 0x80, 0x30, 0x00, 0x3C,
    0x01, 0xF0, 0x03, 0x80, 0x38, 0xE0, 0x07, 0x71, 0xFB, 0x8F, 0x9C, 0x78, 0xE3, 0x87, 0x1C, 0x38,
    0xE1, 0xCF, 0x0F, 0xF8, 0x3F, 0xC0, 0x40, 0x00, 0x1D, 0x80, 0xFE, 0x03, 0xF0, 0x00, 0x07, 0xE1,
    0xFF, 0x87, 0xFE, 0x1F, 0xB8, 0x78, 0xE1, 0xE3, 0x87, 0x8E, 0x1E, 0x38, 0x78, 0xE1, 0xE3, 0xCF,
    0x07, 0xFC, 0x0F, 0xE0, 0x0C, 0x00, 0x3B, 0x03, 0xF8, 0x1F, 0x9C, 0x00, 0xEE, 0x3F, 0x71, 0xF3,
    0x8F, 0x1C, 0x70, 0xE3, 0x87, 0x1C, 0x39, 0xE1, 0xFF, 0x07, 0xF8, 0x08, 0x00, 0x00, 0x1F, 0x87,
    0xFE, 0x1F, 0xF8, 0x7E, 0xE1, 0xE3, 0x87, 0x8E, 0x1E, 0x38, 0x78, 0xE1, 0xE3, 0x87, 0x8F, 0x3C,
    0x1F, 0xF0, 0x3F, 0x80, 0x30, 0x01, 0xC0, 0x07, 0x80, 0x0C, 0x00, 0x00, 0x70, 0x03, 0xB8, 0xFD,
    0xC7, 0xCE, 0x3C, 0x71, 0xC3, 0x8E, 0x1C, 0x70, 0xE7, 0x87, 0xFC, 0x1F, 0xE0, 0x20, 0x01, 0xC0,
    0x0E, 0x00, 0x60, 0x00, 0x1C, 0x03, 0xC0, 0x1C, 0x00, 0x0E, 0x1F, 0xE3, 0x9C, 0xF3, 0xDC, 0x3F,
    0x07, 0xE0, 0x78, 0x07, 0x00, 0xE0, 0x1C, 0x03, 0x80, 0x70, 0x3C, 0x07, 0x00, 0xE0, 0x00, 0xE3,
    0xFC, 0xE7, 0x39, 0xDE, 0x7F, 0x0F, 0xC3, 0xE0, 0x78, 0x1E, 0x07, 0x03, 0xC3, 0xE0, 0xF8, 0x00,
    0xE1, 0xFE, 0x39, 0xCF, 0x3D, 0xC3, 0xF0, 0x7E, 0x07, 0x80, 0x70, 0x0E, 0x01, 0xC0, 0x38, 0x07,
    0x00, 0x00, 0x1C, 0x07, 0x80, 0x60, 0x00, 0x38, 0xFF, 0x39, 0xCE, 0x77, 0x9F, 0xC3, 0xF0, 0xF8,
    0x1E, 0x07, 0x81, 0xC0, 0xFE, 0xFB, 0xBE, 0x60, 0x1E, 0x03, 0xC0, 0x1C, 0x07, 0x00, 0xC1, 0xC3,
    0xFC, 0x73, 0x9E, 0x7B, 0x87, 0xE0, 0xFC, 0x0F, 0x00, 0xE0, 0x1C, 0x03, 0x80, 0x70, 0x0E, 0x00,
    0x1E, 0x07, 0x80, 0xE0, 0x70, 0x00, 0x38, 0xFF, 0x39, 0xCE, 0x77, 0x9F, 0xC3, 0xF0, 0xF8, 0x1E,
    0x07, 0x81, 0xC0, 0xF0, 0xF8, 0x3E, 0x00, 0x1D, 0x87, 0xF0, 0xFC, 0x00, 0x0E, 0x1F, 0xE3, 0x9C,
    0xF3, 0xDC, 0x3F, 0x07, 0xE0, 0x78, 0x07, 0x00, 0xE0, 0x1C, 0x03, 0x80, 0x70, 0x39, 0x1F, 0xC6,
    0xF0, 0x00, 0xE3, 0xFC, 0xE7, 0x39, 0xDE, 0x7F, 0x0F, 0xC3, 0xE0, 0x78, 0x1E, 0x07, 0x03, 0xC3,
    0xE0, 0xF8, 0x00, 0x21, 0xBF, 0xEC, 0x63, 0x18, 0xC6, 0x31, 0x8C, 0x60, 0x00, 0x23, 0x3E, 0xF1,
    0x8C, 0x63, 0x18, 0xC6, 0x31, 0x8C, 0x00, 0xFF, 0xFE, 0xFF, 0xFE, 0xFF, 0xFF, 0xC0, 0x00, 0xFF,
    0xFF, 0xFF, 0xFF, 0xFF, 0x7F, 0xFF, 0xBF, 0xFF, 0xC0, 0xFF, 0xFF, 0x7F, 0xFF, 0xBF, 0xFF, 0xC0,
    0xE7, 0xDF, 0xBF, 0x7E, 0xFD, 0xFB, 0xF7, 0xEF, 0xDF, 0xBF, 0x7E, 0xFD, 0xFB, 0xF7, 0xE6, 0x7F,
    0x7F, 0x7F, 0x7F, 0x76, 0xEE, 0xC0, 0x7E, 0xEE, 0xC0, 0x77, 0xEE, 0x40, 0xEE, 0x67, 0x20, 0x76,
    0x6E, 0xEE, 0xEE, 0xCC, 0x7E, 0xEE, 0xEE, 0xEC, 0xCC, 0x77, 0x77, 0xEE, 0xEE, 0x4C, 0xEE, 0xEE,
    0x6E, 0x76, 0x22, 0x1C, 0x1C, 0x18, 0x7F, 0x7F, 0x7F, 0x18, 0x18, 0x18, 0x1C, 0x1C, 0x1C, 0x1C,
    0x1C, 0x1C, 0x1C, 0x7F, 0x7F, 0x1C, 0x1C, 0x1C, 0x7F, 0x7F, 0x58, 0x1C, 0x1C, 0x79, 0xFF, 0xFF,
    0x78, 0xE0, 0x00, 0xC1, 0xE3, 0xE7, 0xCE, 0x10, 0x00, 0x6F, 0x72, 0x73, 0xBB, 0xDC, 0xE4, 0x20,
    0x73, 0x19, 0xDE, 0xF7, 0x7B, 0xC8, 0x44, 0x77, 0x72, 0x07, 0xF1, 0x8C, 0x63, 0x18, 0xC6, 0x31,
    0x8C, 0x00, 0x07, 0xC6, 0x31, 0x8C, 0x63, 0x18, 0xC6, 0x31, 0x80, 0xFF, 0xFF, 0x66, 0x66, 0x66,
    0x66, 0x66, 0x00, 0xFF, 0x8F, 0x66, 0x66, 0x66, 0x66, 0x66, 0x00, 0xFF, 0x1F, 0x66, 0x66, 0x66,
    0x66, 0x66, 0x00, 0x00, 0x00, 0x03, 0xE3, 0x80, 0x1F, 0x18, 0x01, 0xD9, 0xC0, 0x0E, 0xEC, 0x00,
    0x76, 0xEC, 0x33, 0xFF, 0xF3, 0xCF, 0xFF, 0xFF, 0x3F, 0x6F, 0xF8, 0x3B, 0x7F, 0xC3, 0x9B, 0xFE,
    0x18, 0xFF, 0xF1, 0xC7, 0xCF, 0x00, 0x08, 0x00, 0x00, 0x00, 0x00, 0x07, 0xC7, 0x00, 0x00, 0xFC,
    0x60, 0x00, 0x0E, 0xCE, 0x00, 0x00, 0xEE, 0xC0, 0x00, 0x0E, 0xFD, 0x86, 0x18, 0xFF, 0xFC, 0xFB,
    0xE7, 0xFF, 0xFF, 0xBE, 0x3F, 0x6F, 0xDF, 0x70, 0x76, 0xFD, 0xF7, 0x0E, 0x6F, 0xFF, 0x70, 0xC7,
    0xFF, 0xBE, 0x1C, 0x3C, 0xF3, 0xE0, 0x01, 0x00, 0x08, 0x38, 0xE7, 0x18, 0x60, 0x3B, 0x9D, 0x9D,
    0xCD, 0xC6, 0xC0, 0x3B, 0xB9, 0xDB, 0x9D, 0xD8, 0xDD, 0xC6, 0xCC, 0x00, 0x71, 0xC3, 0x86, 0x18,
    0x7E, 0x3B, 0x8E, 0xC3, 0x71, 0x98, 0x7E, 0xE3, 0xBB, 0x8E, 0xDC, 0x37, 0x71, 0x99, 0x80, 0x10,
    0x70, 0xE3, 0xE6, 0xD9, 0xC0, 0x10, 0xF3, 0x9C, 0xF1, 0xC3, 0x87, 0x00, 0x21, 0xC7, 0x0E, 0x3C,
    0xE7, 0x18, 0x00, 0x00, 0x00, 0x8E, 0x67, 0x3B, 0x8E, 0xDC, 0x1C, 0xE0, 0x3F, 0x07, 0x79, 0xDD,
    0xEF, 0x6F, 0xD8, 0x73, 0x83, 0x97, 0x1C, 0xEE, 0x63, 0x98, 0x0C, 0x00, 0x77, 0xBB, 0xDD, 0xEE,
    0xF7, 0x3B, 0x9D, 0xCE, 0xE7, 0x21, 0x39, 0x9D, 0xEE, 0xF2, 0x10, 0x00, 0xFE, 0xFF, 0xFF, 0x37,
    0x3E, 0x3E, 0x38, 0x38, 0x00, 0x38, 0x38, 0x38, 0x10, 0x7F, 0xDF, 0xF7, 0xFC, 0xC0, 0x70, 0x37,
    0xB8, 0xFC, 0x0C, 0x0F, 0xC7, 0x1B, 0x03, 0x00, 0x40, 0x06, 0x1C, 0x30, 0x61, 0x83, 0x0E, 0x1C,
    0x7C, 0xDB, 0x38, 0x00, 0xE0, 0x00, 0x1C, 0x00, 0x1B, 0x20, 0x03, 0xFE, 0x00, 0x7F, 0xC0, 0x03,
    0xE0, 0x00, 0xFC, 0x00, 0xDD, 0xB8, 0x18, 0x07, 0x03, 0x00, 0xE3, 0xFC, 0xFF, 0xFF, 0x9F, 0xF3,
    0xC0, 0xF8, 0xFC, 0x1F, 0x1F, 0x87, 0x71, 0x20, 0x68, 0x7B, 0xF7, 0xC0, 0x01, 0x80, 0xE0, 0x30,
    0x1C, 0x06, 0x03, 0x81, 0xC0, 0x70, 0x38, 0x0E, 0x07, 0x01, 0x80, 0xF7, 0xB9, 0xCE, 0x73, 0xDE,
    0xF7, 0x39, 0xCE, 0x7B, 0xC0, 0xFF, 0xCE, 0x73, 0x9F, 0xFF, 0xF9, 0xCE, 0x73, 0xFF, 0xE0, 0x00,
    0x00, 0xFE, 0xFE, 0xFF, 0xFF, 0xE7, 0xCF, 0x07, 0x07, 0x0F, 0x0E, 0x1E, 0x1E, 0x3C, 0x38, 0x38,
    0x38, 0x10, 0x10, 0x38, 0x38, 0x38, 0x38, 0x38, 0x38, 0x10, 0x10, 0x00, 0x0F, 0xE7, 0xFF, 0x7E,
    0x77, 0x07, 0x70, 0xF7, 0x1E, 0x73, 0xC7, 0x38, 0x71, 0x02, 0x38, 0x73, 0x87, 0x38, 0x71, 0x02,
    0x00, 0x03, 0xBF, 0x9D, 0xFC, 0xEC, 0xF7, 0x03, 0xB8, 0x39, 0xC7, 0xCE, 0x38, 0x71, 0xC1, 0x04,
    0x1C, 0x60, 0xE7, 0x87, 0x1C, 0x10, 0x40, 0x00, 0x7F, 0xFF, 0xE0, 0xE0, 0x70, 0x70, 0x38, 0x38,
    0x3C, 0x1C, 0x00, 0xFE, 0x7F, 0xF7, 0xFB, 0xFD, 0xFE, 0xFF, 0x7F, 0xBF, 0xDE, 0x6C, 0x36, 0x1B,
    0x0D, 0x86, 0xC3, 0x60, 0x00, 0x00, 0x0F, 0xF7, 0xFD, 0xFB, 0x7E, 0xDF, 0xB7, 0xED, 0xFF, 0x3F,
    0xC7, 0xF0, 0x00, 0x3F, 0xCF, 0xFB, 0x7E, 0xDF, 0xB7, 0xED, 0xFB, 0xFE, 0xFF, 0x3F, 0x80, 0x1C,
    0x0E, 0x17, 0x7F, 0xFF, 0xF9, 0xF1, 0xFC, 0xEE, 0x00, 0x00, 0x23, 0x9C, 0xE0, 0x00, 0x00, 0x73,
    0x9C, 0x61, 0x00, 0x0C, 0x0F, 0xC7, 0x1B, 0x03, 0x00, 0x40, 0x00, 0x00, 0x00, 0x00, 0x00, 0x00,
    0x00, 0x00, 0x00, 0x00, 0x0C, 0x07, 0x03, 0x7B, 0x8F, 0xC0, 0x1C, 0x0E, 0x17, 0x7F, 0xFF, 0xF9,
    0xF1, 0xFC, 0xEE, 0x1C, 0x0E, 0x17, 0x7F, 0xFF, 0xF9, 0xF1, 0xFC, 0xEE, 0x00, 0x00, 0x01, 0xDF,
    0xBF, 0x61, 0xC3, 0x8E, 0x1C, 0x30, 0xE1, 0xBF, 0x7E, 0xE0, 0x80, 0x1C, 0x00, 0x3F, 0xF9, 0x9F,
    0xFF, 0xD8, 0x0F, 0xC0, 0x1E, 0x1F, 0xEE, 0x1F, 0x03, 0x0C, 0x17, 0x9F, 0xC7, 0xEF, 0xFF, 0xFD,
    0xFC, 0xFE, 0x0C, 0x00, 0x01, 0x01, 0xC0, 0xE0, 0x60, 0x01, 0x01, 0xC0, 0xE0, 0x60, 0x00, 0x00,
    0x40, 0x70, 0x38, 0x18, 0x3B, 0xF7, 0x3F, 0x7E, 0x77, 0xEE, 0x6E, 0xDC, 0x6C, 0xD8, 0x01, 0x00,
    0x0E, 0x00, 0x38, 0x00, 0xC0, 0x00, 0x00, 0x80, 0x27, 0x03, 0xDC, 0x0F, 0x60, 0x18, 0x00, 0x00,
    0x10, 0x00, 0xE0, 0x03, 0x80, 0x0C, 0x00, 0x20, 0x09, 0xC0, 0xF7, 0x03, 0xD8, 0x06, 0x00, 0x00,
    0x04, 0x00, 0x38, 0x00, 0xE0, 0x03, 0x00, 0x00, 0x02, 0x00, 0x9C, 0x0F, 0x70, 0x3D, 0x80, 0x60,
    0x07, 0x77, 0x00, 0x00, 0x00, 0x77, 0x72, 0x00, 0x01, 0xC0, 0x3C, 0x07, 0x00, 0x00, 0x00, 0x1C,
    0x3B, 0x8F, 0x70, 0xE0, 0x00, 0x00, 0x03, 0x00, 0xF0, 0x1C, 0x01, 0x00, 0x03, 0x00, 0xCC, 0xC7,
    0xB7, 0x9E, 0xDE, 0x33, 0x30, 0x0C, 0x0F, 0xFF, 0xFF, 0xFF, 0x03, 0x00, 0xCC, 0x47, 0xB3, 0x9E,
    0xDE, 0x33, 0x30, 0x0C, 0x00, 0x77, 0x70, 0x07, 0x77, 0x20, 0x67, 0x72, 0x27, 0x76, 0x77, 0x77,
    0x77, 0x27, 0x76, 0xFF, 0x6F, 0x66, 0x66, 0x66, 0x66, 0x66, 0x00, 0xFF, 0x9F, 0x66, 0x66, 0x66,
    0x66, 0x66, 0x00, 0xFF, 0x66, 0x66, 0x66, 0x66, 0x66, 0x66, 0x00, 0x06, 0xFF, 0x66, 0x66, 0x66,
    0x66, 0x66, 0x00, 0x6F, 0xF6, 0x66, 0x66, 0x66, 0x66, 0x66, 0x00, 0xEE, 0x6F, 0x66, 0x66, 0x66,
    0x66, 0x66, 0x00, 0x31, 0xEF, 0xFF, 0xEF, 0xFF, 0xDF, 0x30, 0x5D, 0x7F, 0xFF, 0x40, 0x08, 0x78,
    0xF3, 0xEF, 0xDF, 0xBF, 0x8E, 0x00, 0x01, 0xF7, 0x9E, 0x7C, 0x3F, 0xFF, 0x30, 0x19, 0xFF, 0xFE,
    0xFF, 0xBF, 0xDF, 0x30, 0x03, 0xFF, 0xC7, 0x18, 0xE3, 0x1C, 0x00, 0x31, 0xFF, 0xFF, 0x7F, 0xFF,
    0xFF, 0x30, 0x31, 0xFF, 0xFB, 0xFD, 0xF7, 0xDE, 0x60, 0x30, 0xCF, 0xFF, 0x30, 0xC0, 0xFF, 0xF0,
    0xFF, 0xFF, 0xFF, 0x0F, 0xED, 0xB6, 0xCC, 0x80, 0x19, 0xB6, 0xDB, 0x7A, 0x00, 0x59, 0xFB, 0xBF,
    0x7E, 0xFD, 0xD1, 0x00, 0x31, 0xEF, 0xFF, 0xEF, 0xFF, 0xDF, 0x30, 0x01, 0xFE, 0xF3, 0x9C, 0xE7,
    0x00, 0x33, 0xFF, 0xC7, 0x39, 0xCF, 0xFF, 0x00, 0x33, 0xF7, 0xCF, 0x78, 0x7F, 0xFF, 0x30, 0x08,
    0x78, 0xF3, 0xEF, 0xDF, 0xBF, 0x8E, 0x00, 0x01, 0xF7, 0x9E, 0x7C, 0x3F, 0xFF, 0x30, 0x19, 0xFF,
    0xFE, 0xFF, 0xBF, 0xDF, 0x30, 0x03, 0xFF, 0xC7, 0x18, 0xE3, 0x1C, 0x00, 0x31, 0xFF, 0xFF, 0x7F,
    0xFF, 0xFF, 0x30, 0x31, 0xFF, 0xFB, 0xFD, 0xF7, 0xDE, 0x60, 0x30, 0xCF, 0xFF, 0x30, 0xC0, 0xFF,
    0xF0, 0xFF, 0xFF, 0xFF, 0x0F, 0xED, 0xB6, 0xCC, 0x80, 0x19, 0xB6, 0xDB, 0x7A, 0x00, 0x7D, 0xF7,
    0xFB, 0xFD, 0xF0, 0x7F, 0xFF, 0xFF, 0x7D, 0xF0, 0x7D, 0xFB, 0xBF, 0x77, 0xCF, 0x00, 0xEC, 0xF9,
    0xE3, 0xCF, 0xD9, 0x80, 0x79, 0xFF, 0xFF, 0xFD, 0xE0, 0xE1, 0xC3, 0xF7, 0xFE, 0xFD, 0xFB, 0xB7,
    0xE1, 0xC3, 0xBF, 0xEF, 0x9F, 0x3B, 0x37, 0xFF, 0xFF, 0xFB, 0xFF, 0xFF, 0xFE, 0xEF, 0xB3, 0xEC,
    0xDB, 0x30, 0xFD, 0xFF, 0xBF, 0x7E, 0xED, 0xC0, 0xFD, 0xFB, 0xBF, 0x7F, 0xDF, 0xB8, 0x70, 0x7F,
    0xFE, 0x7F, 0xFC, 0x03, 0x3F, 0xE6, 0x31, 0xEF, 0x00, 0x1F, 0x87, 0xE3, 0xC0, 0xEF, 0xBB, 0xFE,
    0xFB, 0xFE, 0x7F, 0x8F, 0xE0, 0xE0, 0x3F, 0x0F, 0xC0, 0x06, 0x83, 0xE3, 0xFD, 0xFF, 0x7D, 0xBF,
    0xCF, 0xF3, 0xBC, 0xFB, 0x1E, 0xC7, 0xFC, 0xFF, 0x1F, 0x8D, 0x80, 0x00, 0x07, 0xE3, 0xF9, 0xE6,
    0x70, 0x3D, 0x6F, 0xFB, 0xBE, 0xFF, 0x3F, 0x87, 0xE9, 0xFE, 0x3F, 0x81, 0x00, 0x7F, 0xBF, 0xDF,
    0xCE, 0x07, 0x03, 0xFD, 0xFE, 0xE0, 0xFE, 0x7F, 0x1C, 0x0E, 0x00, 0x00, 0x07, 0xE3, 0xF8, 0xE4,
    0x38, 0x3F, 0xCF, 0xF1, 0xFC, 0xFF, 0x0E, 0x07, 0xFB, 0xFF, 0xFF, 0xC0, 0x00, 0x00, 0x01, 0xC0,
    0x33, 0xC7, 0xFF, 0xEF, 0xFF, 0xDE, 0xF3, 0xB8, 0xE7, 0x73, 0xCE, 0xE7, 0x9D, 0xCF, 0x3B, 0xBE,
    0x77, 0x7C, 0xE1, 0xC0, 0x03, 0x00, 0x00, 0x73, 0x9E, 0xE7, 0xB9, 0xEE, 0xFF, 0xFF, 0xFF, 0xFF,
    0xFF, 0x6F, 0x99, 0xE6, 0x79, 0x9E, 0xFC, 0x03, 0xF8, 0x0F, 0xF0, 0x39, 0xD8, 0xE7, 0x63, 0xFF,
    0xFF, 0xFF, 0xFF, 0x38, 0xE0, 0xE3, 0x83, 0x8E, 0x0F, 0xF8, 0x1F, 0x00, 0x10, 0xFC, 0x03, 0xF8,
    0x0F, 0xE3, 0x3B, 0xFF, 0xEE, 0xFF, 0xFB, 0x8F, 0xCF, 0x3F, 0x1F, 0xFE, 0x3F, 0xB8, 0x7E, 0xFF,
    0xF9, 0xFE, 0x00, 0x20, 0xE7, 0x37, 0x7B, 0xBB, 0xDD, 0xDE, 0xE6, 0xF7, 0x7F, 0xFB, 0xFF, 0xCF,
    0xFC, 0x7D, 0xE3, 0xCF, 0x0E, 0x78, 0x73, 0x80, 0xFF, 0x3F, 0xFD, 0xF8, 0xFF, 0xFB, 0xFF, 0xDF,
    0xFE, 0xFF, 0xF7, 0xFF, 0xBF, 0xFD, 0xFF, 0xE1, 0xFF, 0xFF, 0xFF, 0xE0, 0x03, 0xC1, 0xFC, 0x3F,
    0x87, 0xF3, 0xFC, 0xFF, 0x9F, 0xF7, 0x9E, 0xF1, 0xDE, 0x39, 0xCF, 0x3F, 0xE3, 0xFC, 0x10, 0x0F,
    0xE1, 0xFC, 0x0F, 0xCF, 0xE3, 0xD9, 0xE0, 0xFF, 0x3F, 0xCF, 0xE3, 0xF8, 0x78, 0x0F, 0x23, 0xF8,
    0x7E, 0x02, 0x00, 0x73, 0xDC, 0xE7, 0x71, 0xDC, 0x7E, 0x3F, 0xEF, 0xF9, 0xF8, 0x77, 0x1D, 0xE7,
    0x39, 0xCF, 0xFF, 0xFF, 0xFF, 0xF8, 0x7C, 0x1F, 0x07, 0x07, 0xF1, 0xFC, 0x1C, 0x1F, 0x07, 0xC0,
    0x70, 0x00, 0x00, 0x7F, 0x80, 0x3F, 0xE0, 0x0C, 0xF8, 0x03, 0x9C, 0x01, 0xCE, 0x01, 0xE7, 0x00,
    0xE3, 0xBC, 0x71, 0xFF, 0x39, 0xFD, 0xDF, 0xEC, 0xFF, 0xEF, 0xEF, 0xE7, 0xF0, 0x03, 0xA0, 0x01,
    0xC0, 0x01, 0xC0, 0x00, 0xE0, 0x00, 0x00, 0x03, 0xE1, 0xF8, 0x77, 0x1D, 0xC7, 0xE1, 0xF8, 0x3C,
    0x2F, 0x1F, 0xC7, 0xFB, 0xFE, 0xDB, 0x80, 0xF0, 0x3C, 0x1E, 0x07, 0x80, 0x7E, 0x1F, 0xCF, 0xFF,
    0xFF, 0x73, 0xBF, 0xF7, 0xF9, 0xFC, 0x7E, 0x1C, 0x07, 0x01, 0xC0, 0x07, 0x03, 0xFC, 0xFF, 0xBF,
    0xE7, 0xF0, 0xEE, 0x1D, 0xFB, 0xBF, 0x77, 0xEE, 0xFD, 0xFF, 0x9F, 0xF1, 0xFE, 0x0E, 0x00, 0x80,
    0x0E, 0x03, 0xE0, 0x7C, 0x1F, 0x8F, 0xFF, 0xFF, 0xDE, 0xE7, 0xFF, 0xFF, 0xFE, 0x3B, 0x87, 0xF0,
    0x70, 0x00, 0x1F, 0xC7, 0xF9, 0xDE, 0x03, 0xBF, 0xFF, 0xFF, 0xFF, 0xFF, 0xDC, 0x07, 0x19, 0xFE,
    0x3F, 0x83, 0x00, 0x07, 0x03, 0xF8, 0xFF, 0x3F, 0xE7, 0xF0, 0xEE, 0x1D, 0xC3, 0xB8, 0x77, 0x0E,
    0xE1, 0xFF, 0x1F, 0xE1, 0xFC, 0x0E, 0x00, 0x80, 0x00, 0x03, 0x38, 0x7B, 0x8F, 0xFE, 0xFF, 0xE7,
    0x38, 0x73, 0x87, 0x38, 0x73, 0x87, 0x38, 0x73, 0xE7, 0x3E, 0x00, 0x80, 0x00, 0x00, 0x7F, 0x0F,
    0xF0, 0xE6, 0x0E, 0x00, 0xF0, 0x0F, 0xC0, 0x7E, 0x01, 0xFF, 0xFF, 0xFF, 0xFF, 0xDE, 0x7F, 0xE3,
    0xF8, 0x25, 0x80, 0xFF, 0xFF, 0xFF, 0xFB, 0xFE, 0xFF, 0xFF, 0xE1, 0xC0, 0x70, 0x1C, 0x07, 0x01,
    0xC0, 0x70, 0xFF, 0xFF, 0xFE, 0xFF, 0x1C, 0xFC, 0xF8, 0xF0, 0x70, 0x78, 0x3C, 0x3C, 0x78, 0x1F,
    0x87, 0xE3, 0xE0, 0xFE, 0x3F, 0x8F, 0xBB, 0xEE, 0x7B, 0x9F, 0xE7, 0xF1, 0xF8, 0x10, 0x00, 0x00,
    0x03, 0xE0, 0x0D, 0x80, 0x3F, 0xF8, 0xFF, 0xF9, 0xFF, 0xE1, 0x81, 0xC7, 0xFB, 0x1F, 0xF8, 0x72,
    0xC3, 0xE2, 0x03, 0xF8, 0x07, 0xE0, 0x02, 0x00, 0x03, 0x80, 0x0E, 0x00, 0x38, 0x03, 0xF8, 0x3F,
    0xF9, 0xFF, 0xE7, 0x3B, 0xDC, 0xE7, 0xF3, 0x9F, 0xCC, 0x7F, 0x01, 0xFC, 0x07, 0x7F, 0x9F, 0xF7,
    0xFD, 0xC7, 0x73, 0xFF, 0xFF, 0xFB, 0xF8, 0xFE, 0x3F, 0x8F, 0xE1, 0xC0, 0x07, 0x80, 0x7E, 0x0F,
    0xF8, 0xFF, 0xE7, 0xFF, 0x3B, 0xF9, 0xDF, 0xEE, 0xA6, 0x70, 0x03, 0xC0, 0x0F, 0x00, 0xFF, 0xE7,
    0xFF, 0x00, 0x3C, 0x3C, 0xFE, 0xFF, 0xFF, 0xE7, 0xFF, 0xFE, 0xFF, 0xE7, 0xE7, 0xEF, 0xFF, 0xFE,
    0x3C, 0x3C, 0x0E, 0x1F, 0x9F, 0xCE, 0x0F, 0x07, 0x83, 0xC0, 0xE2, 0x7F, 0x1F, 0x83, 0x1F, 0xEF,
    0xF0, 0xFF, 0xFF, 0xC0, 0x00, 0x00, 0xE0, 0x38, 0x07, 0x78, 0xEF, 0x39, 0xF7, 0x07, 0xC0, 0xF8,
    0x0F, 0x01, 0xC0, 0x18, 0x02, 0x00, 0x1E, 0x7C, 0xFB, 0xF7, 0xEF, 0x9E, 0x38, 0xFF, 0xFB, 0xFF,
    0xE7, 0x8E, 0x1E, 0x38, 0x78, 0xE1, 0xE3, 0x87, 0x8E, 0x1E, 0x38, 0x78, 0xE0, 0x1F, 0xC7, 0xFD,
    0xFB, 0x3C, 0x0F, 0xFF, 0xFF, 0xDE, 0x7B, 0xCF, 0x79, 0xEF, 0x3D, 0xE7, 0xBC, 0xF7, 0x9E, 0x1F,
    0xE7, 0xFD, 0xFF, 0xBC, 0xFF, 0xFF, 0xFF, 0xDE, 0x7B, 0xCF, 0x79, 0xEF, 0x3D, 0xE7, 0xBC, 0xF7,
    0x9E, 0x1E, 0x7F, 0x9F, 0x7F, 0xDF, 0xBE, 0xEF, 0x1C, 0x0F, 0xFF, 0xBF, 0xFF, 0xDD, 0xE3, 0x8E,
    0xF1, 0xC7, 0x78, 0xE3, 0xBC, 0x71, 0xDE, 0x38, 0xEF, 0x1C, 0x77, 0x8E, 0x38, 0x1E, 0x7F, 0x9F,
    0x7F, 0xDF, 0xBE, 0xEF, 0x1C, 0x7F, 0xFF, 0xBF, 0xFF, 0xDD, 0xE3, 0x8E, 0xF1, 0xC7, 0x78, 0xE3,
    0xBC, 0x71, 0xDE, 0x38, 0xEF, 0x1C, 0x77, 0x8E, 0x38, 0x3F, 0x07, 0xF8, 0xFF, 0x8E, 0x38, 0xE7,
    0xFE, 0x7F, 0xE3, 0x8E, 0x38, 0xE3, 0x8E, 0x38, 0xE3, 0x8E, 0x3F, 0xE1, 0xF0, 0x04, 0x03, 0xE0,
    0x0F, 0xF0, 0x3F, 0xE0, 0xF3, 0xC7, 0xFF, 0xEF, 0xDF, 0xFC, 0x1E, 0x3E, 0x3C, 0x7E, 0x78, 0x3E,
    0xF1, 0x1C, 0xE7, 0xF9, 0xFF, 0xE3, 0xE3, 0x01, 0x00, 0x00, 0x03, 0x30, 0x03, 0xB8, 0x01, 0xDC,
    0x00, 0xFE, 0x00, 0x7F, 0xC0, 0xF9, 0xFF, 0xFC, 0x7F, 0xFC, 0x0F, 0xE0, 0x01, 0xA0, 0x00, 0xF8,
    0x00, 0x78, 0x00, 0x1C, 0x00, 0x0C, 0x00, 0x60, 0x00, 0x07, 0x00, 0x08, 0x38, 0x00, 0xF1, 0xC0,
    0x0F, 0x0F, 0x83, 0xFF, 0x3F, 0xFF, 0xFC, 0xFF, 0xF3, 0xE1, 0xF8, 0x00, 0x03, 0x40, 0x00, 0x1F,
    0x00, 0x00, 0xF0, 0x00, 0x03, 0x00, 0x00, 0x18, 0x00, 0x00, 0x39, 0xCE, 0x73, 0xFF, 0xFE, 0x06,
    0xFF, 0xF7, 0x18, 0x38, 0x1C, 0x0E, 0x1F, 0xEF, 0xF7, 0x78, 0x00, 0xF0, 0x7C, 0x3C, 0x0C, 0x06,
    0x00, 0x01, 0x00, 0x00, 0xF0, 0x00, 0x78, 0x00, 0x7C, 0x00, 0x3C, 0x33, 0x00, 0x3B, 0x80, 0x1D,
    0xC0, 0x0F, 0xE0, 0x07, 0xFC, 0x0F, 0x9F, 0xFF, 0xC7, 0xFF, 0xC0, 0xFE, 0x00, 0x01, 0x80, 0x00,
    0x0F, 0x00, 0x00, 0x78, 0x00, 0x07, 0xC0, 0x00, 0x3C, 0x00, 0x30, 0x00, 0x03, 0x80, 0x04, 0x1C,
    0x00, 0x78, 0xE0, 0x07, 0x87, 0xC1, 0xFF, 0x9F, 0xFF, 0xFE, 0x7F, 0xF9, 0xF0, 0xFC, 0x00, 0x00,
    0x43, 0xDF, 0xFF, 0x01, 0xCE, 0x79, 0xCF, 0xFF, 0x78, 0x00, 0x30, 0x1E, 0x0F, 0x8F, 0xC7, 0xC0,
    0x00, 0xE0, 0x70, 0x38, 0x7F, 0xBF, 0xDD, 0xE0, 0x00, 0x78, 0x0F, 0xF0, 0xFF, 0xE4, 0xFE, 0x0F,
    0xE1, 0xF0, 0x7C, 0x07, 0x00, 0xF7, 0x8E, 0x78, 0xE3, 0x0E, 0x30, 0xF8, 0x67, 0xFE, 0x3F, 0xE0,
    0xFC, 0x78, 0x03, 0xFC, 0x0F, 0xFE, 0x13, 0xF8, 0x0F, 0xE0, 0x7F, 0x07, 0xCF, 0x9C, 0x3F, 0xF7,
    0xFF, 0x9E, 0x0E, 0x30, 0x38, 0xC0, 0xF8, 0x61, 0xFF, 0x83, 0xFE, 0x03, 0xF0, 0x30, 0x0F, 0xC1,
    0xFF, 0x3F, 0xE0, 0x7D, 0xFF, 0x3F, 0x87, 0xC0, 0x00, 0x03, 0xC0, 0xFC, 0x0F, 0x00, 0xC0, 0x18,
    0x00, 0x30, 0x03, 0xF0, 0x1F, 0xF0, 0xFF, 0x80, 0x7C, 0x7F, 0xFB, 0xFF, 0xFF, 0x1E, 0x00, 0x00,
    0xB0, 0x0F, 0x80, 0x3C, 0x01, 0xC0, 0x06, 0x00, 0x30, 0x3C, 0x3C, 0x7C, 0x78, 0x00, 0x04, 0x1E,
    0x1E, 0x0F, 0x07, 0x07, 0x7F, 0x7F, 0xFE, 0x00, 0x30, 0x07, 0x80, 0xF0, 0x3E, 0x07, 0x80, 0x00,
    0x01, 0x00, 0xF0, 0x1E, 0x01, 0xE0, 0x1C, 0x03, 0x87, 0xFC, 0xFF, 0xFF, 0xF8, 0x00, 0x0C, 0x0C,
    0x0C, 0x3F, 0x3F, 0x00, 0x04, 0x1C, 0x1E, 0x0E, 0x0E, 0x0E, 0x1E, 0x3C, 0xFC, 0xF8, 0x60, 0x0C,
    0x07, 0x01, 0xC0, 0xF8, 0x3E, 0x00, 0x00, 0x40, 0x70, 0x1E, 0x03, 0x80, 0xF8, 0x3F, 0x0F, 0xCF,
    0x0F, 0xC3, 0xE0, 0x60, 0x00, 0x18, 0x1E, 0x1F, 0x3F, 0x3E, 0x00, 0x04, 0x1C, 0x1E, 0x0E, 0x0E,
    0x0E, 0x1E, 0x3C, 0xFC, 0xF8, 0x60, 0x18, 0x07, 0x81, 0xE0, 0xF8, 0x3C, 0x00, 0x00, 0x40, 0x70,
    0x1E, 0x03, 0x80, 0xF8, 0x3F, 0x0F, 0xCF, 0x0F, 0xC3, 0xE0, 0x60, 0x00, 0x00, 0x06, 0x00, 0x1E,
    0x00, 0x7E, 0x00, 0xF8, 0x00, 0xE0, 0x60, 0xF0, 0xE0, 0x78, 0xE0, 0x3C, 0xE0, 0x1C, 0xF8, 0x3C,
    0x7F, 0xFC, 0x3F, 0xF8, 0x0F, 0xE0, 0x00, 0x06, 0x00, 0x07, 0x80, 0x07, 0xE0, 0x03, 0xE0, 0x01,
    0xE0, 0x18, 0x3C, 0x0E, 0x07, 0x83, 0x80, 0xF0, 0xE0, 0x1C, 0x3E, 0x0F, 0xE7, 0xFF, 0xF8, 0xFF,
    0xFE, 0x0F, 0xE0, 0x00, 0x06, 0x1F, 0x7F, 0xFC, 0xF0, 0xF8, 0x7C, 0x1C, 0x1E, 0xFE, 0xFE, 0xFC,
    0x00, 0x06, 0x07, 0xC7, 0xF3, 0xF0, 0xF0, 0x3E, 0x07, 0x80, 0xF0, 0x1E, 0x3F, 0xEF, 0xFF, 0xFF,
    0x00, 0x00, 0x00, 0x08, 0x00, 0x3C, 0x00, 0x7C, 0x01, 0xF6, 0x00, 0xDE, 0x00, 0x7E, 0x00, 0xF8,
    0x00, 0xE0, 0x60, 0xF0, 0xE0, 0x78, 0xE0, 0x3C, 0xE0, 0x1C, 0xF8, 0x3C, 0x7F, 0xFC, 0x3F, 0xF8,
    0x0F, 0xE0, 0x00, 0x08, 0x00, 0x0F, 0x00, 0x0F, 0x80, 0x07, 0x98, 0x01, 0xDE, 0x00, 0x1F, 0x80,
    0x0F, 0x80, 0x07, 0x80, 0x60, 0xF0, 0x38, 0x1E, 0x0E, 0x03, 0xC3, 0x80, 0x70, 0xF8, 0x3F, 0x9F,
    0xFF, 0xE3, 0xFF, 0xF8, 0x3F, 0x80, 0x02, 0x07, 0x0F, 0x8F, 0x66, 0xF9, 0xFD, 0xF8, 0xF0, 0x7C,
    0x1F, 0x03, 0x81, 0xE7, 0xF3, 0xF9, 0xF8, 0x00, 0x02, 0x01, 0xC0, 0xF8, 0x3D, 0x86, 0xF8, 0x7F,
    0x1F, 0x83, 0xC0, 0x7C, 0x07, 0x80, 0x78, 0x07, 0x87, 0xFC, 0xFF, 0xDF, 0xF8, 0x00, 0x00, 0x00,
    0x0E, 0x00, 0xE6, 0x0F, 0xE0, 0x7E, 0x07, 0xE0, 0x7F, 0x0F, 0xFF, 0xE7, 0xFC, 0x3F, 0x80, 0x00,
    0xE0, 0x01, 0xC1, 0x83, 0xC7, 0x03, 0xEE, 0x07, 0xFC, 0x0F, 0xFC, 0x3C, 0x7F, 0xF0, 0x7F, 0xC0,
    0x7F, 0x00, 0x00, 0x38, 0x3C, 0x3C, 0x7E, 0xFF, 0xE7, 0xFF, 0xFE, 0x7C, 0x00, 0x1E, 0x07, 0xF0,
    0xFF, 0x0E, 0x70, 0xE7, 0xEE, 0x3E, 0xE1, 0xE0, 0x00, 0x73, 0x9E, 0x73, 0xFF, 0xDE, 0x23, 0x1C,
    0x40, 0x30, 0x3C, 0x6F, 0x7F, 0xDF, 0x3F, 0x0F, 0x83, 0xE0, 0x78, 0x08, 0x00, 0x00, 0x00, 0x30,
    0x03, 0xE0, 0x1F, 0x81, 0xFE, 0x0E, 0xF8, 0x7F, 0xCF, 0xFF, 0xFF, 0xF7, 0xFF, 0x88, 0x00, 0x07,
    0x80, 0x7E, 0x03, 0xF0, 0x3B, 0x81, 0xDC, 0x7F, 0xFB, 0xFF, 0xFF, 0xFF, 0x1C, 0xE0, 0xFF, 0x03,
    0xF8, 0x0F, 0x80, 0x00, 0x07, 0x00, 0xF0, 0x3F, 0x87, 0xF8, 0xFF, 0x9F, 0xF7, 0xFE, 0xFF, 0xDF,
    0xF8, 0x00, 0x00, 0x1E, 0x07, 0xE0, 0xFC, 0x3F, 0x87, 0x71, 0xFF, 0xBF, 0xFF, 0xFF, 0x73, 0x8F,
    0xF0, 0xFE, 0x0F, 0x80, 0x06, 0x00, 0x1F, 0x00, 0x1F, 0x80, 0x3B, 0x80, 0x7B, 0x80, 0xF0, 0x00,
    0xF8, 0x0E, 0xFF, 0xFE, 0x7F, 0xFE, 0x0F, 0xF0, 0x01, 0xC7, 0xFD, 0xFF, 0xFF, 0x8E, 0x01, 0xFF,
    0xBF, 0xF3, 0xFE, 0x38, 0x00, 0x78, 0x00, 0x38, 0x00, 0x78, 0x00, 0x26, 0x00, 0x1F, 0x00, 0x1F,
    0x80, 0x3B, 0x80, 0x7B, 0x80, 0xF0, 0x00, 0xF8, 0x0E, 0xFF, 0xFE, 0x7F, 0xFE, 0x0F, 0xF0, 0x70,
    0x0E, 0x01, 0xE0, 0x3C, 0x06, 0x1C, 0x7F, 0xDF, 0xFF, 0xF8, 0xE0, 0x1F, 0xFB, 0xFF, 0x3F, 0xE0,
    0x00, 0xF8, 0x07, 0xE0, 0x1F, 0x80, 0xE0, 0x63, 0x83, 0x8F, 0x8E, 0x1F, 0xB8, 0x1E, 0xF0, 0x79,
    0xFF, 0xC7, 0xFE, 0x07, 0xF0, 0x00, 0x00, 0xC0, 0x83, 0x83, 0xF7, 0x07, 0xFE, 0x07, 0xFE, 0x07,
    0x3F, 0xFE, 0x3F, 0xF8, 0x3F, 0xC0, 0x38, 0xE3, 0x8E, 0x3B, 0xEF, 0xBC, 0x03, 0x6F, 0xF6, 0x38,
    0x1C, 0x0E, 0x1F, 0xEF, 0xF7, 0x78, 0x00, 0xD8, 0xFC, 0x7E, 0x00, 0x18, 0x7C, 0x7C, 0x70, 0x72,
    0x7E, 0xFF, 0xFC, 0xF0, 0x03, 0xFF, 0xC0, 0x38, 0xE3, 0x8E, 0x38, 0xE3, 0x8E, 0x38, 0xE3, 0x80,
    0x00, 0xFC, 0xFC, 0x00, 0x30, 0x38, 0x38, 0x38, 0x38, 0x38, 0x38, 0x38, 0x38, 0x38, 0x3E, 0x3F,
    0x1F, 0x00, 0xEE, 0xFF, 0xC7, 0x77, 0x77, 0x77, 0x77, 0x77, 0xE1, 0xC3, 0xC7, 0x8C, 0x0C, 0x1C,
    0x38, 0x70, 0xE1, 0xC3, 0x87, 0x0E, 0x1C, 0x3E, 0x7E, 0x7C, 0x00, 0x38, 0x38, 0x3C, 0x3C, 0x30,
    0x3C, 0x7E, 0x7E, 0x77, 0xFF, 0x7F, 0x7F, 0x1E, 0xFE, 0xFC, 0x70, 0x38, 0x07, 0x00, 0xF0, 0x1E,
    0x03, 0x00, 0x78, 0x1F, 0x83, 0xF8, 0x77, 0x1F, 0xF1, 0xFF, 0x3F, 0xE1, 0xF1, 0xFC, 0x3F, 0x03,
    0x80, 0x63, 0x9C, 0xE7, 0x39, 0xCE, 0x73, 0x9C, 0xE7, 0x01, 0xCE, 0x7B, 0xD8, 0x60, 0xE1, 0xC3,
    0x87, 0x0E, 0x1C, 0x38, 0x70, 0xE1, 0xF3, 0xF3, 0xE0, 0x1C, 0x38, 0x78, 0xF1, 0x80, 0x38, 0x00,
    0xE3, 0xE3, 0x9F, 0x8F, 0x7E, 0x23, 0x81, 0x8E, 0x0E, 0x3E, 0x38, 0x7E, 0xE0, 0x7B, 0xC1, 0xE7,
    0xFF, 0x1F, 0xF8, 0x1F, 0xC0, 0x38, 0x00, 0x70, 0x00, 0xE0, 0x01, 0xE0, 0x02, 0x00, 0x0C, 0x08,
    0x38, 0x3F, 0x70, 0x7F, 0xE0, 0x7F, 0xE0, 0x73, 0xFF, 0xE3, 0xFF, 0x83, 0xFC, 0x00, 0x67, 0x3D,
    0xEC, 0x39, 0xCF, 0x39, 0xFF, 0xEF, 0x00, 0x30, 0x70, 0x78, 0x78, 0x60, 0x38, 0x38, 0x38, 0xFE,
    0xFF, 0xFF, 0x00, 0x67, 0x77, 0x77, 0x77, 0x77, 0x77, 0x70, 0x60, 0xE1, 0xC3, 0x87, 0x0E, 0x1C,
    0x38, 0x70, 0xE1, 0xF3, 0xF3, 0xE0, 0x00, 0x00, 0x03, 0x30, 0x03, 0xB8, 0x01, 0xDC, 0x00, 0xFE,
    0x00, 0x7F, 0xC0, 0xF9, 0xFF, 0xFC, 0x7F, 0xFC, 0x0F, 0xE0, 0x00, 0xC0, 0x00, 0x70, 0x00, 0x38,
    0x00, 0x60, 0x00, 0x07, 0x00, 0x08, 0x38, 0x00, 0xF1, 0xC0, 0x0F, 0x0F, 0x83, 0xFF, 0x3F, 0xFF,
    0xFC, 0xFF, 0xF3, 0xE1, 0xF8, 0x00, 0x01, 0x80, 0x00, 0x0E, 0x00, 0x00, 0x70, 0x00, 0x73, 0x9E,
    0x73, 0xFF, 0xDE, 0x03, 0x1C, 0xC0, 0x38, 0x38, 0x38, 0xFE, 0xFF, 0xFF, 0x00, 0x30, 0x70, 0x30,
    0x24, 0x7E, 0x7E, 0x00, 0x38, 0x3C, 0x3C, 0x7E, 0xFF, 0xE7, 0xFF, 0xFE, 0x7C, 0x00, 0x12, 0x07,
    0xE0, 0xFC, 0x00, 0x00, 0x70, 0x1E, 0x0F, 0xC3, 0xF8, 0xF7, 0x1C, 0xE3, 0xFC, 0x3F, 0xE3, 0xFE,
    0x07, 0xC0, 0x00, 0x03, 0x60, 0x03, 0xF0, 0x00, 0xF8, 0xCC, 0x00, 0xEE, 0x00, 0x77, 0x00, 0x3F,
    0x80, 0x1F, 0xF0, 0x3E, 0x7F, 0xFF, 0x1F, 0xFF, 0x03, 0xF8, 0x00, 0x03, 0x60, 0x00, 0x1F, 0x80,
    0x00, 0xF8, 0x00, 0xC0, 0x00, 0x0E, 0x00, 0x10, 0x70, 0x01, 0xE3, 0x80, 0x1E, 0x1F, 0x07, 0xFE,
    0x7F, 0xFF, 0xF9, 0xFF, 0xE7, 0xC3, 0xF0, 0x00, 0x6F, 0xF7, 0xC0, 0x38, 0xE3, 0xC7, 0x1D, 0xF7,
    0x9E, 0x00, 0x24, 0x3F, 0x1F, 0x80, 0x03, 0x81, 0xC0, 0xE1, 0xFE, 0xFF, 0x77, 0x80, 0x00, 0x00,
    0x80, 0x00, 0xE0, 0x00, 0x70, 0x00, 0x7C, 0x00, 0x3E, 0x33, 0x00, 0x3B, 0x80, 0x1D, 0xC0, 0x0F,
    0xE0, 0x07, 0xFC, 0x0F, 0x9F, 0xFF, 0xC7, 0xFF, 0xC0, 0xFE, 0x00, 0x00, 0xC0, 0x00, 0x0E, 0x00,
    0x00, 0x70, 0x00, 0x07, 0xC0, 0x00, 0x3E, 0x00, 0x30, 0x00, 0x03, 0x80, 0x04, 0x1C, 0x00, 0x78,
    0xE0, 0x07, 0x87, 0xC1, 0xFF, 0x9F, 0xFF, 0xFE, 0x7F, 0xF9, 0xF0, 0xFC, 0x00, 0x00, 0x23, 0x9D,
    0xFF, 0x81, 0xCE, 0x79, 0xCF, 0xFF, 0x78, 0x00, 0x18, 0x0C, 0x06, 0x0F, 0xC7, 0xC0, 0x00, 0xE0,
    0x70, 0x38, 0x7F, 0xBF, 0xDD, 0xE0, 0x00, 0x78, 0x1F, 0xE3, 0xFF, 0xA7, 0xF0, 0xFE, 0x7E, 0x1F,
    0x03, 0x80, 0xF2, 0x1C, 0xE3, 0x9C, 0x71, 0x0F, 0x06, 0xFF, 0xCF, 0xF8, 0x7C, 0x78, 0x03, 0xFC,
    0x0F, 0xFE, 0x13, 0xF8, 0x0F, 0xE0, 0xFF, 0x07, 0xDF, 0x9C, 0x3F, 0xF2, 0x7F, 0x9C, 0x0E, 0x70,
    0x38, 0x80, 0xF0, 0x61, 0xFF, 0x83, 0xFE, 0x03, 0xE0, 0x30, 0x0F, 0xC1, 0xFF, 0x3F, 0xE0, 0x7D,
    0xFF, 0x3F, 0x87, 0xC0, 0x00, 0x01, 0x80, 0x30, 0x06, 0x00, 0x30, 0x03, 0xF0, 0x1F, 0xF0, 0xFF,
    0x80, 0x7C, 0x7F, 0xFB, 0xFF, 0xFF, 0x1E, 0x00, 0x00, 0x60, 0x07, 0x00, 0x38, 0x00, 0x78, 0x1F,
    0xE3, 0xFF, 0xA7, 0xF0, 0xFE, 0x7E, 0x1F, 0x03, 0x80, 0xF0, 0x1C, 0x03, 0x80, 0x70, 0x0F, 0x06,
    0xFF, 0xCF, 0xF8, 0x7C, 0x78, 0x03, 0xFC, 0x0F, 0xFE, 0x13, 0xF8, 0x0F, 0xE0, 0xFF, 0x07, 0xDF,
    0x9C, 0x3F, 0xF0, 0x7F, 0x80, 0x0E, 0x00, 0x38, 0x00, 0xF0, 0x61, 0xFF, 0x83, 0xFE, 0x03, 0xE0,
    0x30, 0x0F, 0xC1, 0xFF, 0x3F, 0xE0, 0x7D, 0xFF, 0x3F, 0x87, 0xC0, 0x00, 0x00, 0x30, 0x03, 0xF0,
    0x1F, 0xF0, 0xFF, 0x80, 0x7C, 0x7F, 0xFB, 0xFF, 0xFF, 0x1E, 0x00, 0x00, 0x0C, 0x01, 0xC0, 0x38,
    0x00, 0x07, 0x81, 0xFE, 0x3F, 0xFA, 0x7F, 0x0F, 0xE7, 0xE1, 0xF0, 0x38, 0x0F, 0x01, 0xC0, 0x38,
    0x07, 0x00, 0xF0, 0x6F, 0xFC, 0xFF, 0x87, 0xC0, 0x0C, 0x00, 0x38, 0x00, 0xE0, 0x00, 0x00, 0x78,
    0x03, 0xFC, 0x0F, 0xFE, 0x13, 0xF8, 0x0F, 0xE0, 0xFF, 0x07, 0xDF, 0x9C, 0x3F, 0xF0, 0x7F, 0x80,
    0x0E, 0x00, 0x38, 0x00, 0xF0, 0x61, 0xFF, 0x83, 0xFE, 0x03, 0xE0, 0x30, 0x0E, 0x00, 0xC0, 0x00,
    0x03, 0x00, 0xFC, 0x1F, 0xF3, 0xFE, 0x07, 0xDF, 0xF3, 0xF8, 0x7C, 0x00, 0x00, 0x30, 0x03, 0x80,
    0x0C, 0x00, 0x00, 0x03, 0x00, 0x3F, 0x01, 0xFF, 0x0F, 0xF8, 0x07, 0xC7, 0xFF, 0xBF, 0xFF, 0xF1,
    0xE0, 0x00, 0x00, 0x04, 0x1E, 0x1E, 0x0F, 0x07, 0x07, 0x7F, 0x7F, 0xFE, 0x00, 0x04, 0x03, 0xC0,
    0x78, 0x07, 0x80, 0x70, 0x0E, 0x1F, 0xF3, 0xFF, 0xFF, 0xE0, 0x00, 0x18, 0x38, 0x38, 0x00, 0x04,
    0x1E, 0x1E, 0x0F, 0x07, 0x07, 0x7F, 0x7F, 0xFE, 0x00, 0x18, 0x07, 0x00, 0xE0, 0x00, 0x00, 0x40,
    0x3C, 0x07, 0x80, 0x78, 0x07, 0x00, 0xE1, 0xFF, 0x3F, 0xFF, 0xFE, 0x00, 0x00, 0x04, 0x38, 0x78,
    0x70, 0xE1, 0xC7, 0x9E, 0xFD, 0xF1, 0x80, 0x04, 0x07, 0x01, 0xE0, 0x38, 0x0F, 0x83, 0xF0, 0xFC,
    0xF0, 0xFC, 0x3E, 0x06, 0x00, 0x0C, 0x38, 0x30, 0x00, 0x43, 0x87, 0x87, 0x0E, 0x1C, 0x79, 0xEF,
    0xDF, 0x18, 0x00, 0x0C, 0x07, 0x01, 0xC0, 0x00, 0x04, 0x07, 0x01, 0xE0, 0x38, 0x0F, 0x83, 0xF0,
    0xFC, 0xF0, 0xFC, 0x3E, 0x06, 0x00, 0x00, 0x00, 0x1C, 0x00, 0x00, 0x70, 0x0E, 0x39, 0xC0, 0x38,
    0xE7, 0x60, 0xF3, 0x9F, 0x81, 0xFF, 0xFE, 0x07, 0xFF, 0xF8, 0x1F, 0xFE, 0xF0, 0xF0, 0x03, 0xFF,
    0x80, 0x07, 0xFC, 0x00, 0x0F, 0xE0, 0x00, 0x00, 0x00, 0x1C, 0x00, 0x38, 0xE7, 0x00, 0x0E, 0x39,
    0xC1, 0x83, 0xCE, 0x78, 0xE0, 0x7F, 0xFF, 0xB8, 0x1F, 0xFF, 0xFE, 0x07, 0xFF, 0xFF, 0xC3, 0xC0,
    0x00, 0xFF, 0xE0, 0x00, 0x1F, 0xF0, 0x00, 0x03, 0xF8, 0x00, 0x00, 0x00, 0x0E, 0x00, 0x1C, 0xC7,
    0x39, 0xCE, 0x73, 0x9C, 0xFF, 0xFF, 0xFF, 0xFF, 0xFF, 0xFE, 0x00, 0x00, 0x00, 0x0E, 0x06, 0x39,
    0xC0, 0xE7, 0x38, 0x1C, 0xE7, 0x8F, 0xFF, 0xFD, 0xFF, 0xFF, 0xFF, 0xFF, 0xF8, 0x00, 0x00, 0x00,
    0x03, 0x00, 0x00, 0x1C, 0x00, 0x00, 0x70, 0x00, 0x03, 0xE0, 0x00, 0x0F, 0x80, 0x00, 0x00, 0x70,
    0x00, 0x01, 0xC0, 0x38, 0xE7, 0x00, 0xE3, 0x9D, 0x83, 0xCE, 0x7E, 0x07, 0xFF, 0xF8, 0x1F, 0xFF,
    0xE0, 0x7F, 0xFB, 0xC3, 0xC0, 0x0F, 0xFE, 0x00, 0x1F, 0xF0, 0x00, 0x3F, 0x80, 0x00, 0x00, 0x03,
    0x00, 0x00, 0x01, 0xC0, 0x00, 0x00, 0x70, 0x00, 0x00, 0x3E, 0x00, 0x00, 0x0F, 0x80, 0x00, 0x00,
    0x00, 0x00, 0x00, 0x01, 0xC0, 0x03, 0x8E, 0x70, 0x00, 0xE3, 0x9C, 0x18, 0x3C, 0xE7, 0x8E, 0x07,
    0xFF, 0xFB, 0x81, 0xFF, 0xFF, 0xE0, 0x7F, 0xFF, 0xFC, 0x3C, 0x00, 0x0F, 0xFE, 0x00, 0x01, 0xFF,
    0x00, 0x00, 0x3F, 0x80, 0x00, 0x00, 0x00, 0x80, 0x03, 0x80, 0x07, 0x00, 0x1F, 0x00, 0x3E, 0x00,
    0x01, 0xC0, 0x03, 0x98, 0xE7, 0x39, 0xCE, 0x73, 0x9F, 0xFF, 0xFF, 0xFF, 0xFF, 0xFF, 0xC0, 0x00,
    0x00, 0x00, 0x80, 0x00, 0x38, 0x00, 0x07, 0x00, 0x01, 0xF0, 0x00, 0x3E, 0x00, 0x00, 0x00, 0x00,
    0x03, 0x81, 0x8E, 0x70, 0x39, 0xCE, 0x07, 0x39, 0xE3, 0xFF, 0xFF, 0x7F, 0xFF, 0xFF, 0xFF, 0xFE,
    0x00, 0x00, 0x00, 0x00, 0x00, 0x38, 0x00, 0x00, 0xFC, 0x00, 0xE1, 0xFE, 0x00, 0xE3, 0xEE, 0x60,
    0xF7, 0x8E, 0xE0, 0x7F, 0xFE, 0xE0, 0x7F, 0xFE, 0xE0, 0x7F, 0xF8, 0xF0, 0xF3, 0xC0, 0xFF, 0xE0,
    0x00, 0x7F, 0xC0, 0x00, 0x3F, 0x80, 0x00, 0x00, 0x00, 0x38, 0x00, 0x00, 0x3F, 0x00, 0x0E, 0x1F,
    0xE0, 0x03, 0x8F, 0xB8, 0x60, 0xF7, 0x8E, 0x38, 0x1F, 0xFF, 0xEE, 0x07, 0xFF, 0xFF, 0x81, 0xFF,
    0xFF, 0xF0, 0xF3, 0xC0, 0x3F, 0xF8, 0x00, 0x07, 0xFC, 0x00, 0x00, 0xFE, 0x00, 0x00, 0x00, 0x18,
    0x00, 0x7E, 0x31, 0xFF, 0x3B, 0xEF, 0x73, 0xC7, 0xFF, 0xBF, 0xFF, 0xFE, 0xFF, 0xFC, 0x03, 0xE0,
    0x00, 0x18, 0x00, 0x0F, 0xC0, 0xC7, 0xFC, 0x1D, 0xF7, 0x87, 0x3C, 0x71, 0xFF, 0x7F, 0x3F, 0xFF,
    0xF7, 0xFF, 0xFE, 0x03, 0xE0, 0x00, 0x00, 0x00, 0x30, 0x00, 0x00, 0x70, 0x00, 0x00, 0x30, 0x00,
    0x00, 0x00, 0x00, 0x00, 0x38, 0x00, 0x00, 0xFC, 0x00, 0xE1, 0xFE, 0x00, 0xE3, 0xEE, 0x60, 0xF7,
    0x8E, 0xE0, 0x7F, 0xFE, 0xE0, 0x7F, 0xFE, 0xE0, 0x7F, 0xF8, 0xF0, 0xF3, 0xC0, 0xFF, 0xE0, 0x00,
    0x7F, 0xC0, 0x00, 0x3F, 0x80, 0x00, 0x00, 0x00, 0x30, 0x00, 0x00, 0x1C, 0x00, 0x00, 0x03, 0x00,
    0x00, 0x00, 0x00, 0x00, 0x00, 0x38, 0x00, 0x00, 0x3F, 0x00, 0x0E, 0x1F, 0xE0, 0x03, 0x8F, 0xB8,
    0x60, 0xF7, 0x8E, 0x38, 0x1F, 0xFF, 0xEE, 0x07, 0xFF, 0xFF, 0x81, 0xFF, 0xFF, 0xF0, 0xF3, 0xC0,
    0x3F, 0xF8, 0x00, 0x07, 0xFC, 0x00, 0x00, 0xFE, 0x00, 0x00, 0x00, 0x18, 0x00, 0x38, 0x00, 0x38,
    0x00, 0x00, 0x00, 0x18, 0x00, 0x7E, 0x31, 0xFF, 0x3B, 0xEF, 0x73, 0xC7, 0xFF, 0xBF, 0xFF, 0xFE,
    0xFF, 0xFC, 0x03, 0xE0, 0x00, 0x18, 0x00, 0x07, 0x00, 0x00, 0xE0, 0x00, 0x00, 0x00, 0x01, 0x80,
    0x00, 0xFC, 0x0C, 0x7F, 0xC1, 0xDF, 0x78, 0x73, 0xC7, 0x1F, 0xF7, 0xF3, 0xFF, 0xFF, 0x7F, 0xFF,
    0xE0, 0x3E, 0x00, 0x18, 0x00, 0x70, 0x01, 0xC0, 0x07, 0x00, 0x1C, 0x00, 0x71, 0x81, 0xFF, 0x87,
    0xFE, 0x1F, 0xBC, 0x78, 0x7F, 0xFF, 0xFF, 0xFE, 0xFF, 0xF0, 0x7C, 0x00, 0x18, 0x00, 0x1C, 0x00,
    0x1C, 0x00, 0x1C, 0x00, 0x1C, 0x00, 0x1C, 0x60, 0x1F, 0xF8, 0x1F, 0xF8, 0x1F, 0xBC, 0x1E, 0x1C,
    0xFF, 0xFE, 0xFF, 0xFF, 0xFF, 0xFF, 0x1F, 0x00, 0x70, 0x07, 0x00, 0x70, 0x07, 0x00, 0x70, 0x07,
    0x3C, 0x7F, 0xE7, 0xFF, 0x7E, 0x77, 0x87, 0xFF, 0xFF, 0xFE, 0xFF, 0xC0, 0x00, 0x70, 0x00, 0xE0,
    0x01, 0xC0, 0x03, 0x80, 0x07, 0x00, 0x0E, 0x78, 0x1F, 0xF8, 0x3F, 0xF8, 0x7E, 0x70, 0xF0, 0xE3,
    0xFF, 0xE7, 0xFF, 0xEF, 0xFF, 0xC0, 0x00, 0x00, 0x18, 0x00, 0x71, 0x81, 0xCE, 0x07, 0x18, 0x1C,
    0x00, 0x71, 0x81, 0xFF, 0x87, 0xFE, 0x1F, 0xBC, 0x78, 0x7F, 0xFF, 0xFF, 0xFE, 0xFF, 0xF0, 0x7C,
    0x00, 0x18, 0x00, 0x1C, 0x60, 0x1C, 0xE0, 0x1C, 0xE0, 0x1C, 0x00, 0x1C, 0x60, 0x1F, 0xF8, 0x1F,
    0xF8, 0x1F, 0xBC, 0x1E, 0x1C, 0xFF, 0xFE, 0xFF, 0xFF, 0xFF, 0xFF, 0x1F, 0x00, 0x70, 0x07, 0x18,
    0x73, 0x87, 0x38, 0x70, 0x07, 0x3C, 0x7F, 0xE7, 0xFF, 0x7E, 0x77, 0x87, 0xFF, 0xFF, 0xFE, 0xFF,
    0xC0, 0x00, 0x70, 0x00, 0xE3, 0x01, 0xCE, 0x03, 0x9C, 0x07, 0x00, 0x0E, 0x78, 0x1F, 0xF8, 0x3F,
    0xF8, 0x7E, 0x70, 0xF0, 0xE3, 0xFF, 0xE7, 0xFF, 0xEF, 0xFF, 0xC0, 0x00, 0x00, 0x1C, 0x07, 0xC1,
    0xF8, 0x78, 0x0E, 0x00, 0xFE, 0x1F, 0xE1, 0xF8, 0x78, 0x1E, 0x03, 0x80, 0x70, 0x0E, 0x01, 0xE0,
    0x9F, 0xF9, 0xFF, 0x1F, 0x80, 0x1F, 0x07, 0xF1, 0xFE, 0x3D, 0xC3, 0xF8, 0x3F, 0x8F, 0xFB, 0xFF,
    0xF0, 0x1C, 0x03, 0x80, 0x78, 0x4F, 0xFC, 0xFF, 0x87, 0xC0, 0x0E, 0x1F, 0x1F, 0x8F, 0x07, 0x03,
    0xDB, 0xFF, 0xFF, 0xFE, 0x00, 0x00, 0x0F, 0x83, 0xF8, 0x3F, 0xC3, 0xFC, 0x3F, 0x87, 0xFE, 0x7F,
    0xF7, 0xFF, 0x00, 0x00, 0x0C, 0x03, 0x80, 0x70, 0x00, 0x01, 0xC0, 0x7C, 0x1F, 0x87, 0x80, 0xE0,
    0x0F, 0xE1, 0xFE, 0x1F, 0x87, 0x81, 0xE0, 0x38, 0x07, 0x00, 0xE0, 0x1E, 0x09, 0xFF, 0x9F, 0xF1,
    0xF8, 0x0C, 0x01, 0xC0, 0x38, 0x00, 0x01, 0xF0, 0x7F, 0x1F, 0xE3, 0xDC, 0x3F, 0x83, 0xF8, 0xFF,
    0xBF, 0xFF, 0x01, 0xC0, 0x38, 0x07, 0x84, 0xFF, 0xCF, 0xF8, 0x7C, 0x00, 0x0C, 0x0E, 0x07, 0x00,
    0x00, 0xE1, 0xF1, 0xF8, 0xF0, 0x70, 0x3D, 0xBF, 0xFF, 0xFF, 0xE0, 0x00, 0x06, 0x00, 0xF0, 0x06,
    0x00, 0x00, 0x0F, 0x83, 0xF8, 0x3F, 0xC3, 0xFC, 0x3F, 0x87, 0xFE, 0x7F, 0xF7, 0xFF, 0x00, 0x00,
    0x00, 0x0C, 0x00, 0x0F, 0x00, 0x03, 0x00, 0x00, 0x00, 0x01, 0xE0, 0x01, 0xF8, 0x00, 0xFC, 0xC0,
    0xEF, 0xE0, 0x7F, 0xF0, 0x3F, 0xF8, 0x0F, 0xFF, 0x01, 0xE7, 0xFF, 0xF1, 0xFF, 0xF0, 0x3F, 0xC0,
    0x00, 0x06, 0x00, 0x00, 0x70, 0x00, 0x07, 0x00, 0x00, 0x00, 0x00, 0x0F, 0x06, 0x01, 0xF8, 0xE0,
    0x1F, 0xCE, 0x01, 0xDC, 0xE0, 0x1F, 0xCF, 0x83, 0xFE, 0x7F, 0xFF, 0xF3, 0xFF, 0xFF, 0x0F, 0xE0,
    0x00, 0x18, 0x1C, 0x1C, 0x00, 0x1C, 0x3E, 0x7F, 0x77, 0x7F, 0x7F, 0x7F, 0xFF, 0xFE, 0xFC, 0x00,
    0x0C, 0x03, 0x80, 0x70, 0x00, 0x03, 0xE0, 0xFE, 0x1F, 0xC3, 0xB8, 0x77, 0x1F, 0xFB, 0xFF, 0x7F,
    0xE0, 0x00, 0x00, 0x90, 0x07, 0xE0, 0x1F, 0x80, 0x00, 0x00, 0xE0, 0x07, 0xE0, 0x1F, 0x98, 0xEE,
    0xF3, 0xFF, 0x8F, 0xFE, 0x1F, 0xB8, 0x0E, 0xFF, 0xF9, 0xFF, 0xC3, 0xFE, 0x00, 0x00, 0x00, 0x90,
    0x01, 0xF8, 0x01, 0xF8, 0x00, 0x00, 0x00, 0xE0, 0x01, 0xF8, 0x01, 0xF8, 0x43, 0xB8, 0x73, 0xFE,
    0xE3, 0xFF, 0xE1, 0xFF, 0xE0, 0x38, 0xF0, 0xF8, 0x7F, 0xF0, 0x7F, 0xE0, 0x1F, 0x80, 0x36, 0x7E,
    0x3E, 0x00, 0x1C, 0x3E, 0x7F, 0x77, 0x7F, 0x7F, 0x7F, 0xFF, 0xFE, 0xFC, 0x00, 0x36, 0x07, 0xC0,
    0xD8, 0x00, 0x03, 0xE0, 0xFE, 0x1F, 0xC3, 0xB8, 0x77, 0x1F, 0xFB, 0xFF, 0x7F, 0xE0, 0x00, 0x00,
    0x0C, 0x00, 0x1C, 0x00, 0x38, 0x0E, 0x70, 0x3C, 0xE0, 0x71, 0xD8, 0x73, 0xF1, 0xE7, 0xE3, 0x8F,
    0xC4, 0x1F, 0xE0, 0xFB, 0xFF, 0xF3, 0xFF, 0xC1, 0xFC, 0x00, 0x00, 0x0C, 0x00, 0x03, 0x80, 0x00,
    0xE0, 0x07, 0x38, 0x03, 0xCE, 0x00, 0xE3, 0x86, 0x1C, 0xE3, 0x8F, 0x38, 0xE3, 0x8E, 0x38, 0x83,
    0x8F, 0x83, 0xF9, 0xFF, 0xFF, 0x3F, 0xFF, 0xC3, 0xF8, 0x00, 0x06, 0x1F, 0x7F, 0xFC, 0xF0, 0xF8,
    0x7C, 0x1C, 0x1E, 0xFE, 0xFE, 0xFC, 0x00, 0x06, 0x07, 0xC7, 0xF3, 0xF0, 0xF0, 0x3E, 0x07, 0x80,
    0xF0, 0x1E, 0x3F, 0xEF, 0xFF, 0xFF, 0x00, 0x00, 0x00, 0x60, 0x0F, 0x00, 0xF0, 0x07, 0x00, 0x70,
    0x07, 0x00, 0x70, 0x07, 0x00, 0x76, 0x07, 0xE0, 0x7E, 0x07, 0xE0, 0x7F, 0x0E, 0xFF, 0xE7, 0xFC,
    0x3F, 0x80, 0x00, 0x60, 0x01, 0xE0, 0x03, 0xC0, 0x03, 0x80, 0x07, 0x00, 0x0E, 0x00, 0x1C, 0x00,
    0x38, 0x00, 0x70, 0xC0, 0xE3, 0x81, 0xF7, 0x03, 0xFE, 0x07, 0xFE, 0x1C, 0x3F, 0xF8, 0x3F, 0xE0,
    0x3F, 0x80, 0x33, 0x9C, 0xE7, 0x39, 0xCE, 0x73, 0xBD, 0xEE, 0x00, 0x30, 0x70, 0x70, 0x70, 0x70,
    0x70, 0x70, 0x70, 0x70, 0x78, 0xFC, 0xFE, 0xFE, 0x00, 0x1C, 0x1F, 0x9F, 0xCE, 0xF0, 0x39, 0xFD,
    0xFF, 0xFE, 0xE0, 0x70, 0x38, 0x1C, 0x0E, 0x03, 0x81, 0x80, 0x00, 0x00, 0x78, 0x0F, 0xE0, 0xFF,
    0x07, 0x9C, 0x7E, 0xFB, 0xFF, 0xFD, 0xFF, 0xE3, 0x07, 0x00, 0x38, 0x01, 0xC0, 0x0F, 0x00, 0x38,
    0x01, 0x80, 0x00, 0x1F, 0x1F, 0xCF, 0xEF, 0x7F, 0xFF, 0xFF, 0xFC, 0x00, 0x1E, 0x03, 0xF0, 0x3F,
    0x87, 0x38, 0xFB, 0xEF, 0xFF, 0xFF, 0xF0, 0x60, 0x06, 0x00, 0xE0, 0x06, 0x00, 0x00, 0x00, 0xE0,
    0x0E, 0x60, 0xFE, 0x07, 0xE0, 0x7E, 0x07, 0xF0, 0xFF, 0xFE, 0x7F, 0xC3, 0xF8, 0x06, 0x00, 0x1C,
    0x00, 0x18, 0x00, 0x00, 0x00, 0x0E, 0x00, 0x1C, 0x18, 0x3C, 0x70, 0x3E, 0xE0, 0x7F, 0xC0, 0xFF,
    0xC3, 0xC7, 0xFF, 0x07, 0xFC, 0x07, 0xF0, 0x00, 0x63, 0x9C, 0x07, 0x39, 0xE7, 0x3F, 0xFD, 0xE0,
    0x00, 0x30, 0x38, 0x38, 0x00, 0x38, 0x38, 0x38, 0xFE, 0xFF, 0xFF, 0x00, 0x00, 0x38, 0x3C, 0x3C,
    0x7E, 0xFF, 0xE7, 0xFF, 0xFE, 0x7C, 0x00, 0x07, 0x01, 0xE0, 0xFC, 0x3F, 0x8F, 0x71, 0xCE, 0x3F,
    0xC3, 0xFE, 0x3F, 0xE0, 0x7C, 0x00, 0x00, 0x00, 0x07, 0x00, 0xF0, 0x3F, 0x87, 0xF8, 0xFF, 0x9F,
    0xF7, 0xFE, 0xFF, 0xDF, 0xF8, 0x00, 0x00, 0x1E, 0x07, 0xE0, 0xFC, 0x3F, 0x87, 0x71, 0xFF, 0xBF,
    0xFF, 0xFF, 0x73, 0x8F, 0xF0, 0xFE, 0x0F, 0x80, 0x3C, 0x7E, 0x7E, 0x77, 0xFF, 0x7F, 0x7F, 0x1E,
    0xFE, 0xFC, 0x70, 0x3C, 0x0F, 0xC1, 0xFC, 0x3B, 0x8F, 0xF8, 0xFF, 0x9F, 0xF0, 0xF8, 0xFE, 0x1F,
    0x81, 0xC0, 0x00, 0x00, 0xF8, 0x07, 0xE0, 0x1F, 0x80, 0xE0, 0x63, 0x83, 0x8F, 0x8E, 0x1F, 0xB8,
    0x1E, 0xF0, 0x79, 0xFF, 0xC7, 0xFE, 0x07, 0xF0, 0x00, 0x00, 0xC0, 0x83, 0x83, 0xF7, 0x07, 0xFE,
    0x07, 0xFE, 0x07, 0x3F, 0xFE, 0x3F, 0xF8, 0x3F, 0xC0, 0x00, 0xF8, 0x07, 0xE0, 0x1F, 0x80, 0xE0,
    0x63, 0x83, 0x8F, 0x8E, 0x1F, 0xB8, 0x1E, 0xF0, 0x79, 0xFF, 0xC7, 0xFE, 0x07, 0xF0, 0x00, 0x00,
    0x24, 0x01, 0xF8, 0x07, 0xE0, 0x00, 0x00, 0xC0, 0x83, 0x83, 0xF7, 0x07, 0xFE, 0x07, 0xFE, 0x07,
    0x3F, 0xFE, 0x3F, 0xF8, 0x3F, 0xC0, 0x00, 0x00, 0x36, 0x00, 0xFC, 0x00, 0xD8, 0x00, 0x38, 0xE3,
    0x8E, 0x3B, 0xEF, 0xBC, 0x03, 0x6F, 0xF6, 0x38, 0x1C, 0x0E, 0x1F, 0xEF, 0xF7, 0x78, 0x00, 0xD8,
    0xFC, 0x7E, 0x00, 0x00, 0x1F, 0x8B, 0xF7, 0x00, 0xE3, 0x9C, 0x7B, 0x87, 0xF0, 0x7E, 0x07, 0xC0,
    0xF8, 0x3F, 0x8F, 0xF1, 0xFE, 0x3F, 0x80, 0x00, 0x03, 0xE0, 0x3F, 0x60, 0x03, 0x80, 0x1C, 0x30,
    0xE1, 0xC7, 0x0F, 0x38, 0x3D, 0xC0, 0xFE, 0x03, 0xF0, 0x0F, 0x87, 0xFF, 0x3F, 0xFD, 0xF3, 0xE0,
    0x00, 0xE0, 0x38, 0x0F, 0x0B, 0xCE, 0xC3, 0x9C, 0xE7, 0xB8, 0xFE, 0x1F, 0x83, 0xE0, 0xF8, 0x7F,
    0x3F, 0xCF, 0xF3, 0xF8, 0x38, 0x03, 0x80, 0x1E, 0x00, 0xF3, 0x02, 0x1C, 0x00, 0xE1, 0x87, 0x0E,
    0x38, 0x79, 0xC1, 0xEE, 0x07, 0xF0, 0x1F, 0x80, 0x7C, 0x3F, 0xF9, 0xFF, 0xEF, 0x9F, 0x00, 0x00,
    0x00, 0x80, 0xE0, 0x39, 0xCE, 0x7B, 0x8F, 0xE1, 0xF8, 0x3E, 0x0F, 0x87, 0xF3, 0xFC, 0xFF, 0x3F,
    0x80, 0x03, 0x80, 0xE0, 0x3C, 0x0F, 0x03, 0x00, 0x01, 0x80, 0x0E, 0x00, 0x70, 0xC3, 0x87, 0x1C,
    0x3C, 0xE0, 0xF7, 0x03, 0xF8, 0x0F, 0xC0, 0x3E, 0x1F, 0xFC, 0xFF, 0xF7, 0xCF, 0x80, 0x00, 0xE0,
    0x07, 0x00, 0x3C, 0x01, 0xE0, 0x0C, 0x00, 0x00, 0x80, 0xE0, 0x39, 0xCE, 0x7B, 0x8F, 0xE1, 0xF8,
    0x3E, 0x0F, 0x87, 0xF3, 0xFC, 0xFF, 0x3F, 0x80, 0x01, 0x80, 0x0E, 0x00, 0x70, 0xC3, 0x87, 0x1C,
    0x3C, 0xE0, 0xF7, 0x03, 0xF8, 0x0F, 0xC0, 0x3E, 0x1F, 0xFC, 0xFF, 0xF7, 0xCF, 0x80, 0x00, 0x00,
    0x80, 0x01, 0xC0, 0x03, 0xE0, 0x07, 0xF0, 0x0C, 0x38, 0x1F, 0xDC, 0x3F, 0xDE, 0x7F, 0xBF, 0x7F,
    0x7F, 0x3F, 0x7E, 0x1F, 0xFC, 0x0F, 0xF8, 0x06, 0x70, 0x03, 0xE0, 0x01, 0xC0, 0x00, 0x80,
};

static const EpdGlyph notosans_8_boldGlyphs[] = {
    { 0, 0, 0, 0, 0, 0, 0 }, // U+0000
    { 0, 0, 69, 0, 0, 0, 0 }, // U+000D
    { 0, 0, 69, 0, 0, 0, 0 }, // U+0020
    { 4, 13, 75, 0, 12, 7, 0 }, // !
    { 6, 5, 128, 1, 12, 4, 7 }, // "
    { 11, 12, 172, 0, 12, 17, 11 }, // #
    { 9, 14, 153, 0, 13, 16, 28 }, // $
    { 15, 14, 241, 0, 13, 27, 44 }, // %
    { 13, 14, 200, 0, 13, 23, 71 }, // &
    { 3, 5, 71, 1, 12, 2, 94 }, // '
    { 6, 15, 90, 0, 12, 12, 96 }, // (
    { 5, 15, 90, 0, 12, 10, 108 }, // )
    { 9, 9, 145, 0, 13, 11, 118 }, // *
    { 9, 9, 153, 0, 10, 11, 129 }, // +
    { 4, 5, 76, 0, 2, 3, 140 }, // ,
    { 5, 3, 85, 0, 6, 2, 143 }, // -
    { 4, 4, 75, 0, 3, 2, 145 }, // .
    { 7, 13, 111, 0, 12, 12, 147 }, // /
    { 9, 14, 153, 0, 13, 16, 159 }, // 0
    { 7, 12, 153, 0, 12, 11, 175 }, // 1
    { 9, 13, 153, 0, 13, 15, 186 }, // 2
    { 9, 14, 153, 0, 13, 16, 201 }, // 3
    { 10, 12, 153, 0, 12, 15, 217 }, // 4
    { 9, 13, 153, 0, 12, 15, 232 }, // 5
    { 9, 14, 153, 0, 13, 16, 247 }, // 6
    { 9, 12, 153, 0, 12, 14, 263 }, // 7
    { 9, 14, 153, 0, 13, 16, 277 }, // 8
    { 9, 14, 153, 0, 13, 16, 293 }, // 9
    { 4, 11, 75, 0, 10, 6, 309 }, // :
    { 4, 13, 76, 0, 10, 7, 315 }, // ;
    { 9, 10, 153, 0, 11, 12, 322 }, // <
    { 9, 6, 153, 0, 9, 7, 334 }, // =
    { 9, 10, 153, 0, 11, 12, 341 }, // >
    { 8, 14, 127, 0, 13, 14, 353 }, // ?
    { 15, 14, 240, 0, 12, 27, 367 }, // @
    { 12, 12, 185, 0, 12, 18, 394 }, // A
    { 10, 12, 177, 1, 12, 15, 412 }, // B
    { 11, 14, 171, 0, 13, 20, 427 }, // C
    { 11, 12, 195, 1, 12, 17, 447 }, // D
    { 8, 12, 149, 1, 12, 12, 464 }, // E
    { 8, 12, 146, 1, 12, 12, 476 }, // F
    { 11, 14, 193, 0, 13, 20, 488 }, // G
    { 11, 12, 204, 1, 12, 17, 508 }, // H
    { 6, 12, 104, 0, 12, 9, 525 }, // I
    { 7, 16, 88, -2, 12, 14, 534 }, // J
    { 11, 12, 177, 1, 12, 17, 548 }, // K
    { 8, 12, 149, 1, 12, 12, 565 }, // L
    { 14, 12, 252, 1, 12, 21, 577 }, // M
    { 12, 12, 217, 1, 12, 18, 598 }, // N
    { 13, 14, 211, 0, 13, 23, 616 }, // O
    { 9, 12, 166, 1, 12, 14, 639 }, // P
    { 13, 16, 211, 0, 13, 26, 653 }, // Q
    { 10, 12, 175, 1, 12, 15, 679 }, // R
    { 9, 14, 147, 0, 13, 16, 694 }, // S
    { 10, 12, 154, 0, 12, 15, 710 }, // T
    { 11, 13, 202, 1, 12, 18, 725 }, // U
    { 11, 12, 173, 0, 12, 17, 743 }, // V
    { 17, 12, 258, 0, 12, 26, 760 }, // W
    { 12, 12, 179, 0, 12, 18, 786 }, // X
    { 11, 12, 167, 0, 12, 17, 804 }, // Y
    { 10, 12, 154, 0, 12, 15, 821 }, // Z
    { 5, 15, 88, 1, 12, 10, 836 }, // [
    { 7, 13, 111, 0, 12, 12, 846 }, // <backslash>
    { 5, 15, 88, 0, 12, 10, 858 }, // ]
    { 10, 8, 153, 0, 12, 10, 868 }, // ^
    { 8, 2, 110, -1, -1, 2, 878 }, // _
    { 6, 3, 97, 0, 13, 3, 880 }, // `
    { 9, 11, 160, 0, 10, 13, 883 }, // a
    { 9, 14, 169, 1, 13, 16, 896 }, // b
    { 9, 11, 138, 0, 10, 13, 912 }, // c
    { 10, 14, 169, 0, 13, 18, 925 }, // d
    { 10, 11, 159, 0, 10, 14, 943 }, // e
    { 8, 13, 103, 0, 13, 13, 957 }, // f
    { 10, 14, 169, 0, 10, 18, 970 }, // g
    { 9, 13, 173, 1, 13, 15, 988 }, // h
    { 3, 13, 80, 1, 13, 5, 1003 }, // i
    { 5, 17, 79, -1, 13, 11, 1008 }, // j
    { 10, 13, 165, 1, 13, 17, 1019 }, // k
    { 3, 13, 79, 1, 13, 5, 1036 }, // l
    { 15, 10, 260, 1, 10, 19, 1041 }, // m
    { 9, 10, 173, 1, 10, 12, 1060 }, // n
    { 10, 11, 167, 0, 10, 14, 1072 }, // o
    { 9, 14, 169, 1, 10, 16, 1086 }, // p
    { 10, 14, 169, 0, 10, 18, 1102 }, // q
    { 7, 10, 119, 1, 10, 9, 1120 }, // r
    { 8, 11, 134, 0, 10, 11, 1129 }, // s
    { 7, 13, 116, 0, 12, 12, 1140 }, // t
    { 9, 11, 173, 1, 10, 13, 1152 }, // u
    { 10, 10, 152, 0, 10, 13, 1165 }, // v
    { 15, 10, 228, 0, 10, 19, 1178 }, // w
    { 10, 10, 154, 0, 10, 13, 1197 }, // x
    { 10, 14, 152, 0, 10, 18, 1210 }, // y
    { 8, 10, 132, 0, 10, 10, 1228 }, // z
    { 6, 15, 105, 0, 12, 12, 1238 }, // {
    { 3, 17, 147, 3, 13, 7, 1250 }, // |
    { 7, 15, 105, 0, 12, 14, 1257 }, // }
    { 9, 4, 153, 0, 8, 5, 1271 }, // ~
    { 0, 0, 69, 0, 0, 0, 1276 }, // U+00A0
    { 4, 13, 76, 0, 10, 7, 1276 }, // U+00A1
    { 8, 14, 153, 1, 13, 14, 1283 }, // U+00A2
    { 10, 13, 153, 0, 13, 17, 1297 }, // U+00A3
    { 9, 8, 152, 0, 10, 9, 1314 }, // U+00A4
    { 10, 12, 153, 0, 12, 15, 1323 }, // U+00A5
    { 3, 17, 147, 3, 13, 7, 1338 }, // U+00A6
    { 8, 14, 130, 0, 13, 14, 1345 }, // U+00A7
    { 6, 3, 158, 2, 13, 3, 1359 }, // U+00A8
    { 14, 14, 222, 0, 13, 25, 1362 }, // U+00A9
    { 6, 7, 102, 0, 13, 6, 1387 }, // U+00AA
    { 10, 9, 164, 0, 9, 12, 1393 }, // U+00AB
    { 9, 5, 153, 0, 7, 6, 1405 }, // U+00AC
    { 5, 3, 85, 0, 6, 2, 1411 }, // U+00AD
    { 14, 14, 222, 0, 13, 25, 1413 }, // U+00AE
    { 10, 3, 133, -1, 15, 4, 1438 }, // U+00AF
    { 7, 7, 113, 0, 13, 7, 1442 }, // U+00B0
    { 9, 11, 153, 0, 11, 13, 1449 }, // U+00B1
    { 6, 9, 101, 0, 15, 7, 1462 }, // U+00B2
    { 6, 9, 101, 0, 15, 7, 1469 }, // U+00B3
    { 6, 3, 97, 0, 13, 3, 1476 }, // U+00B4
    { 9, 14, 174, 1, 10, 16, 1479 }, // U+00B5
    { 10, 16, 173, 0, 13, 20, 1495 }, // U+00B6
    { 4, 4, 75, 0, 8, 2, 1515 }, // U+00B7
    { 5, 4, 70, 0, 0, 3, 1517 }, // U+00B8
    { 5, 9, 101, 0, 15, 6, 1520 }, // U+00B9
    { 6, 7, 103, 0, 13, 6, 1526 }, // U+00BA
    { 10, 9, 164, 0, 9, 12, 1532 }, // U+00BB
    { 14, 12, 221, 0, 12, 21, 1544 }, // U+00BC
    { 14, 12, 233, 0, 12, 21, 1565 }, // U+00BD
    { 14, 13, 225, 0, 13, 23, 1586 }, // U+00BE
    { 8, 13, 127, 0, 10, 13, 1609 }, // U+00BF
    { 12, 16, 185, 0, 16, 24, 1622 }, // U+00C0
    { 12, 16, 185, 0, 16, 24, 1646 }, // U+00C1
    { 12, 16, 185, 0, 16, 24, 1670 }, // U+00C2
    { 12, 16, 185, 0, 16, 24, 1694 }, // U+00C3
    { 12, 16, 185, 0, 16, 24, 1718 }, // U+00C4
    { 12, 15, 185, 0, 15, 23, 1742 }, // U+00C5
    { 15, 12, 254, 0, 12, 23, 1765 }, // U+00C6
    { 11, 17, 171, 0, 13, 24, 1788 }, // U+00C7
    { 8, 16, 149, 1, 16, 16, 1812 }, // U+00C8
    { 8, 16, 149, 1, 16, 16, 1828 }, // U+00C9
    { 8, 16, 149, 1, 16, 16, 1844 }, // U+00CA
    { 8, 16, 149, 1, 16, 16, 1860 }, // U+00CB
    { 6, 16, 104, 0, 16, 12, 1876 }, // U+00CC
    { 7, 16, 104, 0, 16, 14, 1888 }, // U+00CD
    { 8, 16, 104, -1, 16, 16, 1902 }, // U+00CE
    { 7, 16, 104, 0, 16, 14, 1918 }, // U+00CF
    { 12, 12, 195, 0, 12, 18, 1932 }, // U+00D0
    { 12, 16, 215, 1, 16, 24, 1950 }, // U+00D1
    { 13, 17, 211, 0, 16, 28, 1974 }, // U+00D2
    { 13, 17, 211, 0, 16, 28, 2002 }, // U+00D3
    { 13, 17, 211, 0, 16, 28, 2030 }, // U+00D4
    { 13, 17, 211, 0, 16, 28, 2058 }, // U+00D5
    { 13, 17, 211, 0, 16, 28, 2086 }, // U+00D6
    { 8, 8, 153, 1, 10, 8, 2114 }, // U+00D7
    { 13, 14, 211, 0, 13, 23, 2122 }, // U+00D8
    { 11, 17, 202, 1, 16, 24, 2145 }, // U+00D9
    { 11, 17, 202, 1, 16, 24, 2169 }, // U+00DA
    { 11, 17, 202, 1, 16, 24, 2193 }, // U+00DB
    { 11, 17, 202, 1, 16, 24, 2217 }, // U+00DC
    { 11, 16, 167, 0, 16, 22, 2241 }, // U+00DD
    { 9, 12, 168, 1, 12, 14, 2263 }, // U+00DE
    { 11, 14, 188, 1, 13, 20, 2277 }, // U+00DF
    { 9, 14, 160, 0, 13, 16, 2297 }, // U+00E0
    { 9, 14, 160, 0, 13, 16, 2313 }, // U+00E1
    { 9, 14, 160, 0, 13, 16, 2329 }, // U+00E2
    { 9, 14, 160, 0, 13, 16, 2345 }, // U+00E3
    { 9, 14, 160, 0, 13, 16, 2361 }, // U+00E4
    { 9, 15, 160, 0, 14, 17, 2377 }, // U+00E5
    { 15, 11, 245, 0, 10, 21, 2394 }, // U+00E6
    { 9, 14, 138, 0, 10, 16, 2415 }, // U+00E7
    { 10, 14, 159, 0, 13, 18, 2431 }, // U+00E8
    { 10, 14, 159, 0, 13, 18, 2449 }, // U+00E9
    { 10, 14, 159, 0, 13, 18, 2467 }, // U+00EA
    { 10, 14, 159, 0, 13, 18, 2485 }, // U+00EB
    { 6, 13, 80, -1, 13, 10, 2503 }, // U+00EC
    { 5, 13, 80, 1, 13, 9, 2513 }, // U+00ED
    { 7, 13, 80, -1, 13, 12, 2522 }, // U+00EE
    { 7, 13, 80, -1, 13, 12, 2534 }, // U+00EF
    { 10, 14, 167, 0, 13, 18, 2546 }, // U+00F0
    { 9, 13, 173, 1, 13, 15, 2564 }, // U+00F1
    { 10, 14, 167, 0, 13, 18, 2579 }, // U+00F2
    { 10, 14, 167, 0, 13, 18, 2597 }, // U+00F3
    { 10, 14, 167, 0, 13, 18, 2615 }, // U+00F4
    { 10, 14, 167, 0, 13, 18, 2633 }, // U+00F5
    { 10, 14, 167, 0, 13, 18, 2651 }, // U+00F6
    { 9, 9, 153, 0, 10, 11, 2669 }, // U+00F7
    { 10, 11, 165, 0, 10, 14, 2680 }, // U+00F8
    { 9, 14, 173, 1, 13, 16, 2694 }, // U+00F9
    { 9, 14, 173, 1, 13, 16, 2710 }, // U+00FA
    { 9, 14, 173, 1, 13, 16, 2726 }, // U+00FB
    { 9, 14, 173, 1, 13, 16, 2742 }, // U+00FC
    { 10, 17, 152, 0, 13, 22, 2758 }, // U+00FD
    { 9, 17, 169, 1, 13, 20, 2780 }, // U+00FE
    { 10, 17, 152, 0, 13, 22, 2800 }, // U+00FF
    { 12, 15, 185, 0, 15, 23, 2822 }, // U+0100
    { 9, 13, 160, 0, 12, 15, 2845 }, // U+0101
    { 12, 16, 185, 0, 16, 24, 2860 }, // U+0102
    { 9, 14, 160, 0, 13, 16, 2884 }, // U+0103
    { 12, 16, 185, 0, 12, 24, 2900 }, // U+0104
    { 9, 14, 160, 0, 10, 16, 2924 }, // U+0105
    { 11, 17, 171, 0, 16, 24, 2940 }, // U+0106
    { 9, 14, 138, 0, 13, 16, 2964 }, // U+0107
    { 11, 17, 171, 0, 16, 24, 2980 }, // U+0108
    { 9, 14, 138, 0, 13, 16, 3004 }, // U+0109
    { 11, 17, 171, 0, 16, 24, 3020 }, // U+010A
    { 9, 14, 138, 0, 13, 16, 3044 }, // U+010B
    { 11, 17, 171, 0, 16, 24, 3060 }, // U+010C
    { 9, 14, 138, 0, 13, 16, 3084 }, // U+010D
    { 11, 16, 195, 1, 16, 22, 3100 }, // U+010E
    { 13, 14, 169, 0, 13, 23, 3122 }, // U+010F
    { 12, 12, 195, 0, 12, 18, 3145 }, // U+0110
    { 11, 14, 172, 0, 13, 20, 3163 }, // U+0111
    { 8, 15, 149, 1, 15, 15, 3183 }, // U+0112
    { 10, 13, 159, 0, 12, 17, 3198 }, // U+0113
    { 8, 16, 149, 1, 16, 16, 3215 }, // U+0114
    { 10, 14, 159, 0, 13, 18, 3231 }, // U+0115
    { 8, 16, 149, 1, 16, 16, 3249 }, // U+0116
    { 10, 14, 159, 0, 13, 18, 3265 }, // U+0117
    { 8, 16, 149, 1, 12, 16, 3283 }, // U+0118
    { 10, 14, 158, 0, 10, 18, 3299 }, // U+0119
    { 8, 16, 149, 1, 16, 16, 3317 }, // U+011A
    { 10, 14, 159, 0, 13, 18, 3333 }, // U+011B
    { 11, 17, 193, 0, 16, 24, 3351 }, // U+011C
    { 10, 17, 169, 0, 13, 22, 3375 }, // U+011D
    { 11, 17, 193, 0, 16, 24, 3397 }, // U+011E
    { 10, 17, 169, 0, 13, 22, 3421 }, // U+011F
    { 11, 17, 193, 0, 16, 24, 3443 }, // U+0120
    { 10, 17, 169, 0, 13, 22, 3467 }, // U+0121
    { 11, 17, 193, 0, 13, 24, 3489 }, // U+0122
    { 10, 17, 169, 0, 13, 22, 3513 }, // U+0123
    { 11, 16, 204, 1, 16, 22, 3535 }, // U+0124
    { 11, 17, 173, -1, 17, 24, 3557 }, // U+0125
    { 13, 12, 204, 0, 12, 20, 3581 }, // U+0126
    { 10, 13, 175, 0, 13, 17, 3601 }, // U+0127
    { 8, 16, 104, -1, 16, 16, 3618 }, // U+0128
    { 7, 13, 80, -1, 13, 12, 3634 }, // U+0129
    { 6, 15, 104, 0, 15, 12, 3646 }, // U+012A
    { 7, 12, 80, -1, 12, 11, 3658 }, // U+012B
    { 7, 16, 104, 0, 16, 14, 3669 }, // U+012C
    { 7, 13, 80, -1, 13, 12, 3683 }, // U+012D
    { 6, 16, 104, 0, 12, 12, 3695 }, // U+012E
    { 4, 17, 80, 0, 13, 9, 3707 }, // U+012F
    { 6, 16, 104, 0, 16, 12, 3716 }, // U+0130
    { 3, 10, 80, 1, 10, 4, 3728 }, // U+0131
    { 11, 16, 193, 0, 12, 22, 3732 }, // U+0132
    { 8, 17, 163, 1, 13, 17, 3754 }, // U+0133
    { 9, 20, 88, -2, 16, 23, 3771 }, // U+0134
    { 7, 17, 79, -1, 13, 15, 3794 }, // U+0135
    { 11, 16, 176, 1, 12, 22, 3809 }, // U+0136
    { 10, 17, 165, 1, 13, 22, 3831 }, // U+0137
    { 10, 10, 165, 1, 10, 13, 3853 }, // U+0138
    { 8, 16, 149, 1, 16, 16, 3866 }, // U+0139
    { 5, 17, 79, 1, 17, 11, 3882 }, // U+013A
    { 8, 16, 149, 1, 12, 16, 3893 }, // U+013B
    { 3, 17, 79, 1, 13, 7, 3909 }, // U+013C
    { 9, 12, 149, 1, 12, 14, 3916 }, // U+013D
    { 7, 13, 79, 1, 13, 12, 3930 }, // U+013E
    { 8, 12, 149, 1, 12, 12, 3942 }, // U+013F
    { 6, 13, 98, 1, 13, 10, 3954 }, // U+0140
    { 9, 12, 151, 0, 12, 14, 3964 }, // U+0141
    { 7, 13, 81, -1, 13, 12, 3978 }, // U+0142
    { 12, 16, 215, 1, 16, 24, 3990 }, // U+0143
    { 9, 13, 173, 1, 13, 15, 4014 }, // U+0144
    { 12, 16, 215, 1, 12, 24, 4029 }, // U+0145
    { 9, 14, 173, 1, 10, 16, 4053 }, // U+0146
    { 12, 16, 215, 1, 16, 24, 4069 }, // U+0147
    { 9, 13, 173, 1, 13, 15, 4093 }, // U+0148
    { 13, 12, 207, -1, 12, 20, 4108 }, // U+0149
    { 12, 16, 217, 1, 12, 24, 4128 }, // U+014A
    { 9, 14, 173, 1, 10, 16, 4152 }, // U+014B
    { 13, 16, 211, 0, 15, 26, 4168 }, // U+014C
    { 10, 13, 167, 0, 12, 17, 4194 }, // U+014D
    { 13, 17, 211, 0, 16, 28, 4211 }, // U+014E
    { 10, 14, 167, 0, 13, 18, 4239 }, // U+014F
    { 13, 17, 211, 0, 16, 28, 4257 }, // U+0150
    { 10, 14, 167, 0, 13, 18, 4285 }, // U+0151
    { 16, 14, 260, 0, 13, 28, 4303 }, // U+0152
    { 16, 11, 261, 0, 10, 22, 4331 }, // U+0153
    { 10, 16, 175, 1, 16, 20, 4353 }, // U+0154
    { 7, 13, 119, 1, 13, 12, 4373 }, // U+0155
    { 10, 16, 175, 1, 12, 20, 4385 }, // U+0156
    { 7, 14, 119, 1, 10, 13, 4405 }, // U+0157
    { 10, 16, 175, 1, 16, 20, 4418 }, // U+0158
    { 8, 13, 119, 0, 13, 13, 4438 }, // U+0159
    { 9, 17, 147, 0, 16, 20, 4451 }, // U+015A
    { 8, 14, 134, 0, 13, 14, 4471 }, // U+015B
    { 9, 17, 147, 0, 16, 20, 4485 }, // U+015C
    { 8, 14, 134, 0, 13, 14, 4505 }, // U+015D
    { 9, 17, 147, 0, 13, 20, 4519 }, // U+015E
    { 8, 14, 134, 0, 10, 14, 4539 }, // U+015F
    { 9, 17, 147, 0, 16, 20, 4553 }, // U+0160
    { 8, 14, 134, 0, 13, 14, 4573 }, // U+0161
    { 10, 16, 154, 0, 12, 20, 4587 }, // U+0162
    { 7, 16, 116, 0, 12, 14, 4607 }, // U+0163
    { 10, 16, 154, 0, 16, 20, 4621 }, // U+0164
    { 10, 14, 116, 0, 13, 18, 4641 }, // U+0165
    { 10, 12, 154, 0, 12, 15, 4659 }, // U+0166
    { 7, 13, 116, 0, 12, 12, 4674 }, // U+0167
    { 11, 17, 202, 1, 16, 24, 4686 }, // U+0168
    { 9, 14, 173, 1, 13, 16, 4710 }, // U+0169
    { 11, 16, 202, 1, 15, 22, 4726 }, // U+016A
    { 9, 13, 173, 1, 12, 15, 4748 }, // U+016B
    { 11, 17, 202, 1, 16, 24, 4763 }, // U+016C
    { 9, 14, 173, 1, 13, 16, 4787 }, // U+016D
    { 11, 18, 202, 1, 17, 25, 4803 }, // U+016E
    { 9, 15, 173, 1, 14, 17, 4828 }, // U+016F
    { 11, 17, 202, 1, 16, 24, 4845 }, // U+0170
    { 9, 14, 173, 1, 13, 16, 4869 }, // U+0171
    { 11, 16, 202, 1, 12, 22, 4885 }, // U+0172
    { 9, 14, 173, 1, 10, 16, 4907 }, // U+0173
    { 17, 16, 258, 0, 16, 34, 4923 }, // U+0174
    { 15, 13, 230, 0, 13, 25, 4957 }, // U+0175
    { 11, 16, 167, 0, 16, 22, 4982 }, // U+0176
    { 10, 17, 152, 0, 13, 22, 5004 }, // U+0177
    { 11, 16, 167, 0, 16, 22, 5026 }, // U+0178
    { 10, 16, 154, 0, 16, 20, 5048 }, // U+0179
    { 8, 13, 132, 0, 13, 13, 5068 }, // U+017A
    { 10, 16, 154, 0, 16, 20, 5081 }, // U+017B
    { 8, 13, 132, 0, 13, 13, 5101 }, // U+017C
    { 10, 16, 154, 0, 16, 20, 5114 }, // U+017D
    { 8, 13, 132, 0, 13, 13, 5134 }, // U+017E
    { 6, 13, 102, 1, 13, 10, 5147 }, // U+017F
    { 15, 14, 219, 0, 13, 27, 5157 }, // U+01A0
    { 12, 12, 182, 0, 11, 18, 5184 }, // U+01A1
    { 14, 14, 236, 1, 13, 25, 5202 }, // U+01AF
    { 13, 12, 202, 1, 11, 20, 5227 }, // U+01B0
    { 21, 16, 349, 1, 16, 42, 5247 }, // U+01C4
    { 20, 13, 327, 1, 13, 33, 5289 }, // U+01C5
    { 19, 14, 300, 0, 13, 34, 5322 }, // U+01C6
    { 13, 16, 239, 1, 12, 26, 5356 }, // U+01C7
    { 13, 17, 232, 1, 13, 28, 5382 }, // U+01C8
    { 8, 17, 163, 1, 13, 17, 5410 }, // U+01C9
    { 17, 16, 305, 1, 12, 34, 5427 }, // U+01CA
    { 17, 17, 298, 1, 13, 37, 5461 }, // U+01CB
    { 14, 17, 257, 1, 13, 30, 5498 }, // U+01CC
    { 12, 16, 185, 0, 16, 24, 5528 }, // U+01CD
    { 9, 14, 160, 0, 13, 16, 5552 }, // U+01CE
    { 8, 16, 104, -1, 16, 16, 5568 }, // U+01CF
    { 8, 13, 80, -1, 13, 13, 5584 }, // U+01D0
    { 13, 17, 211, 0, 16, 28, 5597 }, // U+01D1
    { 10, 14, 167, 0, 13, 18, 5625 }, // U+01D2
    { 11, 17, 202, 1, 16, 24, 5643 }, // U+01D3
    { 9, 14, 173, 1, 13, 16, 5667 }, // U+01D4
    { 11, 19, 202, 1, 18, 27, 5683 }, // U+01D5
    { 9, 16, 173, 1, 15, 18, 5710 }, // U+01D6
    { 11, 19, 202, 1, 18, 27, 5728 }, // U+01D7
    { 9, 16, 173, 1, 15, 18, 5755 }, // U+01D8
    { 11, 19, 202, 1, 18, 27, 5773 }, // U+01D9
    { 9, 16, 173, 1, 15, 18, 5800 }, // U+01DA
    { 11, 19, 202, 1, 18, 27, 5818 }, // U+01DB
    { 9, 16, 173, 1, 15, 18, 5845 }, // U+01DC
    { 10, 11, 159, 0, 10, 14, 5863 }, // U+01DD
    { 12, 18, 185, 0, 18, 27, 5877 }, // U+01DE
    { 9, 16, 160, 0, 15, 18, 5904 }, // U+01DF
    { 12, 18, 185, 0, 18, 27, 5922 }, // U+01E0
    { 9, 16, 160, 0, 15, 18, 5949 }, // U+01E1
    { 15, 15, 254, 0, 15, 29, 5967 }, // U+01E2
    { 15, 13, 245, 0, 12, 25, 5996 }, // U+01E3
    { 12, 14, 193, 0, 13, 21, 6021 }, // U+01E4
    { 11, 14, 170, 0, 10, 20, 6042 }, // U+01E5
    { 11, 17, 193, 0, 16, 24, 6062 }, // U+01E6
    { 10, 17, 169, 0, 13, 22, 6086 }, // U+01E7
    { 11, 16, 176, 1, 16, 22, 6108 }, // U+01E8
    { 12, 17, 165, -1, 17, 26, 6130 }, // U+01E9
    { 13, 17, 211, 0, 13, 28, 6156 }, // U+01EA
    { 10, 14, 167, 0, 10, 18, 6184 }, // U+01EB
    { 13, 19, 211, 0, 15, 31, 6202 }, // U+01EC
    { 10, 16, 167, 0, 12, 20, 6233 }, // U+01ED
    { 10, 17, 158, 0, 16, 22, 6253 }, // U+01EE
    { 10, 17, 155, 0, 13, 22, 6275 }, // U+01EF
    { 8, 17, 79, -1, 13, 17, 6297 }, // U+01F0
    { 21, 12, 349, 1, 12, 32, 6314 }, // U+01F1
    { 19, 12, 327, 1, 12, 29, 6346 }, // U+01F2
    { 19, 14, 300, 0, 13, 34, 6375 }, // U+01F3
    { 11, 17, 193, 0, 16, 24, 6409 }, // U+01F4
    { 10, 17, 169, 0, 13, 22, 6433 }, // U+01F5
    { 16, 13, 280, 1, 12, 26, 6455 }, // U+01F6
    { 10, 17, 180, 1, 13, 22, 6481 }, // U+01F7
    { 12, 16, 215, 1, 16, 24, 6503 }, // U+01F8
    { 9, 13, 173, 1, 13, 15, 6527 }, // U+01F9
    { 12, 16, 184, 0, 16, 24, 6542 }, // U+01FA
    { 9, 18, 160, 0, 17, 21, 6566 }, // U+01FB
    { 15, 16, 254, 0, 16, 30, 6587 }, // U+01FC
    { 15, 14, 245, 0, 13, 27, 6617 }, // U+01FD
    { 13, 17, 211, 0, 16, 28, 6644 }, // U+01FE
    { 10, 14, 165, 0, 13, 18, 6672 }, // U+01FF
    { 12, 16, 185, 0, 16, 24, 6690 }, // U+0200
    { 9, 14, 160, 0, 13, 16, 6714 }, // U+0201
    { 12, 16, 185, 0, 16, 24, 6730 }, // U+0202
    { 9, 14, 160, 0, 13, 16, 6754 }, // U+0203
    { 9, 16, 149, 0, 16, 18, 6770 }, // U+0204
    { 10, 14, 159, 0, 13, 18, 6788 }, // U+0205
    { 8, 16, 149, 1, 16, 16, 6806 }, // U+0206
    { 10, 14, 159, 0, 13, 18, 6822 }, // U+0207
    { 8, 16, 104, -2, 16, 16, 6840 }, // U+0208
    { 8, 13, 80, -2, 13, 13, 6856 }, // U+0209
    { 7, 16, 104, 0, 16, 14, 6869 }, // U+020A
    { 7, 13, 80, -1, 13, 12, 6883 }, // U+020B
    { 13, 17, 211, 0, 16, 28, 6895 }, // U+020C
    { 10, 14, 167, 0, 13, 18, 6923 }, // U+020D
    { 13, 17, 211, 0, 16, 28, 6941 }, // U+020E
    { 10, 14, 167, 0, 13, 18, 6969 }, // U+020F
    { 10, 16, 175, 1, 16, 20, 6987 }, // U+0210
    { 9, 13, 119, -1, 13, 15, 7007 }, // U+0211
    { 10, 16, 175, 1, 16, 20, 7022 }, // U+0212
    { 8, 13, 119, 0, 13, 13, 7042 }, // U+0213
    { 11, 17, 202, 1, 16, 24, 7055 }, // U+0214
    { 9, 14, 173, 1, 13, 16, 7079 }, // U+0215
    { 11, 17, 202, 1, 16, 24, 7095 }, // U+0216
    { 9, 14, 173, 1, 13, 16, 7119 }, // U+0217
    { 9, 17, 147, 0, 13, 20, 7135 }, // U+0218
    { 8, 14, 134, 0, 10, 14, 7155 }, // U+0219
    { 10, 16, 154, 0, 12, 20, 7169 }, // U+021A
    { 7, 16, 116, 0, 12, 14, 7189 }, // U+021B
    { 10, 16, 168, 0, 13, 20, 7203 }, // U+021C
    { 8, 14, 135, 0, 10, 14, 7223 }, // U+021D
    { 11, 16, 204, 1, 16, 22, 7237 }, // U+021E
    { 11, 17, 173, -1, 17, 24, 7259 }, // U+021F
    { 5, 3, 0, -9, 13, 2, 7283 }, // U+0300
    { 6, 3, 0, -7, 13, 3, 7285 }, // U+0301
    { 8, 3, 0, -4, 13, 3, 7288 }, // U+0302
    { 8, 3, 0, -10, 13, 3, 7291 }, // U+0303
    { 6, 2, 0, -3, 12, 2, 7294 }, // U+0304
    { 8, 3, 0, -4, 15, 3, 7296 }, // U+0305
    { 8, 3, 0, -4, 13, 3, 7299 }, // U+0306
    { 4, 3, 0, -2, 13, 2, 7302 }, // U+0307
    { 6, 3, 0, -3, 13, 3, 7304 }, // U+0308
    { 4, 5, 0, -7, 14, 3, 7307 }, // U+0309
    { 5, 4, 0, -3, 14, 3, 7310 }, // U+030A
    { 8, 3, 0, -3, 13, 3, 7313 }, // U+030B
    { 8, 3, 0, -4, 13, 3, 7316 }, // U+030C
    { 2, 4, 0, -1, 13, 1, 7319 }, // U+030D
    { 6, 4, 0, -3, 13, 3, 7320 }, // U+030E
    { 8, 3, 0, -10, 13, 3, 7323 }, // U+030F
    { 6, 5, 0, -3, 15, 4, 7326 }, // U+0310
    { 8, 3, 0, -4, 13, 3, 7330 }, // U+0311
    { 4, 5, 0, -2, 12, 3, 7333 }, // U+0312
    { 4, 5, 0, -2, 12, 3, 7336 }, // U+0313
    { 4, 5, 0, -2, 12, 3, 7339 }, // U+0314
    { 4, 5, 0, -2, 12, 3, 7342 }, // U+0315
    { 6, 3, 0, -3, 0, 3, 7345 }, // U+0316
    { 6, 3, 0, -3, 0, 3, 7348 }, // U+0317
    { 4, 4, 0, -2, 0, 2, 7351 }, // U+0318
    { 4, 4, 0, -2, 0, 2, 7353 }, // U+0319
    { 5, 5, 80, 0, 13, 4, 7355 }, // U+031A
    { 5, 5, 0, -2, 13, 4, 7359 }, // U+031B
    { 3, 4, 0, -2, 0, 2, 7363 }, // U+031C
    { 4, 4, 0, -2, 0, 2, 7365 }, // U+031D
    { 4, 4, 0, -2, 0, 2, 7367 }, // U+031E
    { 4, 4, 0, -2, 0, 2, 7369 }, // U+031F
    { 4, 2, 0, -2, -1, 1, 7371 }, // U+0320
    { 4, 5, 0, -4, 1, 3, 7372 }, // U+0321
    { 4, 5, 0, 0, 1, 3, 7375 }, // U+0322
    { 4, 3, 0, -8, -1, 2, 7378 }, // U+0323
    { 6, 3, 0, -3, -1, 3, 7380 }, // U+0324
    { 5, 4, 0, -3, 0, 3, 7383 }, // U+0325
    { 4, 3, 0, -2, -1, 2, 7386 }, // U+0326
    { 4, 4, 0, -2, 0, 2, 7388 }, // U+0327
    { 4, 5, 0, -2, 1, 3, 7390 }, // U+0328
    { 2, 4, 0, -1, 0, 1, 7393 }, // U+0329
    { 6, 4, 0, -3, 0, 3, 7394 }, // U+032A
    { 8, 2, 0, -4, -1, 2, 7397 }, // U+032B
    { 8, 3, 0, -4, 0, 3, 7399 }, // U+032C
    { 8, 3, 0, -4, 0, 3, 7402 }, // U+032D
    { 8, 3, 0, -4, -1, 3, 7405 }, // U+032E
    { 8, 3, 0, -4, -1, 3, 7408 }, // U+032F
    { 8, 3, 0, -4, 0, 3, 7411 }, // U+0330
    { 6, 2, 0, -3, -1, 2, 7414 }, // U+0331
    { 8, 2, 0, -4, -1, 2, 7416 }, // U+0332
    { 8, 4, 0, -4, 0, 4, 7418 }, // U+0333
    { 8, 3, 0, -4, 6, 3, 7422 }, // U+0334
    { 8, 3, 0, -4, 6, 3, 7425 }, // U+0335
    { 14, 3, 0, -7, 6, 6, 7428 }, // U+0336
    { 6, 5, 0, -3, 7, 4, 7434 }, // U+0337
    { 8, 14, 0, -4, 13, 14, 7438 }, // U+0338
    { 3, 4, 0, -1, 0, 2, 7452 }, // U+0339
    { 6, 4, 0, -3, 0, 3, 7454 }, // U+033A
    { 8, 4, 0, -4, 0, 4, 7457 }, // U+033B
    { 8, 2, 0, -4, -1, 2, 7461 }, // U+033C
    { 4, 4, 0, -2, 13, 2, 7463 }, // U+033D
    { 4, 6, 0, -2, 15, 3, 7465 }, // U+033E
    { 7, 4, 0, -4, 16, 4, 7468 }, // U+033F
    { 6, 3, 0, -4, 13, 3, 7472 }, // U+0340
    { 5, 3, 0, -1, 13, 2, 7475 }, // U+0341
    { 8, 3, 0, -4, 13, 3, 7477 }, // U+0342
    { 4, 4, 0, -2, 13, 2, 7480 }, // U+0343
    { 10, 3, 0, -4, 13, 4, 7482 }, // U+0344
    { 4, 4, 0, -1, 0, 2, 7486 }, // U+0345
    { 8, 4, 0, -4, 13, 4, 7488 }, // U+0346
    { 7, 4, 0, -4, 0, 4, 7492 }, // U+0347
    { 6, 4, 0, -3, 0, 3, 7496 }, // U+0348
    { 4, 3, 0, -2, -1, 2, 7499 }, // U+0349
    { 8, 4, 0, -4, 13, 4, 7501 }, // U+034A
    { 8, 7, 0, -4, 16, 7, 7505 }, // U+034B
    { 6, 5, 0, -3, 15, 4, 7512 }, // U+034C
    { 6, 4, 0, -3, 0, 3, 7516 }, // U+034D
    { 4, 4, 0, -2, 0, 2, 7519 }, // U+034E
    { 12, 12, 0, -6, 12, 18, 7521 }, // U+034F
    { 4, 5, 0, -2, 14, 3, 7539 }, // U+0350
    { 3, 5, 0, -1, 14, 2, 7542 }, // U+0351
    { 6, 5, 0, -3, 15, 4, 7544 }, // U+0352
    { 4, 4, 0, -2, 0, 2, 7548 }, // U+0353
    { 4, 4, 0, -2, 0, 2, 7550 }, // U+0354
    { 4, 4, 0, -2, 0, 2, 7552 }, // U+0355
    { 8, 4, 0, -4, 0, 4, 7554 }, // U+0356
    { 3, 5, 0, -1, 14, 2, 7558 }, // U+0357
    { 4, 3, 0, 1, 13, 2, 7560 }, // U+0358
    { 4, 4, 0, -2, 0, 2, 7562 }, // U+0359
    { 8, 4, 0, -4, 0, 4, 7564 }, // U+035A
    { 4, 5, 0, -2, 14, 3, 7568 }, // U+035B
    { 14, 4, 0, -7, 0, 7, 7571 }, // U+035C
    { 14, 4, 0, -7, 14, 7, 7578 }, // U+035D
    { 10, 2, 0, -5, 12, 3, 7585 }, // U+035E
    { 10, 2, 0, -5, 0, 3, 7588 }, // U+035F
    { 14, 3, 0, -7, 13, 6, 7591 }, // U+0360
    { 14, 4, 0, -7, 15, 7, 7597 }, // U+0361
    { 14, 4, 0, -7, 0, 7, 7604 }, // U+0362
    { 4, 5, 0, -2, 15, 3, 7611 }, // U+0363
    { 5, 5, 0, -2, 15, 4, 7614 }, // U+0364
    { 2, 6, 0, -1, 16, 2, 7618 }, // U+0365
    { 5, 5, 0, -2, 15, 4, 7620 }, // U+0366
    { 5, 4, 0, -2, 14, 3, 7624 }, // U+0367
    { 4, 5, 0, -2, 15, 3, 7627 }, // U+0368
    { 4, 6, 0, -2, 16, 3, 7630 }, // U+0369
    { 5, 6, 0, -2, 16, 4, 7633 }, // U+036A
    { 7, 5, 0, -3, 15, 5, 7637 }, // U+036B
    { 3, 5, 0, -1, 15, 2, 7642 }, // U+036C
    { 4, 5, 0, -2, 15, 3, 7644 }, // U+036D
    { 5, 4, 0, -2, 14, 3, 7647 }, // U+036E
    { 6, 4, 0, -3, 14, 3, 7650 }, // U+036F
    { 8, 16, 150, 1, 16, 16, 7653 }, // U+0400
    { 8, 16, 150, 1, 16, 16, 7669 }, // U+0401
    { 13, 13, 204, 0, 12, 22, 7685 }, // U+0402
    { 8, 16, 150, 1, 16, 16, 7707 }, // U+0403
    { 11, 14, 174, 0, 13, 20, 7723 }, // U+0404
    { 9, 14, 146, 0, 13, 16, 7743 }, // U+0405
    { 3, 12, 86, 1, 12, 5, 7759 }, // U+0406
    { 6, 16, 88, 0, 16, 12, 7764 }, // U+0407
    { 7, 16, 88, -2, 12, 14, 7776 }, // U+0408
    { 17, 13, 276, 0, 12, 28, 7790 }, // U+0409
    { 16, 12, 284, 1, 12, 24, 7818 }, // U+040A
    { 12, 12, 208, 0, 12, 18, 7842 }, // U+040B
    { 11, 16, 182, 1, 16, 22, 7860 }, // U+040C
    { 11, 16, 211, 1, 16, 22, 7882 }, // U+040D
    { 11, 17, 172, 0, 16, 24, 7904 }, // U+040E
    { 11, 15, 204, 1, 12, 21, 7928 }, // U+040F
    { 12, 12, 185, 0, 12, 18, 7949 }, // U+0410
    { 10, 12, 173, 1, 12, 15, 7967 }, // U+0411
    { 10, 12, 177, 1, 12, 15, 7982 }, // U+0412
    { 8, 12, 150, 1, 12, 12, 7997 }, // U+0413
    { 13, 15, 207, 0, 12, 25, 8009 }, // U+0414
    { 8, 12, 150, 1, 12, 12, 8034 }, // U+0415
    { 17, 12, 266, 0, 12, 26, 8046 }, // U+0416
    { 9, 14, 158, 0, 13, 16, 8072 }, // U+0417
    { 11, 12, 211, 1, 12, 17, 8088 }, // U+0418
    { 11, 16, 211, 1, 16, 22, 8105 }, // U+0419
    { 11, 12, 185, 1, 12, 17, 8127 }, // U+041A
    { 11, 13, 196, 0, 12, 18, 8144 }, // U+041B
    { 14, 12, 252, 1, 12, 21, 8162 }, // U+041C
    { 11, 12, 205, 1, 12, 17, 8183 }, // U+041D
    { 13, 14, 207, 0, 13, 23, 8200 }, // U+041E
    { 11, 12, 203, 1, 12, 17, 8223 }, // U+041F
    { 9, 12, 166, 1, 12, 14, 8240 }, // U+0420
    { 11, 14, 172, 0, 13, 20, 8254 }, // U+0421
    { 10, 12, 154, 0, 12, 15, 8274 }, // U+0422
    { 11, 13, 172, 0, 12, 18, 8289 }, // U+0423
    { 15, 14, 241, 0, 13, 27, 8307 }, // U+0424
    { 12, 12, 178, 0, 12, 18, 8334 }, // U+0425
    { 12, 15, 207, 1, 12, 23, 8352 }, // U+0426
    { 10, 12, 192, 1, 12, 15, 8375 }, // U+0427
    { 16, 12, 285, 1, 12, 24, 8390 }, // U+0428
    { 17, 15, 286, 1, 12, 32, 8414 }, // U+0429
    { 12, 12, 201, 0, 12, 18, 8446 }, // U+042A
    { 13, 12, 245, 1, 12, 20, 8464 }, // U+042B
    { 9, 12, 172, 1, 12, 14, 8484 }, // U+042C
    { 10, 14, 175, 0, 13, 18, 8498 }, // U+042D
    { 16, 14, 271, 1, 13, 28, 8516 }, // U+042E
    { 10, 12, 182, 0, 12, 15, 8544 }, // U+042F
    { 9, 11, 159, 0, 10, 13, 8559 }, // U+0430
    { 10, 14, 166, 0, 13, 18, 8572 }, // U+0431
    { 9, 10, 159, 1, 10, 12, 8590 }, // U+0432
    { 7, 10, 127, 1, 10, 9, 8602 }, // U+0433
    { 11, 13, 170, 0, 10, 18, 8611 }, // U+0434
    { 10, 11, 156, 0, 10, 14, 8629 }, // U+0435
    { 15, 10, 231, 0, 10, 19, 8643 }, // U+0436
    { 8, 11, 137, 0, 10, 11, 8662 }, // U+0437
    { 9, 10, 180, 1, 10, 12, 8673 }, // U+0438
    { 9, 13, 180, 1, 13, 15, 8685 }, // U+0439
    { 10, 10, 164, 1, 10, 13, 8700 }, // U+043A
    { 10, 11, 166, 0, 10, 14, 8713 }, // U+043B
    { 12, 10, 223, 1, 10, 15, 8727 }, // U+043C
    { 9, 10, 175, 1, 10, 12, 8742 }, // U+043D
    { 10, 11, 166, 0, 10, 14, 8754 }, // U+043E
    { 9, 10, 173, 1, 10, 12, 8768 }, // U+043F
    { 9, 14, 169, 1, 10, 16, 8780 }, // U+0440
    { 9, 11, 140, 0, 10, 13, 8796 }, // U+0441
    { 9, 10, 135, 0, 10, 12, 8809 }, // U+0442
    { 11, 14, 152, -1, 10, 20, 8821 }, // U+0443
    { 13, 17, 216, 0, 13, 28, 8841 }, // U+0444
    { 10, 10, 154, 0, 10, 13, 8869 }, // U+0445
    { 10, 13, 173, 1, 10, 17, 8882 }, // U+0446
    { 9, 10, 170, 1, 10, 12, 8899 }, // U+0447
    { 14, 10, 254, 1, 10, 18, 8911 }, // U+0448
    { 15, 13, 254, 1, 10, 25, 8929 }, // U+0449
    { 11, 10, 179, 0, 10, 14, 8954 }, // U+044A
    { 12, 10, 228, 1, 10, 15, 8968 }, // U+044B
    { 9, 10, 158, 1, 10, 12, 8983 }, // U+044C
    { 9, 11, 140, 0, 10, 13, 8995 }, // U+044D
    { 13, 11, 227, 1, 10, 18, 9008 }, // U+044E
    { 9, 10, 161, 0, 10, 12, 9026 }, // U+044F
    { 10, 14, 156, 0, 13, 18, 9038 }, // U+0450
    { 10, 14, 156, 0, 13, 18, 9056 }, // U+0451
    { 10, 17, 174, 0, 13, 22, 9074 }, // U+0452
    { 7, 13, 128, 1, 13, 12, 9096 }, // U+0453
    { 9, 11, 140, 0, 10, 13, 9108 }, // U+0454
    { 8, 11, 133, 0, 10, 11, 9121 }, // U+0455
    { 3, 13, 82, 1, 13, 5, 9132 }, // U+0456
    { 5, 13, 80, 0, 13, 9, 9137 }, // U+0457
    { 5, 17, 79, -1, 13, 11, 9146 }, // U+0458
    { 15, 11, 239, 0, 10, 21, 9157 }, // U+0459
    { 14, 10, 247, 1, 10, 18, 9178 }, // U+045A
    { 10, 13, 174, 0, 13, 17, 9196 }, // U+045B
    { 10, 13, 164, 1, 13, 17, 9213 }, // U+045C
    { 9, 13, 180, 1, 13, 15, 9230 }, // U+045D
    { 11, 17, 152, -1, 13, 24, 9245 }, // U+045E
    { 9, 13, 173, 1, 10, 15, 9269 }, // U+045F
    { 16, 12, 254, 0, 12, 24, 9284 }, // U+0460
    { 15, 10, 236, 0, 10, 19, 9308 }, // U+0461
    { 11, 12, 180, 0, 12, 17, 9327 }, // U+0462
    { 11, 11, 178, 0, 11, 16, 9344 }, // U+0463
    { 15, 14, 253, 1, 13, 27, 9360 }, // U+0464
    { 12, 11, 214, 1, 10, 17, 9387 }, // U+0465
    { 13, 12, 195, 0, 12, 20, 9404 }, // U+0466
    { 11, 10, 171, 0, 10, 14, 9424 }, // U+0467
    { 16, 12, 268, 1, 12, 24, 9438 }, // U+0468
    { 15, 10, 241, 1, 10, 19, 9462 }, // U+0469
    { 14, 12, 214, 0, 12, 21, 9481 }, // U+046A
    { 11, 10, 166, 0, 10, 14, 9502 }, // U+046B
    { 17, 12, 286, 1, 12, 26, 9516 }, // U+046C
    { 14, 10, 235, 1, 10, 18, 9542 }, // U+046D
    { 10, 19, 169, 0, 15, 24, 9560 }, // U+046E
    { 9, 16, 148, 0, 12, 18, 9584 }, // U+046F
    { 13, 12, 235, 1, 12, 20, 9602 }, // U+0470
    { 12, 17, 225, 1, 13, 26, 9622 }, // U+0471
    { 13, 14, 211, 0, 13, 23, 9648 }, // U+0472
    { 10, 11, 165, 0, 10, 14, 9671 }, // U+0473
    { 12, 12, 191, 0, 12, 18, 9685 }, // U+0474
    { 11, 10, 161, 0, 10, 14, 9703 }, // U+0475
    { 12, 16, 191, 0, 16, 24, 9717 }, // U+0476
    { 11, 13, 161, 0, 13, 18, 9741 }, // U+0477
    { 22, 17, 352, 0, 13, 47, 9759 }, // U+0478
    { 20, 14, 314, 0, 10, 35, 9806 }, // U+0479
    { 13, 15, 222, 0, 13, 25, 9841 }, // U+047A
    { 11, 12, 183, 0, 11, 17, 9866 }, // U+047B
    { 18, 19, 290, 0, 18, 43, 9883 }, // U+047C
    { 15, 17, 256, 0, 16, 32, 9926 }, // U+047D
    { 16, 16, 255, 0, 16, 32, 9958 }, // U+047E
    { 15, 13, 236, 0, 13, 25, 9990 }, // U+047F
    { 11, 17, 181, 0, 13, 24, 10015 }, // U+0480
    { 9, 14, 140, 0, 10, 16, 10039 }, // U+0481
    { 10, 12, 162, 0, 11, 15, 10055 }, // U+0482
    { 7, 4, 0, -8, 13, 4, 10070 }, // U+0483
    { 7, 3, 0, -8, 13, 3, 10074 }, // U+0484
    { 3, 5, 0, -6, 14, 2, 10077 }, // U+0485
    { 3, 5, 0, -6, 14, 2, 10079 }, // U+0486
    { 8, 4, 0, -4, 16, 4, 10081 }, // U+0487
    { 20, 19, 0, -10, 14, 48, 10085 }, // U+0488
    { 20, 19, 0, -10, 14, 48, 10133 }, // U+0489
    { 14, 20, 244, 1, 16, 35, 10181 }, // U+048A
    { 13, 18, 214, 1, 14, 30, 10216 }, // U+048B
    { 10, 12, 170, 0, 12, 15, 10246 }, // U+048C
    { 10, 13, 164, 0, 13, 17, 10261 }, // U+048D
    { 9, 12, 168, 1, 12, 14, 10278 }, // U+048E
    { 9, 14, 169, 1, 10, 16, 10292 }, // U+048F
    { 9, 15, 154, 1, 15, 17, 10308 }, // U+0490
    { 7, 12, 137, 1, 12, 11, 10325 }, // U+0491
    { 9, 12, 149, 0, 12, 14, 10336 }, // U+0492
    { 8, 10, 131, 0, 10, 10, 10350 }, // U+0493
    { 11, 17, 196, 1, 12, 24, 10360 }, // U+0494
    { 9, 15, 161, 1, 10, 17, 10384 }, // U+0495
    { 17, 16, 274, 0, 12, 34, 10401 }, // U+0496
    { 17, 14, 250, -1, 10, 30, 10435 }, // U+0497
    { 9, 17, 158, 0, 13, 20, 10465 }, // U+0498
    { 8, 14, 137, 0, 10, 14, 10485 }, // U+0499
    { 12, 16, 202, 1, 12, 24, 10499 }, // U+049A
    { 10, 14, 176, 1, 10, 18, 10523 }, // U+049B
    { 11, 12, 178, 1, 12, 17, 10541 }, // U+049C
    { 10, 10, 165, 1, 10, 13, 10558 }, // U+049D
    { 12, 12, 185, 0, 12, 18, 10571 }, // U+049E
    { 11, 13, 167, 0, 13, 18, 10589 }, // U+049F
    { 13, 12, 196, 0, 12, 20, 10607 }, // U+04A0
    { 12, 10, 185, 0, 10, 15, 10627 }, // U+04A1
    { 13, 16, 224, 1, 12, 26, 10642 }, // U+04A2
    { 11, 14, 198, 1, 10, 20, 10668 }, // U+04A3
    { 13, 12, 222, 1, 12, 20, 10688 }, // U+04A4
    { 12, 10, 202, 1, 10, 15, 10708 }, // U+04A5
    { 17, 17, 300, 1, 12, 37, 10723 }, // U+04A6
    { 14, 15, 237, 1, 10, 27, 10760 }, // U+04A7
    { 13, 14, 207, 0, 13, 23, 10787 }, // U+04A8
    { 11, 11, 175, 0, 10, 16, 10810 }, // U+04A9
    { 11, 17, 171, 0, 13, 24, 10826 }, // U+04AA
    { 9, 14, 138, 0, 10, 16, 10850 }, // U+04AB
    { 10, 16, 154, 0, 12, 20, 10866 }, // U+04AC
    { 9, 14, 147, 0, 10, 16, 10886 }, // U+04AD
    { 11, 12, 167, 0, 12, 17, 10902 }, // U+04AE
    { 10, 14, 153, 0, 10, 18, 10919 }, // U+04AF
    { 11, 12, 167, 0, 12, 17, 10937 }, // U+04B0
    { 10, 14, 153, 0, 10, 18, 10954 }, // U+04B1
    { 13, 16, 198, 0, 12, 26, 10972 }, // U+04B2
    { 11, 14, 169, 0, 10, 20, 10998 }, // U+04B3
    { 16, 16, 248, 0, 12, 32, 11018 }, // U+04B4
    { 13, 14, 211, 0, 10, 23, 11050 }, // U+04B5
    { 14, 16, 214, 0, 12, 28, 11073 }, // U+04B6
    { 11, 14, 194, 1, 10, 20, 11101 }, // U+04B7
    { 10, 12, 196, 1, 12, 15, 11121 }, // U+04B8
    { 10, 10, 176, 0, 10, 13, 11136 }, // U+04B9
    { 11, 12, 196, 1, 12, 17, 11149 }, // U+04BA
    { 9, 13, 173, 1, 13, 15, 11166 }, // U+04BB
    { 15, 14, 253, 0, 13, 27, 11181 }, // U+04BC
    { 13, 11, 189, -1, 10, 18, 11208 }, // U+04BD
    { 15, 17, 253, 0, 13, 32, 11226 }, // U+04BE
    { 13, 14, 189, -1, 10, 23, 11258 }, // U+04BF
    { 6, 12, 104, 0, 12, 9, 11281 }, // U+04C0
    { 17, 16, 267, 0, 16, 34, 11290 }, // U+04C1
    { 15, 13, 231, 0, 13, 25, 11324 }, // U+04C2
    { 11, 17, 203, 1, 12, 24, 11349 }, // U+04C3
    { 10, 15, 174, 1, 10, 19, 11373 }, // U+04C4
    { 14, 16, 224, 0, 12, 28, 11392 }, // U+04C5
    { 12, 14, 194, 0, 10, 21, 11420 }, // U+04C6
    { 11, 17, 204, 1, 12, 24, 11441 }, // U+04C7
    { 9, 15, 177, 1, 10, 17, 11465 }, // U+04C8
    { 13, 16, 229, 1, 12, 26, 11482 }, // U+04C9
    { 12, 14, 198, 1, 10, 21, 11508 }, // U+04CA
    { 10, 16, 196, 1, 12, 20, 11529 }, // U+04CB
    { 9, 14, 175, 1, 10, 16, 11549 }, // U+04CC
    { 16, 16, 276, 1, 12, 32, 11565 }, // U+04CD
    { 15, 14, 247, 1, 10, 27, 11597 }, // U+04CE
    { 6, 12, 104, 0, 12, 9, 11624 }, // U+04CF
    { 12, 16, 185, 0, 16, 24, 11633 }, // U+04D0
    { 9, 14, 160, 0, 13, 16, 11657 }, // U+04D1
    { 12, 16, 185, 0, 16, 24, 11673 }, // U+04D2
    { 9, 14, 160, 0, 13, 16, 11697 }, // U+04D3
    { 15, 12, 254, 0, 12, 23, 11713 }, // U+04D4
    { 15, 11, 245, 0, 10, 21, 11736 }, // U+04D5
    { 8, 16, 149, 1, 16, 16, 11757 }, // U+04D6
    { 10, 14, 159, 0, 13, 18, 11773 }, // U+04D7
    { 12, 14, 218, 1, 13, 21, 11791 }, // U+04D8
    { 10, 11, 159, 0, 10, 14, 11812 }, // U+04D9
    { 12, 17, 218, 1, 16, 26, 11826 }, // U+04DA
    { 10, 14, 159, 0, 13, 18, 11852 }, // U+04DB
    { 17, 16, 267, 0, 16, 34, 11870 }, // U+04DC
    { 15, 13, 231, 0, 13, 25, 11904 }, // U+04DD
    { 9, 17, 158, 0, 16, 20, 11929 }, // U+04DE
    { 8, 14, 137, 0, 13, 14, 11949 }, // U+04DF
    { 10, 13, 158, 0, 12, 17, 11963 }, // U+04E0
    { 10, 14, 155, 0, 10, 18, 11980 }, // U+04E1
    { 11, 15, 211, 1, 15, 21, 11998 }, // U+04E2
    { 9, 12, 180, 1, 12, 14, 12019 }, // U+04E3
    { 11, 16, 211, 1, 16, 22, 12033 }, // U+04E4
    { 9, 13, 180, 1, 13, 15, 12055 }, // U+04E5
    { 13, 17, 211, 0, 16, 28, 12070 }, // U+04E6
    { 10, 14, 167, 0, 13, 18, 12098 }, // U+04E7
    { 13, 14, 211, 0, 13, 23, 12116 }, // U+04E8
    { 10, 11, 167, 0, 10, 14, 12139 }, // U+04E9
    { 13, 17, 211, 0, 16, 28, 12153 }, // U+04EA
    { 10, 14, 167, 0, 13, 18, 12181 }, // U+04EB
    { 10, 17, 174, 0, 16, 22, 12199 }, // U+04EC
    { 9, 14, 140, 0, 13, 16, 12221 }, // U+04ED
    { 11, 16, 172, 0, 15, 22, 12237 }, // U+04EE
    { 11, 16, 152, -1, 12, 22, 12259 }, // U+04EF
    { 11, 17, 172, 0, 16, 24, 12281 }, // U+04F0
    { 11, 17, 152, -1, 13, 24, 12305 }, // U+04F1
    { 11, 17, 172, 0, 16, 24, 12329 }, // U+04F2
    { 10, 17, 152, 0, 13, 22, 12353 }, // U+04F3
    { 10, 16, 192, 1, 16, 20, 12375 }, // U+04F4
    { 9, 13, 170, 1, 13, 15, 12395 }, // U+04F5
    { 9, 16, 150, 1, 12, 18, 12410 }, // U+04F6
    { 7, 14, 128, 1, 10, 13, 12428 }, // U+04F7
    { 13, 16, 245, 1, 16, 26, 12441 }, // U+04F8
    { 12, 13, 228, 1, 13, 20, 12467 }, // U+04F9
    { 9, 17, 149, 0, 12, 20, 12487 }, // U+04FA
    { 8, 14, 131, 0, 10, 14, 12507 }, // U+04FB
    { 12, 17, 195, 0, 12, 26, 12521 }, // U+04FC
    { 11, 14, 172, 0, 10, 20, 12547 }, // U+04FD
    { 12, 12, 179, 0, 12, 18, 12567 }, // U+04FE
    { 10, 10, 154, 0, 10, 13, 12585 }, // U+04FF
    { 11, 10, 180, 0, 10, 14, 12598 }, // U+05D0
    { 10, 10, 158, 0, 10, 13, 12612 }, // U+05D1
    { 7, 11, 110, 0, 10, 10, 12625 }, // U+05D2
    { 10, 10, 152, 0, 10, 13, 12635 }, // U+05D3
    { 10, 10, 176, 0, 10, 13, 12648 }, // U+05D4
    { 5, 10, 90, 0, 10, 7, 12661 }, // U+05D5
    { 6, 10, 99, 0, 10, 8, 12668 }, // U+05D6
    { 11, 10, 183, 0, 10, 14, 12676 }, // U+05D7
    { 11, 10, 176, 0, 10, 14, 12690 }, // U+05D8
    { 5, 6, 89, 0, 10, 4, 12704 }, // U+05D9
    { 9, 13, 152, 0, 10, 15, 12708 }, // U+05DA
    { 9, 10, 141, 0, 10, 12, 12723 }, // U+05DB
    { 9, 13, 148, 0, 13, 15, 12735 }, // U+05DC
    { 11, 10, 187, 0, 10, 14, 12750 }, // U+05DD
    { 12, 10, 187, 0, 10, 15, 12764 }, // U+05DE
    { 5, 13, 95, 0, 10, 9, 12779 }, // U+05DF
    { 6, 10, 108, 0, 10, 8, 12788 }, // U+05E0
    { 11, 10, 181, 0, 10, 14, 12796 }, // U+05E1
    { 10, 12, 168, 0, 11, 15, 12810 }, // U+05E2
    { 10, 13, 174, 0, 10, 17, 12825 }, // U+05E3
    { 10, 10, 168, 0, 10, 13, 12842 }, // U+05E4
    { 10, 13, 157, 0, 10, 17, 12855 }, // U+05E5
    { 10, 10, 158, 0, 10, 13, 12872 }, // U+05E6
    { 11, 13, 174, 0, 10, 18, 12885 }, // U+05E7
    { 8, 10, 145, 0, 10, 10, 12903 }, // U+05E8
    { 13, 10, 210, 0, 10, 17, 12913 }, // U+05E9
    { 11, 10, 193, 0, 10, 14, 12930 }, // U+05EA
    { 3, 6, 86, 1, 5, 3, 12944 }, // U+060C
    { 5, 13, 91, 0, 12, 9, 12947 }, // U+061B
    { 9, 14, 137, 0, 13, 16, 12956 }, // U+061F
    { 8, 9, 125, 0, 8, 9, 12972 }, // U+0621
    { 7, 4, 77, 0, 3, 4, 12981 }, // U+0640
    { 5, 5, 0, 0, 14, 4, 12985 }, // U+0654
    { 5, 4, 153, 2, 7, 3, 12989 }, // U+0660
    { 5, 13, 153, 2, 12, 9, 12992 }, // U+0661
    { 9, 13, 153, 0, 12, 15, 13001 }, // U+0662
    { 10, 13, 153, 0, 12, 17, 13016 }, // U+0663
    { 8, 13, 153, 1, 12, 13, 13033 }, // U+0664
    { 8, 9, 153, 1, 9, 9, 13046 }, // U+0665
    { 9, 13, 153, 0, 12, 15, 13055 }, // U+0666
    { 10, 13, 153, 0, 12, 17, 13070 }, // U+0667
    { 10, 13, 153, 0, 12, 17, 13087 }, // U+0668
    { 9, 12, 153, 0, 12, 14, 13104 }, // U+0669
    { 12, 11, 198, 0, 7, 17, 13118 }, // U+06BA
    { 6, 2, 87, 0, 2, 2, 13135 }, // U+06D4
    { 8, 11, 126, 0, 10, 11, 13137 }, // U+06D5
    { 5, 4, 153, 2, 7, 3, 13148 }, // U+06F0
    { 5, 13, 153, 2, 12, 9, 13151 }, // U+06F1
    { 9, 13, 153, 0, 12, 15, 13160 }, // U+06F2
    { 10, 13, 153, 0, 12, 17, 13175 }, // U+06F3
    { 9, 13, 153, 0, 12, 15, 13192 }, // U+06F4
    { 10, 12, 153, 0, 12, 15, 13207 }, // U+06F5
    { 8, 13, 153, 1, 12, 13, 13222 }, // U+06F6
    { 10, 13, 153, 0, 12, 17, 13235 }, // U+06F7
    { 10, 13, 153, 0, 12, 17, 13252 }, // U+06F8
    { 9, 12, 153, 0, 12, 14, 13269 }, // U+06F9
    { 12, 16, 185, 0, 12, 24, 13283 }, // U+1EA0
    { 9, 14, 160, 0, 10, 16, 13307 }, // U+1EA1
    { 12, 17, 185, 0, 17, 26, 13323 }, // U+1EA2
    { 9, 15, 160, 0, 14, 17, 13349 }, // U+1EA3
    { 12, 17, 185, 0, 17, 26, 13366 }, // U+1EA4
    { 11, 15, 160, 0, 14, 21, 13392 }, // U+1EA5
    { 12, 17, 185, 0, 17, 26, 13413 }, // U+1EA6
    { 10, 15, 160, -1, 14, 19, 13439 }, // U+1EA7
    { 12, 18, 185, 0, 18, 27, 13458 }, // U+1EA8
    { 10, 16, 160, 0, 15, 20, 13485 }, // U+1EA9
    { 12, 18, 185, 0, 18, 27, 13505 }, // U+1EAA
    { 9, 16, 160, 0, 15, 18, 13532 }, // U+1EAB
    { 12, 20, 185, 0, 16, 30, 13550 }, // U+1EAC
    { 9, 17, 160, 0, 13, 20, 13580 }, // U+1EAD
    { 12, 17, 185, 0, 17, 26, 13600 }, // U+1EAE
    { 9, 16, 160, 0, 15, 18, 13626 }, // U+1EAF
    { 12, 17, 185, 0, 17, 26, 13644 }, // U+1EB0
    { 9, 16, 160, 0, 15, 18, 13670 }, // U+1EB1
    { 12, 18, 185, 0, 18, 27, 13688 }, // U+1EB2
    { 9, 16, 160, 0, 15, 18, 13715 }, // U+1EB3
    { 12, 18, 185, 0, 18, 27, 13733 }, // U+1EB4
    { 9, 16, 160, 0, 15, 18, 13760 }, // U+1EB5
    { 12, 20, 185, 0, 16, 30, 13778 }, // U+1EB6
    { 9, 17, 160, 0, 13, 20, 13808 }, // U+1EB7
    { 8, 16, 149, 1, 12, 16, 13828 }, // U+1EB8
    { 10, 14, 159, 0, 10, 18, 13844 }, // U+1EB9
    { 8, 17, 149, 1, 17, 17, 13862 }, // U+1EBA
    { 10, 15, 159, 0, 14, 19, 13879 }, // U+1EBB
    { 8, 16, 149, 1, 16, 16, 13898 }, // U+1EBC
    { 10, 14, 159, 0, 13, 18, 13914 }, // U+1EBD
    { 9, 17, 149, 1, 17, 20, 13932 }, // U+1EBE
    { 11, 15, 159, 0, 14, 21, 13952 }, // U+1EBF
    { 11, 17, 149, -2, 17, 24, 13973 }, // U+1EC0
    { 11, 15, 159, -1, 14, 21, 13997 }, // U+1EC1
    { 9, 18, 149, 1, 18, 21, 14018 }, // U+1EC2
    { 10, 16, 159, 0, 15, 20, 14039 }, // U+1EC3
    { 8, 18, 149, 1, 18, 18, 14059 }, // U+1EC4
    { 10, 16, 159, 0, 15, 20, 14077 }, // U+1EC5
    { 8, 20, 149, 1, 16, 20, 14097 }, // U+1EC6
    { 10, 17, 159, 0, 13, 22, 14117 }, // U+1EC7
    { 6, 17, 104, 0, 17, 13, 14139 }, // U+1EC8
    { 5, 14, 80, 0, 14, 9, 14152 }, // U+1EC9
    { 6, 16, 104, 0, 12, 12, 14161 }, // U+1ECA
    { 3, 17, 80, 1, 13, 7, 14173 }, // U+1ECB
    { 13, 17, 211, 0, 13, 28, 14180 }, // U+1ECC
    { 10, 14, 167, 0, 10, 18, 14208 }, // U+1ECD
    { 13, 18, 211, 0, 17, 30, 14226 }, // U+1ECE
    { 10, 15, 167, 0, 14, 19, 14256 }, // U+1ECF
    { 13, 18, 211, 0, 17, 30, 14275 }, // U+1ED0
    { 11, 15, 167, 0, 14, 21, 14305 }, // U+1ED1
    { 13, 18, 211, 0, 17, 30, 14326 }, // U+1ED2
    { 11, 15, 167, -1, 14, 21, 14356 }, // U+1ED3
    { 13, 19, 211, 0, 18, 31, 14377 }, // U+1ED4
    { 10, 16, 167, 0, 15, 20, 14408 }, // U+1ED5
    { 13, 19, 211, 0, 18, 31, 14428 }, // U+1ED6
    { 10, 16, 167, 0, 15, 20, 14459 }, // U+1ED7
    { 13, 20, 211, 0, 16, 33, 14479 }, // U+1ED8
    { 10, 17, 167, 0, 13, 22, 14512 }, // U+1ED9
    { 15, 17, 219, 0, 16, 32, 14534 }, // U+1EDA
    { 12, 14, 182, 0, 13, 21, 14566 }, // U+1EDB
    { 15, 17, 219, 0, 16, 32, 14587 }, // U+1EDC
    { 12, 14, 182, 0, 13, 21, 14619 }, // U+1EDD
    { 15, 18, 219, 0, 17, 34, 14640 }, // U+1EDE
    { 12, 15, 182, 0, 14, 23, 14674 }, // U+1EDF
    { 15, 17, 219, 0, 16, 32, 14697 }, // U+1EE0
    { 12, 14, 182, 0, 13, 21, 14729 }, // U+1EE1
    { 15, 17, 219, 0, 13, 32, 14750 }, // U+1EE2
    { 12, 15, 182, 0, 11, 23, 14782 }, // U+1EE3
    { 11, 16, 202, 1, 12, 22, 14805 }, // U+1EE4
    { 9, 14, 173, 1, 10, 16, 14827 }, // U+1EE5
    { 11, 18, 202, 1, 17, 25, 14843 }, // U+1EE6
    { 9, 15, 173, 1, 14, 17, 14868 }, // U+1EE7
    { 14, 17, 236, 1, 16, 30, 14885 }, // U+1EE8
    { 13, 14, 202, 1, 13, 23, 14915 }, // U+1EE9
    { 14, 17, 236, 1, 16, 30, 14938 }, // U+1EEA
    { 13, 14, 202, 1, 13, 23, 14968 }, // U+1EEB
    { 14, 18, 236, 1, 17, 32, 14991 }, // U+1EEC
    { 13, 15, 202, 1, 14, 25, 15023 }, // U+1EED
    { 14, 17, 236, 1, 16, 30, 15048 }, // U+1EEE
    { 13, 14, 202, 1, 13, 23, 15078 }, // U+1EEF
    { 14, 17, 236, 1, 13, 30, 15101 }, // U+1EF0
    { 13, 15, 202, 1, 11, 25, 15131 }, // U+1EF1
    { 11, 16, 167, 0, 16, 22, 15156 }, // U+1EF2
    { 10, 17, 152, 0, 13, 22, 15178 }, // U+1EF3
    { 11, 16, 167, 0, 12, 22, 15200 }, // U+1EF4
    { 10, 14, 152, 0, 10, 18, 15222 }, // U+1EF5
    { 11, 17, 167, 0, 17, 24, 15240 }, // U+1EF6
    { 10, 18, 152, 0, 14, 23, 15264 }, // U+1EF7
    { 11, 16, 167, 0, 16, 22, 15287 }, // U+1EF8
    { 10, 17, 152, 0, 13, 22, 15309 }, // U+1EF9
    { 0, 0, 133, 0, 0, 0, 15331 }, // U+2000
    { 0, 0, 267, 0, 0, 0, 15331 }, // U+2001
    { 0, 0, 133, 0, 0, 0, 15331 }, // U+2002
    { 0, 0, 267, 0, 0, 0, 15331 }, // U+2003
    { 0, 0, 89, 0, 0, 0, 15331 }, // U+2004
    { 0, 0, 67, 0, 0, 0, 15331 }, // U+2005
    { 0, 0, 45, 0, 0, 0, 15331 }, // U+2006
    { 0, 0, 153, 0, 0, 0, 15331 }, // U+2007
    { 0, 0, 75, 0, 0, 0, 15331 }, // U+2008
    { 0, 0, 44, 0, 0, 0, 15331 }, // U+2009
    { 0, 0, 27, 0, 0, 0, 15331 }, // U+200A
    { 0, 0, 0, 0, 0, 0, 15331 }, // U+200B
    { 0, 0, 0, 0, 0, 0, 15331 }, // U+200C
    { 0, 0, 0, 0, 0, 0, 15331 }, // U+200D
    { 5, 15, 0, -1, 12, 10, 15331 }, // U+200E
    { 5, 15, 0, -4, 12, 10, 15341 }, // U+200F
    { 5, 3, 85, 0, 6, 2, 15351 }, // U+2010
    { 5, 3, 85, 0, 6, 2, 15353 }, // U+2011
    { 9, 3, 154, 0, 7, 4, 15355 }, // U+2012
    { 8, 3, 133, 0, 6, 3, 15359 }, // U+2013
    { 17, 3, 267, 0, 6, 7, 15362 }, // U+2014
    { 17, 3, 267, 0, 6, 7, 15369 }, // U+2015
    { 7, 17, 147, 1, 13, 15, 15376 }, // U+2016
    { 8, 4, 110, -1, 0, 4, 15391 }, // U+2017
    { 4, 5, 58, 0, 12, 3, 15395 }, // U+2018
    { 4, 5, 58, 0, 12, 3, 15398 }, // U+2019
    { 4, 5, 76, 0, 2, 3, 15401 }, // U+201A
    { 4, 5, 58, 0, 12, 3, 15404 }, // U+201B
    { 8, 5, 119, 0, 12, 5, 15407 }, // U+201C
    { 8, 5, 119, 0, 12, 5, 15412 }, // U+201D
    { 8, 5, 137, 0, 2, 5, 15417 }, // U+201E
    { 8, 5, 119, 0, 12, 5, 15422 }, // U+201F
    { 8, 13, 137, 0, 13, 13, 15427 }, // U+2020
    { 8, 13, 138, 0, 13, 13, 15440 }, // U+2021
    { 6, 6, 100, 0, 9, 5, 15453 }, // U+2022
    { 7, 7, 100, 0, 10, 7, 15458 }, // U+2023
    { 4, 4, 133, 2, 3, 2, 15465 }, // U+2024
    { 9, 4, 153, 0, 3, 5, 15467 }, // U+2025
    { 14, 4, 228, 0, 3, 7, 15472 }, // U+2026
    { 4, 4, 75, 0, 6, 2, 15479 }, // U+2027
    { 0, 0, 160, 0, 0, 0, 15481 }, // U+2028
    { 0, 0, 160, 0, 0, 0, 15481 }, // U+2029
    { 5, 14, 0, -1, 11, 9, 15481 }, // U+202A
    { 5, 14, 0, -4, 11, 9, 15490 }, // U+202B
    { 4, 15, 0, -2, 12, 8, 15499 }, // U+202C
    { 4, 15, 0, -2, 12, 8, 15507 }, // U+202D
    { 4, 15, 0, -2, 12, 8, 15515 }, // U+202E
    { 0, 0, 44, 0, 0, 0, 15523 }, // U+202F
    { 21, 14, 341, 0, 13, 37, 15523 }, // U+2030
    { 28, 14, 445, 0, 13, 49, 15560 }, // U+2031
    { 6, 5, 81, 0, 12, 4, 15609 }, // U+2032
    { 9, 5, 140, 0, 12, 6, 15613 }, // U+2033
    { 13, 5, 199, 0, 12, 9, 15619 }, // U+2034
    { 6, 5, 113, 0, 12, 4, 15628 }, // U+2035
    { 9, 5, 172, 0, 12, 6, 15632 }, // U+2036
    { 13, 5, 230, 0, 12, 9, 15638 }, // U+2037
    { 7, 6, 109, 0, 2, 6, 15647 }, // U+2038
    { 6, 9, 97, 0, 9, 7, 15653 }, // U+2039
    { 6, 9, 97, 0, 9, 7, 15660 }, // U+203A
    { 14, 14, 227, 0, 13, 25, 15667 }, // U+203B
    { 9, 13, 152, 0, 12, 15, 15692 }, // U+203C
    { 8, 14, 127, 0, 13, 14, 15707 }, // U+203D
    { 10, 3, 133, -1, 15, 4, 15721 }, // U+203E
    { 10, 4, 162, 0, 0, 5, 15725 }, // U+203F
    { 10, 5, 162, 0, 14, 7, 15730 }, // U+2040
    { 7, 11, 113, 0, 7, 10, 15737 }, // U+2041
    { 19, 16, 298, 0, 13, 38, 15747 }, // U+2042
    { 6, 3, 85, 0, 6, 3, 15785 }, // U+2043
    { 10, 12, 35, -4, 12, 15, 15788 }, // U+2044
    { 5, 15, 88, 1, 12, 10, 15803 }, // U+2045
    { 5, 15, 88, 0, 12, 10, 15813 }, // U+2046
    { 16, 14, 253, 0, 13, 28, 15823 }, // U+2047
    { 12, 14, 204, 0, 13, 21, 15851 }, // U+2048
    { 13, 14, 204, 0, 13, 23, 15872 }, // U+2049
    { 9, 10, 157, 0, 10, 12, 15895 }, // U+204A
    { 9, 16, 173, 1, 13, 18, 15907 }, // U+204B
    { 10, 10, 175, 0, 10, 13, 15925 }, // U+204C
    { 10, 10, 175, 1, 10, 13, 15938 }, // U+204D
    { 9, 9, 145, 0, 5, 11, 15951 }, // U+204E
    { 5, 13, 76, 0, 10, 9, 15962 }, // U+204F
    { 10, 18, 160, 0, 14, 23, 15971 }, // U+2050
    { 9, 17, 145, 0, 13, 20, 15994 }, // U+2051
    { 7, 14, 113, 0, 13, 13, 16014 }, // U+2052
    { 17, 4, 267, 0, 7, 9, 16027 }, // U+2053
    { 10, 4, 160, 0, 0, 5, 16036 }, // U+2054
    { 9, 9, 149, 0, 9, 11, 16041 }, // U+2055
    { 9, 14, 154, 0, 13, 16, 16052 }, // U+2056
    { 16, 5, 249, 0, 12, 10, 16068 }, // U+2057
    { 14, 14, 233, 0, 13, 25, 16078 }, // U+2058
    { 14, 14, 233, 0, 13, 25, 16103 }, // U+2059
    { 4, 14, 76, 0, 13, 7, 16128 }, // U+205A
    { 11, 15, 185, 0, 14, 21, 16135 }, // U+205B
    { 14, 14, 228, 0, 13, 25, 16156 }, // U+205C
    { 4, 14, 75, 0, 13, 7, 16181 }, // U+205D
    { 4, 14, 76, 0, 13, 7, 16188 }, // U+205E
    { 0, 0, 59, 0, 0, 0, 16195 }, // U+205F
    { 0, 0, 160, 0, 0, 0, 16195 }, // U+2060
    { 0, 0, 160, 0, 0, 0, 16195 }, // U+2061
    { 0, 0, 160, 0, 0, 0, 16195 }, // U+2062
    { 0, 0, 160, 0, 0, 0, 16195 }, // U+2063
    { 0, 0, 160, 0, 0, 0, 16195 }, // U+2064
    { 0, 0, 0, 0, 0, 0, 16195 }, // U+2066
    { 0, 0, 0, 0, 0, 0, 16195 }, // U+2067
    { 0, 0, 0, 0, 0, 0, 16195 }, // U+2068
    { 0, 0, 0, 0, 0, 0, 16195 }, // U+2069
    { 4, 15, 0, -2, 12, 8, 16195 }, // U+206A
    { 4, 15, 0, -2, 12, 8, 16203 }, // U+206B
    { 4, 15, 0, -2, 12, 8, 16211 }, // U+206C
    { 4, 15, 0, -2, 12, 8, 16219 }, // U+206D
    { 4, 15, 0, -2, 12, 8, 16227 }, // U+206E
    { 4, 15, 0, -2, 12, 8, 16235 }, // U+206F
    { 6, 9, 101, 0, 15, 7, 16243 }, // U+2070
    { 3, 9, 52, 0, 13, 4, 16250 }, // U+2071
    { 7, 9, 101, 0, 15, 8, 16254 }, // U+2074
    { 6, 9, 101, 0, 15, 7, 16262 }, // U+2075
    { 6, 9, 101, 0, 15, 7, 16269 }, // U+2076
    { 6, 9, 101, 0, 15, 7, 16276 }, // U+2077
    { 6, 9, 101, 0, 15, 7, 16283 }, // U+2078
    { 6, 9, 101, 0, 15, 7, 16290 }, // U+2079
    { 6, 6, 96, 0, 13, 5, 16297 }, // U+207A
    { 6, 2, 96, 0, 11, 2, 16302 }, // U+207B
    { 6, 4, 96, 0, 12, 3, 16304 }, // U+207C
    { 3, 11, 65, 1, 16, 5, 16307 }, // U+207D
    { 3, 11, 65, 0, 16, 5, 16312 }, // U+207E
    { 7, 7, 113, 0, 11, 7, 16317 }, // U+207F
    { 6, 9, 101, 0, 6, 7, 16324 }, // U+2080
    { 5, 9, 101, 0, 6, 6, 16331 }, // U+2081
    { 6, 9, 101, 0, 6, 7, 16337 }, // U+2082
    { 6, 9, 101, 0, 6, 7, 16344 }, // U+2083
    { 7, 9, 101, 0, 6, 8, 16351 }, // U+2084
    { 6, 9, 101, 0, 6, 7, 16359 }, // U+2085
    { 6, 9, 101, 0, 6, 7, 16366 }, // U+2086
    { 6, 9, 101, 0, 6, 7, 16373 }, // U+2087
    { 6, 9, 101, 0, 6, 7, 16380 }, // U+2088
    { 6, 9, 101, 0, 6, 7, 16387 }, // U+2089
    { 6, 6, 96, 0, 4, 5, 16394 }, // U+208A
    { 6, 2, 96, 0, 2, 2, 16399 }, // U+208B
    { 6, 4, 96, 0, 3, 3, 16401 }, // U+208C
    { 3, 11, 65, 1, 7, 5, 16404 }, // U+208D
    { 3, 11, 65, 0, 7, 5, 16409 }, // U+208E
    { 6, 6, 104, 0, 4, 5, 16414 }, // U+2090
    { 6, 6, 103, 0, 4, 5, 16419 }, // U+2091
    { 7, 6, 108, 0, 4, 6, 16424 }, // U+2092
    { 7, 6, 100, 0, 4, 6, 16430 }, // U+2093
    { 6, 6, 103, 0, 4, 5, 16436 }, // U+2094
    { 7, 8, 113, 0, 6, 7, 16441 }, // U+2095
    { 7, 8, 106, 0, 6, 7, 16448 }, // U+2096
    { 3, 8, 52, 0, 6, 3, 16455 }, // U+2097
    { 10, 6, 169, 0, 4, 8, 16458 }, // U+2098
    { 7, 6, 113, 0, 4, 6, 16466 }, // U+2099
    { 7, 8, 110, 0, 4, 7, 16472 }, // U+209A
    { 5, 6, 87, 0, 4, 4, 16479 }, // U+209B
    { 5, 8, 73, 0, 6, 5, 16483 }, // U+209C
    { 10, 13, 153, 0, 13, 17, 16488 }, // U+20A0
    { 10, 14, 162, 0, 13, 18, 16505 }, // U+20A1
    { 10, 14, 153, 0, 13, 18, 16523 }, // U+20A2
    { 9, 12, 153, 0, 12, 14, 16541 }, // U+20A3
    { 10, 13, 153, 0, 13, 17, 16555 }, // U+20A4
    { 15, 14, 260, 1, 12, 27, 16572 }, // U+20A5
    { 10, 12, 153, 0, 12, 15, 16599 }, // U+20A6
    { 14, 13, 237, 1, 12, 23, 16614 }, // U+20A7
    { 14, 13, 245, 1, 12, 23, 16637 }, // U+20A8
    { 13, 12, 197, 0, 12, 20, 16660 }, // U+20A9
    { 13, 12, 245, 1, 12, 20, 16680 }, // U+20AA
    { 11, 16, 172, 0, 13, 22, 16700 }, // U+20AB
    { 10, 13, 153, 0, 12, 17, 16722 }, // U+20AC
    { 10, 12, 153, 0, 12, 15, 16739 }, // U+20AD
    { 10, 12, 153, 0, 12, 15, 16754 }, // U+20AE
    { 17, 17, 269, 0, 13, 37, 16769 }, // U+20AF
    { 10, 17, 163, 0, 13, 22, 16806 }, // U+20B0
    { 10, 12, 153, 0, 12, 15, 16828 }, // U+20B1
    { 11, 15, 196, 0, 13, 21, 16843 }, // U+20B2
    { 11, 12, 173, 0, 12, 17, 16864 }, // U+20B3
    { 10, 14, 153, 0, 13, 18, 16881 }, // U+20B4
    { 11, 15, 170, 0, 13, 21, 16899 }, // U+20B5
    { 12, 13, 186, 0, 12, 20, 16920 }, // U+20B6
    { 12, 15, 195, 0, 13, 23, 16940 }, // U+20B7
    { 10, 12, 153, 0, 12, 15, 16963 }, // U+20B8
    { 8, 12, 153, 1, 12, 12, 16978 }, // U+20B9
    { 10, 13, 153, 0, 12, 17, 16990 }, // U+20BA
    { 14, 14, 217, 0, 13, 25, 17007 }, // U+20BB
    { 14, 12, 233, 0, 12, 21, 17032 }, // U+20BC
    { 10, 12, 160, 0, 12, 15, 17053 }, // U+20BD
    { 13, 13, 210, 0, 13, 22, 17068 }, // U+20BE
    { 8, 16, 153, 1, 14, 16, 17090 }, // U+20BF
    { 9, 13, 140, 0, 10, 15, 17106 }, // U+20C0
    { 9, 3, 155, 0, 7, 4, 17121 }, // U+2212
    { 11, 12, 169, 0, 12, 17, 17125 }, // U+221A
    { 14, 13, 206, 0, 13, 23, 17142 }, // U+FB00
    { 11, 13, 183, 0, 13, 18, 17165 }, // U+FB01
    { 11, 13, 185, 0, 13, 18, 17183 }, // U+FB02
    { 17, 13, 286, 0, 13, 28, 17201 }, // U+FB03
    { 17, 13, 288, 0, 13, 28, 17229 }, // U+FB04
    { 12, 14, 209, 1, 13, 21, 17257 }, // U+FB05
    { 15, 14, 248, 0, 13, 27, 17278 }, // U+FB06
    { 17, 14, 273, 0, 8, 30, 17305 }, // U+FB56
    { 21, 13, 305, 0, 7, 35, 17335 }, // U+FB57
    { 5, 14, 96, 0, 8, 9, 17370 }, // U+FB58
    { 9, 12, 109, 0, 6, 14, 17379 }, // U+FB59
    { 17, 13, 273, 0, 12, 28, 17393 }, // U+FB66
    { 21, 13, 305, 0, 12, 35, 17421 }, // U+FB67
    { 5, 15, 85, 0, 14, 10, 17456 }, // U+FB68
    { 9, 13, 109, 0, 12, 15, 17466 }, // U+FB69
    { 12, 16, 183, 0, 9, 24, 17481 }, // U+FB7A
    { 14, 16, 202, 0, 9, 28, 17505 }, // U+FB7B
    { 11, 14, 168, 0, 8, 20, 17533 }, // U+FB7C
    { 13, 14, 174, 0, 8, 23, 17553 }, // U+FB7D
    { 8, 16, 138, 0, 15, 16, 17576 }, // U+FB88
    { 11, 16, 152, 0, 15, 22, 17592 }, // U+FB89
    { 8, 17, 109, -1, 13, 17, 17614 }, // U+FB8A
    { 10, 17, 120, -1, 13, 22, 17631 }, // U+FB8B
    { 8, 17, 109, -1, 13, 17, 17653 }, // U+FB8C
    { 10, 17, 120, -1, 13, 22, 17670 }, // U+FB8D
    { 16, 13, 242, 0, 12, 26, 17692 }, // U+FB8E
    { 18, 13, 254, 0, 12, 30, 17718 }, // U+FB8F
    { 8, 13, 121, 0, 12, 13, 17748 }, // U+FB90
    { 10, 13, 136, 0, 12, 17, 17761 }, // U+FB91
    { 16, 16, 242, 0, 15, 32, 17778 }, // U+FB92
    { 18, 16, 254, 0, 15, 36, 17810 }, // U+FB93
    { 9, 16, 121, -1, 15, 18, 17846 }, // U+FB94
    { 11, 16, 136, -1, 15, 22, 17864 }, // U+FB95
    { 12, 11, 198, 0, 7, 17, 17886 }, // U+FB9E
    { 15, 10, 215, 0, 6, 19, 17903 }, // U+FB9F
    { 8, 11, 126, 0, 10, 11, 17922 }, // U+FBA6
    { 12, 8, 156, 0, 7, 12, 17933 }, // U+FBA7
    { 5, 12, 85, 0, 8, 8, 17945 }, // U+FBA8
    { 10, 9, 137, 0, 4, 12, 17953 }, // U+FBA9
    { 13, 11, 206, 0, 10, 18, 17965 }, // U+FBAA
    { 13, 12, 183, 0, 8, 20, 17983 }, // U+FBAB
    { 11, 11, 171, 0, 10, 16, 18003 }, // U+FBAC
    { 11, 12, 152, 0, 8, 17, 18019 }, // U+FBAD
    { 16, 10, 251, 0, 9, 20, 18036 }, // U+FBAE
    { 11, 8, 150, 0, 3, 11, 18056 }, // U+FBAF
    { 16, 14, 251, 0, 13, 28, 18067 }, // U+FBB0
    { 11, 12, 150, 0, 7, 17, 18095 }, // U+FBB1
    { 14, 12, 219, 0, 8, 21, 18112 }, // U+FBFC
    { 15, 9, 213, 0, 5, 17, 18133 }, // U+FBFD
    { 6, 12, 96, 0, 8, 9, 18150 }, // U+FBFE
    { 9, 10, 109, 0, 6, 12, 18159 }, // U+FBFF
    { 8, 9, 125, 0, 8, 9, 18171 }, // U+FE80
    { 6, 15, 72, -1, 15, 12, 18180 }, // U+FE81
    { 8, 18, 85, -1, 17, 18, 18192 }, // U+FE82
    { 4, 16, 72, 0, 16, 8, 18210 }, // U+FE83
    { 7, 19, 85, 0, 18, 17, 18218 }, // U+FE84
    { 8, 16, 133, 0, 12, 16, 18235 }, // U+FE85
    { 11, 16, 140, 0, 12, 22, 18251 }, // U+FE86
    { 5, 19, 73, 0, 13, 12, 18273 }, // U+FE87
    { 7, 19, 85, 0, 13, 17, 18285 }, // U+FE88
    { 14, 13, 219, 0, 9, 23, 18302 }, // U+FE89
    { 15, 13, 213, 0, 9, 25, 18325 }, // U+FE8A
    { 5, 14, 85, 0, 13, 9, 18350 }, // U+FE8B
    { 8, 12, 102, 0, 11, 12, 18359 }, // U+FE8C
    { 4, 13, 73, 0, 13, 7, 18371 }, // U+FE8D
    { 7, 14, 85, 0, 13, 13, 18378 }, // U+FE8E
    { 17, 12, 273, 0, 8, 26, 18391 }, // U+FE8F
    { 21, 11, 305, 0, 7, 29, 18417 }, // U+FE90
    { 5, 12, 85, 0, 8, 8, 18446 }, // U+FE91
    { 8, 10, 102, 0, 6, 10, 18454 }, // U+FE92
    { 8, 14, 126, 0, 13, 14, 18464 }, // U+FE93
    { 11, 15, 148, 0, 14, 21, 18478 }, // U+FE94
    { 17, 11, 273, 0, 10, 24, 18499 }, // U+FE95
    { 21, 11, 305, 0, 10, 29, 18523 }, // U+FE96
    { 6, 13, 85, -1, 12, 10, 18552 }, // U+FE97
    { 9, 11, 109, 0, 10, 13, 18562 }, // U+FE98
    { 17, 13, 273, 0, 12, 28, 18575 }, // U+FE99
    { 21, 13, 305, 0, 12, 35, 18603 }, // U+FE9A
    { 5, 15, 85, 0, 14, 10, 18638 }, // U+FE9B
    { 9, 13, 109, 0, 12, 15, 18648 }, // U+FE9C
    { 11, 16, 183, 0, 9, 22, 18663 }, // U+FE9D
    { 14, 16, 197, 0, 9, 28, 18685 }, // U+FE9E
    { 11, 12, 168, 0, 8, 17, 18713 }, // U+FE9F
    { 13, 12, 174, 0, 8, 20, 18730 }, // U+FEA0
    { 11, 16, 183, 0, 9, 22, 18750 }, // U+FEA1
    { 14, 16, 197, 0, 9, 28, 18772 }, // U+FEA2
    { 11, 9, 168, 0, 8, 13, 18800 }, // U+FEA3
    { 13, 9, 174, 0, 8, 15, 18813 }, // U+FEA4
    { 11, 20, 183, 0, 13, 28, 18828 }, // U+FEA5
    { 14, 20, 197, 0, 13, 35, 18856 }, // U+FEA6
    { 11, 13, 168, 0, 12, 18, 18891 }, // U+FEA7
    { 13, 13, 174, 0, 12, 22, 18909 }, // U+FEA8
    { 8, 10, 138, 0, 9, 10, 18931 }, // U+FEA9
    { 11, 10, 152, 0, 9, 14, 18941 }, // U+FEAA
    { 8, 14, 138, 0, 13, 14, 18955 }, // U+FEAB
    { 11, 14, 152, 0, 13, 20, 18969 }, // U+FEAC
    { 7, 11, 109, -1, 7, 10, 18989 }, // U+FEAD
    { 10, 11, 120, -1, 7, 14, 18999 }, // U+FEAE
    { 7, 15, 109, -1, 11, 14, 19013 }, // U+FEAF
    { 10, 15, 120, -1, 11, 19, 19027 }, // U+FEB0
    { 22, 12, 365, 0, 8, 33, 19046 }, // U+FEB1
    { 26, 11, 384, 0, 7, 36, 19079 }, // U+FEB2
    { 15, 9, 253, 0, 8, 17, 19115 }, // U+FEB3
    { 19, 8, 272, 0, 7, 19, 19132 }, // U+FEB4
    { 22, 17, 365, 0, 13, 47, 19151 }, // U+FEB5
    { 26, 17, 384, 0, 13, 56, 19198 }, // U+FEB6
    { 15, 14, 253, 0, 13, 27, 19254 }, // U+FEB7
    { 19, 14, 272, 0, 13, 34, 19281 }, // U+FEB8
    { 24, 12, 379, 0, 8, 36, 19315 }, // U+FEB9
    { 26, 12, 385, 0, 8, 39, 19351 }, // U+FEBA
    { 16, 9, 260, 0, 8, 18, 19390 }, // U+FEBB
    { 19, 9, 268, 0, 8, 22, 19408 }, // U+FEBC
    { 24, 16, 379, 0, 12, 48, 19430 }, // U+FEBD
    { 26, 16, 385, 0, 12, 52, 19478 }, // U+FEBE
    { 16, 13, 260, 0, 12, 26, 19530 }, // U+FEBF
    { 19, 13, 268, 0, 12, 31, 19556 }, // U+FEC0
    { 14, 14, 225, 0, 13, 25, 19587 }, // U+FEC1
    { 16, 14, 230, 0, 13, 28, 19612 }, // U+FEC2
    { 12, 14, 197, 0, 13, 21, 19640 }, // U+FEC3
    { 15, 14, 203, 0, 13, 27, 19661 }, // U+FEC4
    { 14, 14, 225, 0, 13, 25, 19688 }, // U+FEC5
    { 16, 14, 230, 0, 13, 28, 19713 }, // U+FEC6
    { 12, 14, 197, 0, 13, 21, 19741 }, // U+FEC7
    { 15, 14, 203, 0, 13, 27, 19762 }, // U+FEC8
    { 11, 17, 152, 0, 10, 24, 19789 }, // U+FEC9
    { 11, 15, 152, 0, 8, 21, 19813 }, // U+FECA
    { 9, 10, 149, 0, 9, 12, 19834 }, // U+FECB
    { 12, 9, 147, -1, 8, 14, 19846 }, // U+FECC
    { 11, 21, 152, 0, 14, 29, 19860 }, // U+FECD
    { 11, 19, 152, 0, 12, 27, 19889 }, // U+FECE
    { 9, 14, 149, 0, 13, 16, 19916 }, // U+FECF
    { 12, 13, 147, -1, 12, 20, 19932 }, // U+FED0
    { 17, 15, 273, 0, 14, 32, 19952 }, // U+FED1
    { 20, 13, 297, 0, 12, 33, 19984 }, // U+FED2
    { 8, 15, 135, 0, 14, 15, 20017 }, // U+FED3
    { 11, 13, 141, 0, 12, 18, 20032 }, // U+FED4
    { 14, 16, 222, 0, 12, 28, 20050 }, // U+FED5
    { 16, 16, 228, 0, 11, 32, 20078 }, // U+FED6
    { 8, 15, 135, 0, 14, 15, 20110 }, // U+FED7
    { 11, 13, 141, 0, 12, 18, 20125 }, // U+FED8
    { 15, 14, 248, 0, 13, 27, 20143 }, // U+FED9
    { 18, 14, 260, 0, 13, 32, 20170 }, // U+FEDA
    { 8, 13, 121, 0, 12, 13, 20202 }, // U+FEDB
    { 10, 13, 136, 0, 12, 17, 20215 }, // U+FEDC
    { 12, 17, 198, 0, 13, 26, 20232 }, // U+FEDD
    { 15, 17, 211, 0, 13, 32, 20258 }, // U+FEDE
    { 5, 14, 79, 0, 13, 9, 20290 }, // U+FEDF
    { 8, 14, 92, 0, 13, 14, 20299 }, // U+FEE0
    { 9, 15, 146, 0, 8, 17, 20313 }, // U+FEE1
    { 13, 15, 176, 0, 8, 25, 20330 }, // U+FEE2
    { 9, 8, 155, 0, 7, 9, 20355 }, // U+FEE3
    { 12, 8, 166, 0, 7, 12, 20364 }, // U+FEE4
    { 12, 14, 198, 0, 10, 21, 20376 }, // U+FEE5
    { 15, 14, 215, 0, 10, 27, 20397 }, // U+FEE6
    { 5, 13, 85, 0, 12, 9, 20424 }, // U+FEE7
    { 8, 11, 102, 0, 10, 11, 20433 }, // U+FEE8
    { 8, 11, 126, 0, 10, 11, 20444 }, // U+FEE9
    { 11, 11, 148, 0, 10, 16, 20455 }, // U+FEEA
    { 11, 11, 171, 0, 10, 16, 20471 }, // U+FEEB
    { 11, 12, 152, 0, 8, 17, 20487 }, // U+FEEC
    { 8, 11, 133, 0, 7, 11, 20504 }, // U+FEED
    { 11, 11, 140, 0, 7, 16, 20515 }, // U+FEEE
    { 14, 12, 219, 0, 8, 21, 20531 }, // U+FEEF
    { 15, 9, 213, 0, 5, 17, 20552 }, // U+FEF0
    { 14, 16, 219, 0, 8, 28, 20569 }, // U+FEF1
    { 15, 13, 213, 0, 5, 25, 20597 }, // U+FEF2
    { 6, 12, 96, 0, 8, 9, 20622 }, // U+FEF3
    { 9, 10, 109, 0, 6, 12, 20631 }, // U+FEF4
    { 11, 14, 169, -1, 14, 20, 20643 }, // U+FEF5
    { 13, 16, 182, 0, 15, 26, 20663 }, // U+FEF6
    { 10, 15, 169, 0, 15, 19, 20689 }, // U+FEF7
    { 13, 17, 182, 0, 16, 28, 20708 }, // U+FEF8
    { 10, 19, 169, 0, 13, 24, 20736 }, // U+FEF9
    { 13, 19, 182, 0, 13, 31, 20760 }, // U+FEFA
    { 10, 13, 169, 0, 13, 17, 20791 }, // U+FEFB
    { 13, 14, 182, 0, 13, 23, 20808 }, // U+FEFC
    { 16, 16, 267, 0, 13, 32, 20831 }, // U+FFFD
};

static const EpdUnicodeInterval notosans_8_boldIntervals[] = {
    { 0x0, 0x0, 0x0 },
    { 0xD, 0xD, 0x1 },
    { 0x20, 0x7E, 0x2 },
    { 0xA0, 0x17F, 0x61 },
    { 0x1A0, 0x1A1, 0x141 },
    { 0x1AF, 0x1B0, 0x143 },
    { 0x1C4, 0x21F, 0x145 },
    { 0x300, 0x36F, 0x1A1 },
    { 0x400, 0x4FF, 0x211 },
    { 0x5D0, 0x5EA, 0x311 },
    { 0x60C, 0x60C, 0x32C },
    { 0x61B, 0x61B, 0x32D },
    { 0x61F, 0x61F, 0x32E },
    { 0x621, 0x621, 0x32F },
    { 0x640, 0x640, 0x330 },
    { 0x654, 0x654, 0x331 },
    { 0x660, 0x669, 0x332 },
    { 0x6BA, 0x6BA, 0x33C },
    { 0x6D4, 0x6D5, 0x33D },
    { 0x6F0, 0x6F9, 0x33F },
    { 0x1EA0, 0x1EF9, 0x349 },
    { 0x2000, 0x2064, 0x3A3 },
    { 0x2066, 0x2071, 0x408 },
    { 0x2074, 0x208E, 0x414 },
    { 0x2090, 0x209C, 0x42F },
    { 0x20A0, 0x20C0, 0x43C },
    { 0x2212, 0x2212, 0x45D },
    { 0x221A, 0x221A, 0x45E },
    { 0xFB00, 0xFB06, 0x45F },
    { 0xFB56, 0xFB59, 0x466 },
    { 0xFB66, 0xFB69, 0x46A },
    { 0xFB7A, 0xFB7D, 0x46E },
    { 0xFB88, 0xFB95, 0x472 },
    { 0xFB9E, 0xFB9F, 0x480 },
    { 0xFBA6, 0xFBB1, 0x482 },
    { 0xFBFC, 0xFBFF, 0x48E },
    { 0xFE80, 0xFEFC, 0x492 },
    { 0xFFFD, 0xFFFD, 0x50F },
};

static const uint16_t notosans_8_boldKernLeftCodepoints[] = {
    0x0022, 0x0026, 0x0027, 0x0028, 0x002C, 0x002D, 0x002E, 0x003A, 0x0041, 0x0042, 0x0043, 0x0044,
    0x0045, 0x0046, 0x004B, 0x004C, 0x004F, 0x0050, 0x0051, 0x0052, 0x0054, 0x0055, 0x0056, 0x0057,
    0x0058, 0x0059, 0x005A, 0x005B, 0x005F, 0x0061, 0x0062, 0x0063, 0x0065, 0x0066, 0x0068, 0x006D,
    0x006E, 0x006F, 0x0070, 0x0072, 0x0074, 0x0076, 0x0077, 0x0078, 0x0079, 0x007B, 0x00A1, 0x00AB,
    0x00BB, 0x00BF, 0x00C0, 0x00C1, 0x00C2, 0x00C3, 0x00C4, 0x00C5, 0x00C6, 0x00C7, 0x00C8, 0x00C9,
    0x00CA, 0x00CB, 0x00D0, 0x00D2, 0x00D3, 0x00D4, 0x00D5, 0x00D6, 0x00D8, 0x00D9, 0x00DA, 0x00DB,
    0x00DC, 0x00DD, 0x00DE, 0x00E0, 0x00E1, 0x00E2, 0x00E3, 0x00E4, 0x00E5, 0x00E6, 0x00E8, 0x00E9,
    0x00EA, 0x00EB, 0x00EE, 0x00EF, 0x00F0, 0x00F2, 0x00F3, 0x00F4, 0x00F5, 0x00F6, 0x00F8, 0x00FD,
    0x00FE, 0x00FF, 0x0100, 0x0101, 0x0102, 0x0103, 0x0104, 0x0105, 0x0106, 0x0108, 0x010A, 0x010C,
    0x010E, 0x010F, 0x0110, 0x0112, 0x0113, 0x0114, 0x0115, 0x0116, 0x0117, 0x0118, 0x0119, 0x011A,
    0x011B, 0x0125, 0x0129, 0x012B, 0x012E, 0x0136, 0x0138, 0x0139, 0x013B, 0x013D, 0x013E, 0x013F,
    0x0141, 0x0144, 0x0146, 0x0149, 0x014B, 0x014C, 0x014D, 0x014E, 0x014F, 0x0150, 0x0151, 0x0152,
    0x0153, 0x0155, 0x0157, 0x0159, 0x0162, 0x0163, 0x0164, 0x0165, 0x0166, 0x0167, 0x0168, 0x016A,
    0x016C, 0x016E, 0x0170, 0x0172, 0x0174, 0x0175, 0x0176, 0x0177, 0x0178, 0x0179, 0x017B, 0x017D,
    0x01A0, 0x01A1, 0x01AF, 0x01B0, 0x01FA, 0x01FB, 0x01FC, 0x01FD, 0x01FE, 0x020B, 0x021A, 0x021B,
    0x0400, 0x0401, 0x0402, 0x0403, 0x0404, 0x0405, 0x0409, 0x040A, 0x040B, 0x040C, 0x040E, 0x0410,
    0x0411, 0x0412, 0x0413, 0x0414, 0x0415, 0x0416, 0x0417, 0x041A, 0x041E, 0x0420, 0x0421, 0x0422,
    0x0423, 0x0424, 0x0425, 0x0426, 0x0429, 0x042A, 0x042C, 0x042D, 0x042E, 0x0430, 0x0431, 0x0432,
    0x0433, 0x0434, 0x0435, 0x0436, 0x0437, 0x0438, 0x0439, 0x043A, 0x043B, 0x043C, 0x043D, 0x043E,
    0x043F, 0x0440, 0x0441, 0x0442, 0x0443, 0x0444, 0x0445, 0x0446, 0x0447, 0x0448, 0x0449, 0x044A,
    0x044B, 0x044C, 0x044D, 0x044E, 0x044F, 0x0450, 0x0451, 0x0452, 0x0453, 0x0454, 0x0455, 0x0457,
    0x0458, 0x0459, 0x045A, 0x045B, 0x045C, 0x045D, 0x045E, 0x045F, 0x0460, 0x0461, 0x0462, 0x0463,
    0x0464, 0x0465, 0x0466, 0x0467, 0x0468, 0x0469, 0x046E, 0x0471, 0x0472, 0x0473, 0x0474, 0x0475,
    0x0476, 0x0477, 0x0478, 0x0479, 0x047A, 0x047B, 0x047C, 0x047D, 0x047E, 0x047F, 0x0480, 0x048A,
    0x048B, 0x048C, 0x048D, 0x048E, 0x048F, 0x0490, 0x0491, 0x0492, 0x0493, 0x0496, 0x0497, 0x0498,
    0x0499, 0x049A, 0x049B, 0x049C, 0x049D, 0x049E, 0x049F, 0x04A0, 0x04A1, 0x04A2, 0x04A3, 0x04A4,
    0x04A5, 0x04A9, 0x04AA, 0x04AB, 0x04AC, 0x04AD, 0x04AE, 0x04AF, 0x04B0, 0x04B1, 0x04B2, 0x04B3,
    0x04B4, 0x04B5, 0x04B6, 0x04B7, 0x04BC, 0x04BD, 0x04BE, 0x04BF, 0x04C1, 0x04C2, 0x04C5, 0x04C6,
    0x04C9, 0x04CA, 0x04CD, 0x04CE, 0x04D0, 0x04D1, 0x04D2, 0x04D3, 0x04D4, 0x04D5, 0x04D6, 0x04D7,
    0x04D8, 0x04D9, 0x04DA, 0x04DB, 0x04DC, 0x04DD, 0x04DE, 0x04DF, 0x04E3, 0x04E5, 0x04E6, 0x04E7,
    0x04E8, 0x04E9, 0x04EA, 0x04EB, 0x04EC, 0x04ED, 0x04EE, 0x04EF, 0x04F0, 0x04F1, 0x04F2, 0x04F3,
    0x04F5, 0x04F6, 0x04F7, 0x04F9, 0x04FA, 0x04FB, 0x04FC, 0x04FD, 0x04FE, 0x04FF, 0x05D0, 0x05D1,
    0x05D2, 0x05D3, 0x05D5, 0x05D6, 0x05D8, 0x05D9, 0x05DB, 0x05DC, 0x05DE, 0x05E0, 0x05E1, 0x05E2,
    0x05E4, 0x05E6, 0x05E8, 0x05E9, 0x05EA, 0x1EA0, 0x1EA1, 0x1EA2, 0x1EA3, 0x1EA4, 0x1EA5, 0x1EA6,
    0x1EA7, 0x1EA8, 0x1EA9, 0x1EAA, 0x1EAB, 0x1EAC, 0x1EAD, 0x1EAE, 0x1EAF, 0x1EB0, 0x1EB1, 0x1EB2,
    0x1EB3, 0x1EB4, 0x1EB5, 0x1EB6, 0x1EB7, 0x1EB8, 0x1EB9, 0x1EBA, 0x1EBB, 0x1EBC, 0x1EBD, 0x1EBE,
    0x1EBF, 0x1EC0, 0x1EC1, 0x1EC2, 0x1EC3, 0x1EC4, 0x1EC5, 0x1EC6, 0x1EC7, 0x1ECC, 0x1ECD, 0x1ECE,
    0x1ECF, 0x1ED0, 0x1ED1, 0x1ED2, 0x1ED3, 0x1ED4, 0x1ED5, 0x1ED6, 0x1ED7, 0x1ED8, 0x1ED9, 0x1EDA,
    0x1EDB, 0x1EDC, 0x1EDD, 0x1EDE, 0x1EDF, 0x1EE0, 0x1EE1, 0x1EE2, 0x1EE3, 0x1EE4, 0x1EE6, 0x1EE8,
    0x1EE9, 0x1EEA, 0x1EEB, 0x1EEC, 0x1EED, 0x1EEE, 0x1EEF, 0x1EF0, 0x1EF1, 0x1EF2, 0x1EF3, 0x1EF4,
    0x1EF5, 0x1EF6, 0x1EF7, 0x1EF8, 0x1EF9, 0x2013, 0x2014, 0x2015, 0x2018, 0x2019, 0x201A, 0x201C,
    0x201D, 0x201E, 0x2039, 0x203A, 0xFB00, 0xFB8C, 0xFEAD, 0xFEAE, 0xFEAF,
};

static const uint8_t notosans_8_boldKernLeftClassIds[] = {
      1,   2,   1,   3,   4,   5,   4,   6,   7,   8,   9,  10,  11,  12,   9,  13,
     10,  14,  10,  15,  16,  17,  18,  18,   9,  19,  20,   3,  21,  22,  23,  24,
     23,  25,  22,  22,  22,  23,  23,  26,  24,  27,  27,  28,  27,   3,  29,  30,
     31,  32,   7,   7,   7,   7,   7,   7,  11,   9,  11,  11,  11,  11,  10,  10,
     10,  10,  10,  10,  10,  17,  17,  17,  17,  19,  14,  22,  22,  22,  22,  22,
     22,  23,  23,  23,  23,  23,  33,  33,  23,  23,  23,  23,  23,  23,  23,  27,
     23,  27,   7,  22,   7,  22,  34,  22,   9,   9,   9,   9,  10,  35,  10,  11,
     23,  11,  23,  11,  23,  11,  23,  11,  23,  22,  36,  33,  37,   9,  28,  13,
     13,  13,  35,  13,  13,  22,  22,  22,  22,  10,  23,  10,  23,  10,  23,  11,
     23,  26,  26,  26,  16,  24,  16,  38,  16,  24,  17,  17,  17,  17,  17,  17,
     18,  27,  19,  27,  19,  20,  20,  20,  39,  40,  41,  42,   7,  22,  11,  23,
     10,  33,  16,  24,  43,  43,  44,  45,  46,  47,  48,  48,  44,  49,  50,  51,
     52,  53,  45,  54,  43,  49,  53,  49,  55,  56,  46,  45,  50,  57,  49,  54,
     54,  48,  48,  55,  55,  58,  59,  60,  61,  62,  63,  64,  60,  65,  65,  64,
     65,  65,  65,  63,  65,  63,  66,  61,  67,  63,  64,  62,  65,  65,  62,  68,
     65,  68,  63,  63,  65,  63,  63,  69,  70,  66,  71,  72,  73,  68,  68,  74,
     64,  65,  67,  65,  55,  75,  76,  68,  46,  66,  51,  77,  51,  77,  78,  63,
     55,  63,  50,  75,  50,  75,  67,  67,  55,  63,  55,  63,  55,  75,  46,  54,
     62,  76,  68,  56,  63,  79,  80,  81,  82,  83,  84,  78,  60,  83,  84,  49,
     64,  49,  64,  49,  64,  54,  62,  81,  80,  63,  46,  66,  79,  80,  85,  86,
     85,  86,  83,  84,  54,  62,  54,  62,  87,  88,  87,  88,  49,  64,  54,  62,
     54,  62,  54,  62,  51,  58,  51,  58,  43,  88,  43,  88,  55,  63,  55,  63,
     49,  64,  78,  60,  65,  65,  55,  63,  55,  63,  55,  63,  55,  63,  50,  67,
     50,  67,  50,  67,  65,  79,  80,  65,  81,  82,  83,  84,  49,  84,  89,  90,
     91,  92,  93,  94,  95,  96,  97,  98,  99, 100, 101, 102, 103, 104, 105, 106,
    107,   7,  22,   7,  22,   7,  22,   7,  22,   7,  22,   7,  22,   7,  22,   7,
     22,   7,  22,   7,  22,   7,  22,   7,  22,  11,  23,  11,  23,  11,  23,  11,
     23,  11,  23,  11,  23,  11,  23,  11,  23,  10,  23,  10,  23,  10,  23,  10,
     23,  10,  23,  10,  23,  10,  23,  39,  40,  39,  40,  39,  40,  39,  40,  39,
     40,  17,  17,  41,  42,  41,  42,  41,  42,  41,  42,  41,  42,  19,  27,  19,
     27,  19,  27,  19,  27,   5,   5,   5,   1,   1,   4,   1,   1,   4,  30,  31,
     25, 108, 108, 108, 108,
};

static const uint16_t notosans_8_boldKernRightCodepoints[] = {
    0x0021, 0x0022, 0x0026, 0x0027, 0x0029, 0x002C, 0x002D, 0x002E, 0x003A, 0x003B, 0x003F, 0x0041,
    0x0043, 0x0047, 0x0049, 0x004A, 0x004F, 0x0051, 0x0054, 0x0055, 0x0056, 0x0057, 0x0058, 0x0059,
    0x005A, 0x005D, 0x0061, 0x0062, 0x0063, 0x0064, 0x0065, 0x0066, 0x0067, 0x0068, 0x006A, 0x006B,
    0x006C, 0x006D, 0x006E, 0x006F, 0x0070, 0x0071, 0x0072, 0x0073, 0x0074, 0x0075, 0x0076, 0x0077,
    0x0078, 0x0079, 0x007A, 0x007D, 0x00AB, 0x00BB, 0x00C0, 0x00C1, 0x00C2, 0x00C3, 0x00C4, 0x00C5,
    0x00C6, 0x00C7, 0x00D2, 0x00D3, 0x00D4, 0x00D5, 0x00D6, 0x00D8, 0x00D9, 0x00DA, 0x00DB, 0x00DC,
    0x00DD, 0x00E0, 0x00E1, 0x00E2, 0x00E3, 0x00E4, 0x00E5, 0x00E6, 0x00E7, 0x00E8, 0x00E9, 0x00EA,
    0x00EB, 0x00F2, 0x00F3, 0x00F4, 0x00F5, 0x00F6, 0x00F8, 0x00F9, 0x00FA, 0x00FB, 0x00FC, 0x00FD,
    0x00FE, 0x00FF, 0x0100, 0x0101, 0x0102, 0x0103, 0x0104, 0x0105, 0x0106, 0x0107, 0x0108, 0x0109,
    0x010A, 0x010B, 0x010C, 0x010D, 0x010F, 0x0111, 0x0113, 0x0115, 0x0117, 0x0119, 0x011B, 0x011C,
    0x011D, 0x011E, 0x011F, 0x0120, 0x0121, 0x0122, 0x0123, 0x0125, 0x0127, 0x0129, 0x0137, 0x0138,
    0x013A, 0x013C, 0x013E, 0x0140, 0x0144, 0x0146, 0x014B, 0x014C, 0x014D, 0x014E, 0x014F, 0x0150,
    0x0151, 0x0152, 0x0153, 0x0155, 0x0157, 0x015B, 0x015F, 0x0162, 0x0163, 0x0164, 0x0165, 0x0166,
    0x0167, 0x0168, 0x0169, 0x016A, 0x016B, 0x016C, 0x016D, 0x016E, 0x016F, 0x0170, 0x0171, 0x0172,
    0x0173, 0x0174, 0x0175, 0x0176, 0x0177, 0x0178, 0x0179, 0x017A, 0x017B, 0x017C, 0x017D, 0x017E,
    0x01A0, 0x01A1, 0x01AF, 0x01B0, 0x01FA, 0x01FB, 0x01FC, 0x01FD, 0x01FE, 0x01FF, 0x0219, 0x021A,
    0x021B, 0x0402, 0x0404, 0x0405, 0x0408, 0x0409, 0x040B, 0x040E, 0x0410, 0x0414, 0x0416, 0x0417,
    0x041B, 0x041E, 0x0421, 0x0422, 0x0423, 0x0424, 0x0425, 0x0427, 0x042A, 0x042D, 0x042F, 0x0430,
    0x0431, 0x0432, 0x0433, 0x0434, 0x0435, 0x0436, 0x0437, 0x0438, 0x0439, 0x043A, 0x043B, 0x043C,
    0x043D, 0x043E, 0x043F, 0x0440, 0x0441, 0x0442, 0x0443, 0x0444, 0x0445, 0x0446, 0x0447, 0x0448,
    0x0449, 0x044A, 0x044B, 0x044C, 0x044D, 0x044E, 0x044F, 0x0450, 0x0451, 0x0452, 0x0453, 0x0454,
    0x0455, 0x0457, 0x0458, 0x0459, 0x045A, 0x045B, 0x045C, 0x045D, 0x045E, 0x045F, 0x0460, 0x0461,
    0x0462, 0x0465, 0x0466, 0x0467, 0x0469, 0x046D, 0x046E, 0x0470, 0x0472, 0x0473, 0x0474, 0x0475,
    0x0476, 0x0477, 0x0478, 0x0479, 0x047A, 0x047B, 0x047C, 0x047D, 0x047E, 0x047F, 0x0480, 0x0481,
    0x048B, 0x048C, 0x048D, 0x048F, 0x0491, 0x0492, 0x0495, 0x0496, 0x0497, 0x0498, 0x0499, 0x049B,
    0x049D, 0x049F, 0x04A0, 0x04A1, 0x04A3, 0x04A5, 0x04A7, 0x04A8, 0x04A9, 0x04AA, 0x04AB, 0x04AC,
    0x04AD, 0x04AE, 0x04AF, 0x04B0, 0x04B1, 0x04B2, 0x04B3, 0x04B4, 0x04B5, 0x04B6, 0x04B7, 0x04B8,
    0x04B9, 0x04BB, 0x04BC, 0x04BD, 0x04BE, 0x04BF, 0x04C1, 0x04C2, 0x04C4, 0x04C5, 0x04C6, 0x04C8,
    0x04CA, 0x04CB, 0x04CC, 0x04CE, 0x04D0, 0x04D1, 0x04D2, 0x04D3, 0x04D4, 0x04D5, 0x04D7, 0x04D8,
    0x04D9, 0x04DA, 0x04DB, 0x04DC, 0x04DD, 0x04DE, 0x04DF, 0x04E3, 0x04E5, 0x04E6, 0x04E7, 0x04E8,
    0x04E9, 0x04EA, 0x04EB, 0x04EC, 0x04ED, 0x04EE, 0x04EF, 0x04F0, 0x04F1, 0x04F2, 0x04F3, 0x04F4,
    0x04F5, 0x04F7, 0x04F9, 0x04FA, 0x04FC, 0x04FD, 0x04FE, 0x04FF, 0x05D0, 0x05D1, 0x05D2, 0x05D3,
    0x05D4, 0x05D6, 0x05D7, 0x05D8, 0x05D9, 0x05DA, 0x05DB, 0x05DC, 0x05DD, 0x05DE, 0x05E1, 0x05E2,
    0x05E3, 0x05E4, 0x05E5, 0x05E7, 0x05E8, 0x05E9, 0x05EA, 0x06D5, 0x1EA0, 0x1EA1, 0x1EA2, 0x1EA3,
    0x1EA4, 0x1EA5, 0x1EA6, 0x1EA7, 0x1EA8, 0x1EA9, 0x1EAA, 0x1EAB, 0x1EAC, 0x1EAD, 0x1EAE, 0x1EAF,
    0x1EB0, 0x1EB1, 0x1EB2, 0x1EB3, 0x1EB4, 0x1EB5, 0x1EB6, 0x1EB7, 0x1EB9, 0x1EBB, 0x1EBD, 0x1EBF,
    0x1EC1, 0x1EC3, 0x1EC5, 0x1EC7, 0x1ECC, 0x1ECD, 0x1ECE, 0x1ECF, 0x1ED0, 0x1ED1, 0x1ED2, 0x1ED3,
    0x1ED4, 0x1ED5, 0x1ED6, 0x1ED7, 0x1ED8, 0x1ED9, 0x1EDA, 0x1EDB, 0x1EDC, 0x1EDD, 0x1EDE, 0x1EDF,
    0x1EE0, 0x1EE1, 0x1EE2, 0x1EE3, 0x1EE4, 0x1EE5, 0x1EE6, 0x1EE7, 0x1EE8, 0x1EE9, 0x1EEA, 0x1EEB,
    0x1EEC, 0x1EED, 0x1EEE, 0x1EEF, 0x1EF0, 0x1EF1, 0x1EF2, 0x1EF4, 0x1EF5, 0x1EF6, 0x1EF7, 0x1EF8,
    0x1EF9, 0x2013, 0x2014, 0x2015, 0x2018, 0x2019, 0x201A, 0x201C, 0x201D, 0x201E, 0x2026, 0x2039,
    0x203A, 0xFB00, 0xFB01, 0xFB02, 0xFB03, 0xFB04, 0xFB8E, 0xFBA6, 0xFBAA, 0xFE8D, 0xFEA3, 0xFEA9,
    0xFEB1, 0xFEB3, 0xFEB9, 0xFEBB, 0xFEC1, 0xFEC3, 0xFEC9, 0xFECB, 0xFECD, 0xFEDB, 0xFEDF, 0xFEE1,
    0xFEE3, 0xFEEB,
};

static const uint8_t notosans_8_boldKernRightClassIds[] = {
      1,   2,   3,   2,   4,   5,   6,   5,   7,   7,   8,   9,  10,  10,  11,  12,
     10,  10,  13,  14,  15,  15,  16,  17,  18,   4,  19,  20,  21,  21,  21,  22,
     23,  20,  24,  20,  20,  25,  25,  21,  25,  21,  25,  26,  22,  25,  27,  27,
     27,  27,  28,   4,  29,  30,   9,   9,   9,   9,   9,   9,  31,  10,  10,  10,
     10,  10,  10,  10,  14,  14,  14,  14,  17,  21,  19,  19,  19,  19,  19,  19,
     21,  21,  21,  21,  21,  21,  21,  21,  21,  21,  21,  25,  25,  25,  25,  27,
     20,  27,   9,  19,   9,  19,   9,  19,  10,  21,  10,  21,  10,  21,  10,  21,
     21,  21,  21,  21,  21,  21,  21,  10,  23,  10,  23,  10,  23,  10,  23,  20,
     32,  33,  20,  25,  20,  20,  20,  20,  25,  25,  25,  10,  21,  10,  21,  10,
     21,  10,  21,  25,  25,  26,  26,  13,  22,  13,  22,  13,  22,  14,  25,  14,
     25,  14,  25,  14,  25,  14,  25,  14,  25,  15,  27,  17,  27,  17,  18,  28,
     18,  28,  18,  28,  10,  21,  14,  25,   9,  19,  31,  19,  10,  21,  26,  13,
     22,  34,  35,  36,  37,  38,  34,  39,  40,  41,  42,  43,  38,  35,  35,  34,
     39,  44,  42,  45,  34,  43,  46,  47,  48,  49,  49,  50,  51,  52,  53,  49,
     49,  49,  54,  49,  49,  51,  49,  49,  51,  55,  56,  51,  52,  49,  57,  49,
     49,  55,  49,  49,  53,  49,  58,  51,  51,  59,  49,  51,  60,  61,  62,  54,
     49,  59,  49,  49,  56,  49,  63,  64,  65,  66,  40,  50,  66,  66,  43,  45,
     63,  47,  67,  64,  67,  64,  63,  47,  63,  47,  63,  47,  63,  64,  63,  47,
     66,  65,  59,  66,  66,  65,  66,  42,  52,  43,  53,  66,  66,  59,  68,  55,
     66,  66,  66,  63,  47,  63,  47,  34,  55,  69,  70,  69,  70,  42,  52,  68,
     55,  45,  57,  45,  57,  66,  71,  72,  71,  72,  42,  52,  66,  73,  50,  66,
     66,  45,  57,  66,  40,  74,  40,  74,  40,  74,  47,  75,  74,  75,  74,  42,
     52,  43,  53,  49,  49,  63,  47,  63,  47,  63,  47,  43,  53,  39,  56,  39,
     56,  39,  56,  45,  57,  66,  49,  65,  42,  52,  42,  52,  76,  77,  78,  79,
     80,  81,  82,  83,  84,  85,  86,  87,  88,  89,  90,  91,  92,  93,  94,  95,
     96,  97,  98,  99,   9,  19,   9,  19,   9,  19,   9,  19,   9,  19,   9,  19,
      9,  19,   9,  19,   9,  19,   9,  19,   9,  19,   9,  19,  21,  21,  21,  21,
     21,  21,  21,  21,  10,  21,  10,  21,  10,  21,  10,  21,  10,  21,  10,  21,
     10,  21,  10,  21,  10,  21,  10,  21,  10,  21,  10,  21,  14,  25,  14,  25,
     14,  25,  14,  25,  14,  25,  14,  25,  14,  25,  17,  17,  27,  17,  27,  17,
     27,   6,   6,   6, 100,   2,   5, 100,   2,   5,   5,  29,  30,  22,  22,  22,
     22,  22,  99,  99,  99, 101,  99, 102, 102, 102, 102, 102, 102, 102, 103, 101,
    103,  99, 101,  99,  99,  99,
};

static const uint16_t notosans_8_boldKernRowOffsets[] = {
        0,    29,    32,    37,    54,    61,    66,    72,    73,    75,    82,    83,    87,    93,   100,   101,
      117,   119,   130,   143,   145,   146,   147,   150,   151,   154,   159,   162,   163,   167,   173,   182,
      186,   187,   193,   200,   202,   203,   208,   214,   217,   227,   230,   231,   244,   269,   275,   277,
      288,   303,   332,   351,   353,   357,   369,   385,   402,   420,   426,   438,   446,   457,   469,   481,
      493,   495,   499,   511,   529,   535,   549,   553,   557,   559,   564,   566,   573,   581,   584,   609,
      616,   632,   635,   640,   642,   654,   656,   659,   662,   668,   673,   680,   691,   697,   698,   707,
      718,   724,   734,   739,   742,   749,   751,   758,   765,   775,   782,   792,   796,
};

static const uint8_t notosans_8_boldKernSparseCols[] = {
      8,  12,  14,  16,  18,  20,  22,  24,  25,  30,  32,  33,  37,  38,  39,  40,
     41,  43,  46,  49,  52,  53,  54,  55,  58,  60,  67,  72,  73,  12,  14,  16,
     11,  23,  36,  43,  61,   9,  12,  13,  14,  16,  33,  36,  38,  43,  44,  54,
     56,  62,  66,  67,  68,  70,  12,  33,  38,  41,  51,  54,  67,  33,  41,  43,
     44,  56,   1,   9,  11,  12,  14,  16,   4,   9,  28,   4,   8,  12,  14,  15,
     16,  17,  11,   3,   4,   7,   8,   1,   9,  12,  13,  14,  16,   2,   4,   8,
     15,  17,  28,  30,  28,   2,   4,   5,   7,   8,   9,  12,  18,  20,  22,  24,
     25,  26,  27,  28,  29,   4,   8,   4,   7,   8,   9,  18,  20,  22,  24,  25,
     28,  29,   2,   4,   7,   8,   9,  18,  20,  22,  24,  25,  27,  28,  29,   9,
     28,  11,   1,   1,  26,  27,   1,   1,   3,   4,   1,   4,  18,  20,  22,   1,
      4,   7,  20,  11,  12,  14,  16,  12,  14,  16,  33,  39,  67,  12,  14,  15,
     16,  33,  38,  41,  44,  67,  11,  12,  14,  16,   3,   1,   9,  11,  12,  14,
     16,   0,   1,   3,   7,  19,  31,  99,   3,  32,  11,   0,   1,   3,   7,  99,
      8,  10,  12,  14,  15,  16,  19,  21,  26,   8,   9,  10,  12,  14,  15,  16,
     18,  20,  22,  19,  21,  26,  36,   1,  33,  38,  44,  54,  55,  56,  64,  66,
     67,  68,  69,  99,   1,   4,   5,   6,  29,  33,  34,  37,  39,  40,  43,  46,
     47,  48,  49,  50,  51,  52,  53,  54,  55,  56,  57,  59,  67,  28,  34,  43,
     56,  62,  70,   4,  43,   1,   4,  33,  38,  44,  51,  54,  55,  57,  67,  99,
      1,   5,   6,  28,  34,  43,  44,  46,  47,  50,  54,  55,  56,  62,  70,   1,
      4,   5,   6,  28,  29,  34,  35,  37,  39,  40,  43,  45,  46,  47,  48,  49,
     50,  51,  52,  53,  56,  57,  58,  59,  62,  70,  71,  72,   1,  29,  33,  34,
     36,  38,  43,  44,  50,  54,  55,  56,  64,  66,  67,  68,  70,  74,  99,  51,
     55,   3,  51,  56,  57,   4,  36,  37,  40,  43,  44,  49,  53,  54,  55,  56,
     61,   4,  33,  37,  38,  39,  40,  41,  42,  49,  51,  53,  57,  66,  67,  68,
     72,   4,   5,   6,  28,  29,  37,  38,  39,  40,  41,  43,  46,  49,  50,  53,
     57,  72,   1,   3,   4,   6,  33,  35,  37,  38,  39,  40,  41,  42,  45,  49,
     51,  53,  57,  67,   1,  33,  38,  51,  54,  55,   1,  33,  38,  39,  41,  45,
     49,  51,  54,  55,  56,  57,   3,  33,  38,  41,  45,  51,  54,  55,   1,   4,
      5,  37,  39,  40,  41,  49,  50,  53,  99,   1,   4,  33,  36,  37,  40,  44,
     49,  53,  54,  56,  61,   1,  33,  38,  39,  41,  45,  49,  51,  54,  55,  56,
     57,   5,  33,  34,  38,  43,  44,  46,  50,  56,  57,  71,  99,  33,  58,   1,
     33,  50,  57,   1,   4,  37,  39,  40,  41,  46,  49,  50,  53,  57,  99,   1,
      6,  33,  38,  39,  41,  43,  44,  45,  51,  54,  55,  56,  57,  63,  69,  71,
     99,   1,  33,  36,  54,  55,  61,   1,   4,   5,  37,  38,  39,  40,  41,  49,
     50,  53,  58,  60,  99,  33,  38,  45,  57,   1,  33,  58,  60,  36,  61,   1,
     33,  36,  54,  55,   4,  49,   1,  33,  44,  54,  66,  67,  68,   1,  46,  54,
     55,  56,  63,  69,  71,   4,  66,  68,   4,   5,  28,  29,  33,  34,  37,  39,
     40,  43,  46,  49,  51,  52,  54,  55,  56,  62,  63,  65,  69,  70,  71,  72,
     73,   4,   5,  39,  46,  49,  50,  53,   4,   5,  33,  39,  46,  49,  51,  52,
     56,  58,  62,  65,  67,  70,  71,  72,   4,  46,  49,  54,  56,  62,  70,  71,
     46,  56,   4,  39,  46,  49,  56,  58,  62,  65,  71,  72,  73,  74,   4,  49,
     33,  66,  68,   1,  51,  55,  83,  85,  86,  92,  94,  96,  78,  84,  89,  92,
     95,  76,  82,  83,  85,  86,  88,  92,  76,  79,  82,  84,  85,  87,  88,  89,
     91,  92,  95,  76,  82,  87,  89,  92,  95,  76,  78,  82,  84,  85,  91,  92,
     93,  94,  95,  76,  79,  81,  82,  85,  87,  88,  89,  92,  95,  97,  82,  85,
     88,  89,  91,  92,  76,  77,  82,  84,  85,  89,  91,  92,  96,  97,  85,  87,
     88,  89,  92,  82,  83,  85,  82,  84,  86,  89,  91,  92,  95,  82,  89,  84,
     85,  86,  89,  91,  92,  96,  75,  76,  78,  83,  87,  89,  92,  76,  82,  84,
     85,  88,  89,  91,  92,  95,  97,  76,  82,  85,  87,  89,  92,  95,  78,  80,
     83,  85,  86,  88,  89,  90,  92,  96,  98, 100, 101, 102,
};

static const int8_t notosans_8_boldKernSparseValues[] = {
     -19,    5,    5,    3,  -11,  -16,   -8,   -8,   -8,  -21,   19,    5,   -8,    5,  -19,  -16,
       5,   -3,  -11,  -19,    5,  -13,    8,    5,    8,    8,    5,  -16,   -5,  -16,   -5,   -8,
      24,   11,   27,   -8,   16,  -13,  -19,   -5,  -16,  -16,  -13,   16,   -5,  -11,  -21,  -11,
     -16,  -13,  -16,  -19,  -16,  -16,  -11,  -11,   -5,   -3,   -3,   -5,  -11,   -3,   -1,   -1,
      -1,   -1,  -19,   -5,   13,  -19,  -11,  -16,   -3,   -5,   -5,  -11,   -5,   -8,   -3,   -5,
      -3,   -3,   16,    5,  -16,    5,   -5,  -21,   -5,   -5,   -3,   -5,   -8,   -3,  -35,  -13,
      -5,   -3,   -5,   -8,   -3,   -5,  -16,  -11,    5,  -19,   -5,    5,  -21,  -19,  -19,  -13,
     -16,   -5,  -11,  -16,   -8,   -5,   -3,  -13,    5,  -11,   -3,   -5,   -5,   -3,   -3,   -3,
      -8,   -3,   -8,  -16,    5,  -16,   -5,  -13,  -13,  -13,   -8,  -11,   -5,  -21,   -8,   -3,
      -5,   25,   -3,   -3,   -5,   -3,    5,   16,   11,   -5,   11,  -43,   -5,   -5,   -3,   11,
     -11,    5,   -5,   13,   -5,   -3,   -8,   -8,   -3,   -8,   -8,   -3,   -3,  -16,   -8,   -5,
     -21,  -16,   -5,   -5,   -5,  -11,   27,  -11,   -8,  -11,   13,  -19,   -5,   29,  -19,  -11,
     -16,   31,   28,   39,   35,    8,   19,   25,   13,   31,   13,   35,   36,   43,   37,   25,
      -5,    5,   16,   19,   13,   16,    5,   11,   13,   -8,   -3,    5,   19,   19,   13,   16,
      -8,   -5,   -5,    5,   13,   13,   13,  -19,  -13,   -5,   -8,   -5,   -5,   -5,   -5,  -11,
     -16,  -13,   -5,   -8,    5,  -13,  -11,   -8,   -8,    5,   -5,   -7,  -19,   -7,   -9,  -11,
      -5,   -8,  -11,  -11,   -3,   -3,   -8,   -3,   -2,   -8,  -11,   -5,    3,   -5,   -5,   -8,
      -5,   -5,   -5,   -5,   -3,  -24,   -3,  -16,   -5,   -8,   -5,   -5,   -5,   -5,   -8,  -16,
       5,   -3,   -3,   -5,   -5,  -11,   -3,   -3,   -5,   -5,   -3,   -3,   -5,   -5,  -13,    5,
     -19,   -5,   -3,  -13,   -5,  -11,   -5,  -21,  -32,  -28,   -8,  -10,  -13,  -11,   -3,  -25,
     -19,   -8,   -5,  -13,   -5,  -13,   13,   -8,   -3,   -5,   -8,  -13,  -19,   -3,  -19,   -5,
      13,   -5,   -9,  -16,   -3,   -8,   -5,   -8,   -5,  -11,  -13,  -16,  -13,   -3,  -11,   -3,
      -3,   -3,   -3,   -4,   -3,    8,   24,    8,   11,   -3,   -7,    8,    8,   -3,    8,   -5,
      19,  -11,   -5,   -3,  -11,   -5,   -3,   -5,   -3,   -3,   -4,   -3,   -3,   -3,   -3,   -3,
      -5,  -35,   -3,   -3,   -5,   -3,  -16,   -5,  -13,  -16,   -5,   -3,   -7,  -13,   -3,  -11,
      -3,  -16,   -3,   -3,  -11,   -3,   -9,   -3,   -5,   -8,   -9,   -8,  -11,   -8,   -3,   -7,
      -4,   -4,   -3,   -5,   -3,  -11,   -9,   -5,   -3,   -3,   -2,  -16,  -10,   -3,   -8,   -5,
      -3,   -5,   -3,   -8,   -3,   -3,   -1,   -8,   -3,   -3,   -3,   -5,   -3,   -3,    8,  -11,
      -5,   -5,   -8,   -8,   -3,  -11,   -3,   -8,   11,   -3,    5,   -8,   27,    5,    8,   -4,
       5,    7,   -4,   -8,   16,   -2,  -11,  -10,   -3,   -5,   -5,   -3,   -5,   -3,   -8,   -3,
      -3,   -3,   -3,   -4,   -3,   -4,   -3,   -5,   -5,   -5,   -3,   -5,    8,   -8,   -1,    5,
      -5,   -3,   -3,    5,  -11,   -5,   -5,   -8,   -3,   -3,  -13,   -8,  -13,   -8,   11,  -21,
      -3,  -16,   -5,   -3,   -3,   -3,  -19,   -5,   -5,  -16,  -12,  -11,   -5,   -5,   -8,   -5,
      -8,   -3,  -11,   21,   -8,  -13,    5,    8,  -11,   -5,   -5,    6,   -8,   -8,   -3,  -11,
      -3,   -8,    6,    6,   11,   -5,   -8,   -3,   -5,    8,    5,   11,    4,    8,    5,   -3,
     -11,   11,   -8,  -13,  -11,   -5,  -11,  -11,  -11,   -5,   -8,   -5,   -8,  -19,   -5,  -13,
      -8,   -8,   -5,   -5,   -5,  -11,   -3,   -3,  -16,  -11,  -16,   -8,    5,   -5,  -11,  -19,
     -13,   -8,  -19,  -16,   -5,   -5,  -11,  -11,  -13,   -5,   -5,  -13,  -11,  -13,  -19,  -13,
     -21,  -13,   -5,   -8,   -3,  -11,   -3,   -8,  -13,   -5,    5,  -16,  -11,  -13,   -5,   -5,
     -13,    5,   -5,   -8,    5,   -5,   -8,  -11,   -8,   -5,   -8,   -5,  -13,   -5,  -13,   -5,
      -3,   -3,  -16,  -16,  -13,  -13,  -11,    5,   -5,   -8,  -11,  -11,  -11,   -3,  -11,   -3,
      -5,   -3,   -3,   -3,   -5,   -3,   -5,   -3,   -1,   -5,   -3,   -5,   -1,   -2,   -7,   -7,
      -3,    2,   -2,   -7,   -1,   -3,   -4,   -3,  -11,   -5,   -2,  -13,   -9,   -3,   -1,   -7,
     -13,   -9,   -9,   -3,   -3,   -3,   -4,   -5,   -6,   -2,   -1,   -5,  -10,   -1,   -6,   -4,
      -2,   -2,   -1,  -16,   -5,   -4,   -4,   -4,   -8,   -4,   -4,   -6,   -5,   -5,   -2,   -1,
      -3,   -3,   -6,   -6,  -11,   -2,   -2,   -8,   -6,   -2,  -12,   -3,    2,   -1,   -5,   -1,
      -5,   -6,   -7,   -3,   -5,   -3,   -2,   -8,   -2,   -2,   -3,   -1,   -6,   -4,   -3,   -4,
      -5,   -4,   -4,   -9,   -2,   -4,   -1,   -3,   -2,   -5,   -3,   -7,   -6,  -11,   -5,   -8,
      -2,   -4,   -6,   -8,   -6,   -5,   -6,   -7,   -2,   -7,   -4,   -6,   -4,   -4,  -13,  -13,
      -5,   -2,   -2,  -10,  -11,  -11,   -3,   -5,  -11,   -7,   -8,   13,
};

static const EpdLigaturePair notosans_8_boldLigaturePairs[] = {
    { 0x00660066, 0xFB00 }, // f f -> U+FB00
    { 0x00660069, 0xFB01 }, // f i -> U+FB01
    { 0x0066006C, 0xFB02 }, // f l -> U+FB02
    { 0xFB000069, 0xFB03 }, // U+FB00 i -> U+FB03
    { 0xFB00006C, 0xFB04 }, // U+FB00 l -> U+FB04
};

static const EpdFontData notosans_8_bold = {
    notosans_8_boldBitmaps,
    notosans_8_boldGlyphs,
    notosans_8_boldIntervals,
    38,
    23,
    18,
    -5,
    false,
    nullptr,
    0,
    nullptr,
    nullptr,  // kernLeftClasses: built-in fonts use the split arrays below
    nullptr,  // kernRightClasses
    notosans_8_boldKernLeftCodepoints,
    notosans_8_boldKernLeftClassIds,
    notosans_8_boldKernRightCodepoints,
    notosans_8_boldKernRightClassIds,
    nullptr,  // kernMatrix: built-in fonts use the sparse form below
    notosans_8_boldKernRowOffsets,
    notosans_8_boldKernSparseCols,
    notosans_8_boldKernSparseValues,
    501,
    518,
    108,
    103,
    notosans_8_boldLigaturePairs,
    5,
};
