/**
 * generated by fontconvert.py
 * name: ubuntu_14_bold
 * size: 14
 * mode: 1-bit
 * Command used: fontconvert.py ubuntu_14_bold 14 ../builtinFonts/source/Ubuntu/Ubuntu-Bold.ttf ../builtinFonts/source/NotoSansHebrew/NotoSansHebrew-Bold.ttf ../builtinFonts/source/NotoSansArabic/NotoSansArabic-Bold.ttf ../builtinFonts/source/Ubuntu/Ubuntu-Vietnamese-Bold.ttf --additional-intervals 0x05D0,0x05EA --additional-intervals 0x060C,0x060C --additional-intervals 0x061B,0x061B --additional-intervals 0x061F,0x061F --additional-intervals 0x0621,0x0621 --additional-intervals 0x0640,0x0640 --additional-intervals 0x0654,0x0654 --additional-intervals 0x0660,0x0669 --additional-intervals 0x06BA,0x06BA --additional-intervals 0x06D4,0x06D4 --additional-intervals 0x06D5,0x06D5 --additional-intervals 0x06F0,0x06F9 --additional-intervals 0xFB56,0xFB59 --additional-intervals 0xFB66,0xFB69 --additional-intervals 0xFB7A,0xFB7D --additional-intervals 0xFB88,0xFB95 --additional-intervals 0xFB9E,0xFB9F --additional-intervals 0xFBA6,0xFBB1 --additional-intervals 0xFBFC,0xFBFF --additional-intervals 0xFE80,0xFEFC
 */
#pragma once
#include "EpdFontData.h"

static const uint8_t ubuntu_14_boldBitmaps[48806] = {
    0xFF, 0xFF, 0xFF, 0xFF, 0xF7, 0xDF, 0x7D, 0xF7, 0xDE, 0x79, 0xE0, 0x1E, 0xFF, 0xFF, 0xDE, 0xFB,
    0xEF, 0xBE, 0xFB, 0xEF, 0xBE, 0xF9, 0xEF, 0x9E, 0xF9, 0xE7, 0x9E, 0x71, 0xE0, 0x07, 0xCF, 0x81,
    0xE3, 0xE0, 0x78, 0xF0, 0x1E, 0x3C, 0x0F, 0x8F, 0x3F, 0xFF, 0xFF, 0xFF, 0xFF, 0xFF, 0xFF, 0x0F,
    0x1E, 0x07, 0xC7, 0x81, 0xF3, 0xE0, 0x7C, 0xF8, 0xFF, 0xFF, 0xFF, 0xFF, 0xFF, 0xFF, 0xFC, 0xF9,
    0xF0, 0x3E, 0x7C, 0x0F, 0x1F, 0x03, 0xC7, 0x81, 0xF1, 0xE0, 0x07, 0x80, 0x0F, 0x00, 0x1E, 0x00,
    0xFF, 0xC3, 0xFF, 0xCF, 0xFF, 0x1F, 0xFE, 0x7E, 0x3C, 0xF8, 0x01, 0xFC, 0x01, 0xFE, 0x03, 0xFF,
    0x83, 0xFF, 0x81, 0xFF, 0x80, 0xFF, 0x00, 0x3E, 0x00, 0x7E, 0x80, 0xF9, 0xE3, 0xF7, 0xFF, 0xEF,
    0xFF, 0x8F, 0xFE, 0x01, 0xE0, 0x03, 0xC0, 0x07, 0x80, 0x3F, 0x01, 0xF0, 0x3F, 0xC0, 0xF8, 0x3F,
    0xF0, 0xF8, 0x1F, 0x78, 0x78, 0x0F, 0x3E, 0x7C, 0x07, 0x8F, 0x7C, 0x03, 0xC7, 0xBE, 0x01, 0xE7,
    0xFE, 0x00, 0xFB, 0xDF, 0xFE, 0x7F, 0xFF, 0xFF, 0x9F, 0xEF, 0x7F, 0xC7, 0xEF, 0xFD, 0xF0, 0x0F,
    0xBC, 0x78, 0x07, 0xDE, 0x3C, 0x07, 0xCF, 0x1E, 0x03, 0xE7, 0x8F, 0x03, 0xE3, 0xEF, 0x81, 0xE0,
    0xFF, 0x81, 0xF0, 0x7F, 0xC1, 0xF0, 0x1F, 0xC0, 0x0F, 0xE0, 0x01, 0xFF, 0x80, 0x3F, 0xF8, 0x03,
    0xFF, 0xC0, 0x3E, 0x7C, 0x03, 0xC7, 0xC0, 0x3E, 0x78, 0x03, 0xFF, 0x80, 0x1F, 0xF0, 0x03, 0xFE,
    0x00, 0x7F, 0xE7, 0xC7, 0xFF, 0x7C, 0xF9, 0xFF, 0x8F, 0x0F, 0xF8, 0xF8, 0x7F, 0x8F, 0xC3, 0xF0,
    0xFF, 0xFF, 0x8F, 0xFF, 0xFC, 0x7F, 0xFF, 0xE1, 0xFF, 0x3E, 0xFF, 0xFF, 0xFF, 0xFF, 0xEF, 0x70,
    0x0E, 0x07, 0x87, 0xC7, 0xE3, 0xE3, 0xF1, 0xF0, 0xF8, 0xF8, 0x7C, 0x3E, 0x1F, 0x0F, 0x87, 0xC3,
    0xE1, 0xF0, 0xF8, 0x7C, 0x3E, 0x1F, 0x07, 0xC3, 0xE1, 0xF8, 0x7C, 0x3F, 0x0F, 0x83, 0xC1, 0xC0,
    0x30, 0x7C, 0x3E, 0x0F, 0x87, 0xE1, 0xF0, 0xF8, 0x3E, 0x1F, 0x0F, 0x87, 0xC3, 0xF0, 0xF8, 0x7C,
    0x3E, 0x1F, 0x1F, 0x8F, 0x87, 0xC3, 0xE1, 0xF1, 0xF0, 0xF8, 0xFC, 0x7C, 0x7C, 0x3E, 0x06, 0x00,
    0x0F, 0x80, 0x78, 0x1B, 0xDD, 0xFF, 0xEF, 0xFF, 0x7F, 0xFC, 0xFF, 0x83, 0xF8, 0x3F, 0xE3, 0xEF,
    0x0F, 0x78, 0x33, 0x80, 0x07, 0xC0, 0x0F, 0x80, 0x1F, 0x00, 0x3E, 0x00, 0x7C, 0x1F, 0xFF, 0xBF,
    0xFF, 0x7F, 0xFE, 0xFF, 0xFC, 0x0F, 0x80, 0x1F, 0x00, 0x3E, 0x00, 0x7C, 0x00, 0xF8, 0x00, 0x7E,
    0xFD, 0xF3, 0xE7, 0xCF, 0x9E, 0x7C, 0x78, 0xFF, 0xFF, 0xFF, 0xFF, 0xFF, 0x7C, 0xF9, 0xFB, 0xE7,
    0xC0, 0x00, 0x7E, 0x00, 0xF8, 0x01, 0xF0, 0x07, 0xE0, 0x0F, 0x80, 0x1F, 0x00, 0x7E, 0x00, 0xF8,
    0x01, 0xF0, 0x07, 0xC0, 0x0F, 0x80, 0x1F, 0x00, 0x7C, 0x00, 0xF8, 0x01, 0xF0, 0x07, 0xC0, 0x0F,
    0x80, 0x1F, 0x00, 0x7C, 0x00, 0xF8, 0x01, 0xF0, 0x07, 0xC0, 0x0F, 0x80, 0x3F, 0x00, 0x7C, 0x00,
    0xF8, 0x03, 0xF0, 0x07, 0xC0, 0x00, 0x07, 0xF0, 0x0F, 0xF8, 0x1F, 0xFC, 0x3F, 0xFC, 0x3F, 0x7E,
    0x7E, 0x3E, 0x7C, 0x3F, 0x7C, 0x1F, 0x7C, 0x1F, 0x7C, 0x1F, 0x7C, 0x1F, 0x7C, 0x1F, 0x7C, 0x1F,
    0x7C, 0x3F, 0x7E, 0x3E, 0x3F, 0x7E, 0x3F, 0xFE, 0x1F, 0xFC, 0x1F, 0xF8, 0x07, 0xF0, 0x03, 0xC3,
    0xF3, 0xFF, 0xFF, 0xFF, 0xFF, 0xF6, 0x7C, 0x1F, 0x07, 0xC1, 0xF0, 0x7C, 0x1F, 0x07, 0xC1, 0xF0,
    0x7C, 0x1F, 0x07, 0xC1, 0xF0, 0x7C, 0x1F, 0x1F, 0xE1, 0xFF, 0xCF, 0xFF, 0xBF, 0xFE, 0x7D, 0xFD,
    0x83, 0xF0, 0x07, 0xC0, 0x3E, 0x01, 0xF8, 0x0F, 0xC0, 0x7E, 0x03, 0xF0, 0x1F, 0x80, 0xFC, 0x07,
    0xE0, 0x1F, 0x00, 0x7F, 0xFF, 0xFF, 0xFF, 0xFF, 0xFF, 0xFF, 0x1F, 0xE0, 0xFF, 0xF1, 0xFF, 0xE3,
    0xFF, 0xE3, 0xCF, 0xC0, 0x0F, 0x80, 0x1F, 0x00, 0x3E, 0x01, 0xF8, 0x1F, 0xE0, 0x3F, 0xF0, 0x7F,
    0xE0, 0x0F, 0xE0, 0x07, 0xC0, 0x0F, 0xBC, 0x7F, 0x7F, 0xFE, 0xFF, 0xFB, 0xFF, 0xE1, 0xFF, 0x00,
    0x00, 0xFC, 0x01, 0xFC, 0x03, 0xFC, 0x03, 0xFC, 0x07, 0xFC, 0x0F, 0xFC, 0x1F, 0xFC, 0x1F, 0x7C,
    0x3E, 0x7C, 0x7C, 0x7C, 0x78, 0x7C, 0xFF, 0xFF, 0xFF, 0xFF, 0xFF, 0xFF, 0xFF, 0xFF, 0x00, 0x7C,
    0x00, 0x7C, 0x00, 0x7C, 0x00, 0x7C, 0x00, 0x7C, 0x3F, 0xF8, 0xFF, 0xE3, 0xFF, 0x8F, 0xFE, 0x3C,
    0x01, 0xF0, 0x07, 0xC0, 0x1F, 0xF0, 0x7F, 0xF1, 0xFF, 0xE7, 0xFF, 0x83, 0xFF, 0x00, 0xFC, 0x01,
    0xF0, 0x07, 0xFC, 0x7F, 0xFF, 0xFB, 0xFF, 0xEF, 0xFF, 0x1F, 0xF0, 0x01, 0xF8, 0x0F, 0xF0, 0x3F,
    0xE0, 0xFF, 0xC3, 0xFF, 0x0F, 0xC0, 0x1F, 0x00, 0x7F, 0xF0, 0xFF, 0xF9, 0xFF, 0xFB, 0xFF, 0xF7,
    0xC7, 0xFF, 0x83, 0xFF, 0x07, 0xFE, 0x1F, 0xFF, 0x7E, 0x7F, 0xFC, 0xFF, 0xF0, 0xFF, 0xC0, 0x7F,
    0x00, 0xFF, 0xFF, 0xFF, 0xFF, 0xFF, 0xFF, 0xFF, 0xE0, 0x0F, 0xC0, 0x1F, 0x00, 0x7C, 0x01, 0xF8,
    0x03, 0xE0, 0x07, 0xC0, 0x1F, 0x00, 0x3E, 0x00, 0xFC, 0x01, 0xF0, 0x03, 0xE0, 0x07, 0xC0, 0x1F,
    0x00, 0x3E, 0x00, 0x7C, 0x00, 0xF8, 0x00, 0x0F, 0xE0, 0x7F, 0xF1, 0xFF, 0xE3, 0xFF, 0xEF, 0xCF,
    0xDF, 0x0F, 0xBE, 0x1F, 0x3F, 0x7E, 0x7F, 0xF8, 0x7F, 0xE0, 0xFF, 0xE3, 0xFF, 0xEF, 0x8F, 0xDF,
    0x07, 0xFE, 0x0F, 0xFE, 0x7F, 0xFF, 0xFC, 0xFF, 0xF8, 0xFF, 0xE0, 0xFF, 0x00, 0x0F, 0xF0, 0x1F,
    0xF8, 0x3F, 0xFC, 0x7F, 0xFE, 0x7E, 0x7E, 0x7C, 0x3E, 0xFC, 0x3E, 0xFC, 0x3F, 0x7E, 0x3F, 0x7F,
    0xFF, 0x7F, 0xFE, 0x3F, 0xFE, 0x0F, 0xFE, 0x00, 0x3E, 0x00, 0xFC, 0x07, 0xFC, 0x3F, 0xF8, 0x3F,
    0xF0, 0x3F, 0xE0, 0x3F, 0x80, 0x7C, 0xF9, 0xFB, 0xE7, 0xC0, 0x00, 0x00, 0x00, 0x01, 0xF3, 0xE7,
    0xEF, 0x9F, 0x00, 0x7C, 0xF9, 0xFB, 0xE7, 0xC0, 0x00, 0x00, 0x00, 0x00, 0x03, 0xF7, 0xEF, 0x9F,
    0x3E, 0x7C, 0xF3, 0xE3, 0xC0, 0x00, 0x18, 0x01, 0xF8, 0x0F, 0xF0, 0xFF, 0xE7, 0xFF, 0x9F, 0xFC,
    0x3F, 0xC0, 0x7E, 0x00, 0xFF, 0x01, 0xFF, 0xC1, 0xFF, 0xE0, 0xFF, 0xE0, 0x3F, 0xC0, 0x1F, 0x80,
    0x06, 0x00, 0xFF, 0xFD, 0xFF, 0xFB, 0xFF, 0xF7, 0xFF, 0xE0, 0x00, 0x00, 0x00, 0x00, 0x00, 0x7F,
    0xFE, 0xFF, 0xFD, 0xFF, 0xFB, 0xFF, 0xF0, 0x70, 0x00, 0xF8, 0x03, 0xFE, 0x07, 0xFF, 0x07, 0xFF,
    0xC1, 0xFF, 0x80, 0xFF, 0x00, 0x7E, 0x03, 0xFC, 0x1F, 0xF9, 0xFF, 0xF7, 0xFF, 0x0F, 0xF8, 0x0F,
    0x80, 0x1C, 0x00, 0x00, 0x3F, 0xC7, 0xFF, 0x1F, 0xFC, 0xFF, 0xE7, 0xBF, 0x80, 0xFC, 0x03, 0xE0,
    0x3F, 0x01, 0xF0, 0x1F, 0x81, 0xF8, 0x1F, 0xC0, 0xFC, 0x07, 0xC0, 0x7C, 0x03, 0xE0, 0x1F, 0x00,
    0x00, 0x03, 0xC0, 0x3F, 0x01, 0xF8, 0x0F, 0xC0, 0x3C, 0x00, 0x00, 0xFF, 0xE0, 0x00, 0xFF, 0xFE,
    0x00, 0x7F, 0xFF, 0xC0, 0x3F, 0xC7, 0xF8, 0x1F, 0x80, 0x3F, 0x0F, 0x80, 0x03, 0xE3, 0xC3, 0xFE,
    0x79, 0xF3, 0xFF, 0x9F, 0x78, 0xFF, 0xE3, 0xFE, 0x7E, 0x78, 0xFF, 0x9E, 0x1E, 0x3F, 0xCF, 0x87,
    0x8F, 0xF3, 0xE1, 0xE3, 0xFC, 0xF8, 0x78, 0xFF, 0x3E, 0x1E, 0x3F, 0xCF, 0x87, 0x8F, 0xF9, 0xF9,
    0xE7, 0x9E, 0x7F, 0xFF, 0xE7, 0x8F, 0xFF, 0xF1, 0xF1, 0xFF, 0xF8, 0x3E, 0x00, 0x00, 0x07, 0xE0,
    0x00, 0x01, 0xFF, 0x0E, 0x00, 0x3F, 0xFF, 0x80, 0x03, 0xFF, 0xE0, 0x00, 0x3F, 0xF8, 0x00, 0x00,
    0xF8, 0x00, 0x0F, 0xE0, 0x00, 0x7F, 0x00, 0x07, 0xFC, 0x00, 0x3F, 0xE0, 0x03, 0xFF, 0x00, 0x1F,
    0x7C, 0x00, 0xFB, 0xE0, 0x0F, 0x8F, 0x80, 0x7C, 0x7C, 0x07, 0xC3, 0xF0, 0x3E, 0x0F, 0x81, 0xFF,
    0xFC, 0x1F, 0xFF, 0xF0, 0xFF, 0xFF, 0x87, 0xFF, 0xFC, 0x7E, 0x03, 0xF3, 0xE0, 0x0F, 0xBF, 0x00,
    0x7D, 0xF8, 0x03, 0xF0, 0xFF, 0xF0, 0x7F, 0xFE, 0x3F, 0xFF, 0x9F, 0xFF, 0xCF, 0x87, 0xF7, 0xC1,
    0xFB, 0xE1, 0xF9, 0xFF, 0xFC, 0xFF, 0xFC, 0x7F, 0xFF, 0x3F, 0xFF, 0xDF, 0x0F, 0xEF, 0x81, 0xF7,
    0xC0, 0xFF, 0xE0, 0x7D, 0xF0, 0xFE, 0xFF, 0xFF, 0x7F, 0xFF, 0x3F, 0xFF, 0x1F, 0xFE, 0x00, 0x03,
    0xFF, 0x03, 0xFF, 0xE1, 0xFF, 0xF8, 0xFF, 0xFE, 0x3F, 0x8F, 0x1F, 0x80, 0x07, 0xC0, 0x03, 0xF0,
    0x00, 0xFC, 0x00, 0x3F, 0x00, 0x0F, 0xC0, 0x03, 0xF0, 0x00, 0xFC, 0x00, 0x1F, 0x00, 0x07, 0xE0,
    0x01, 0xFF, 0x1E, 0x3F, 0xFF, 0x87, 0xFF, 0xE0, 0xFF, 0xF8, 0x0F, 0xFC, 0xFF, 0xF0, 0x3F, 0xFF,
    0x0F, 0xFF, 0xE3, 0xFF, 0xFC, 0xF8, 0xFF, 0xBE, 0x07, 0xEF, 0x80, 0xFF, 0xE0, 0x3F, 0xF8, 0x07,
    0xFE, 0x01, 0xFF, 0x80, 0x7F, 0xE0, 0x1F, 0xF8, 0x0F, 0xFE, 0x03, 0xFF, 0x81, 0xFB, 0xE3, 0xFE,
    0xFF, 0xFF, 0x3F, 0xFF, 0x8F, 0xFF, 0xC3, 0xFF, 0xC0, 0xFF, 0xFD, 0xFF, 0xFB, 0xFF, 0xF7, 0xFF,
    0xEF, 0x80, 0x1F, 0x00, 0x3E, 0x00, 0x7F, 0xFC, 0xFF, 0xF9, 0xFF, 0xF3, 0xFF, 0xE7, 0xC0, 0x0F,
    0x80, 0x1F, 0x00, 0x3E, 0x00, 0x7C, 0x00, 0xFF, 0xFF, 0xFF, 0xFF, 0xFF, 0xFF, 0xFF, 0xF0, 0xFF,
    0xFF, 0xFF, 0xFF, 0xFF, 0xFF, 0xFF, 0xF8, 0x03, 0xE0, 0x0F, 0x80, 0x3E, 0x00, 0xFF, 0xFB, 0xFF,
    0xEF, 0xFF, 0xBF, 0xFE, 0xF8, 0x03, 0xE0, 0x0F, 0x80, 0x3E, 0x00, 0xF8, 0x03, 0xE0, 0x0F, 0x80,
    0x3E, 0x00, 0x03, 0xFF, 0x03, 0xFF, 0xE1, 0xFF, 0xF8, 0xFF, 0xFE, 0x3F, 0xC7, 0x9F, 0x80, 0x07,
    0xC0, 0x03, 0xF0, 0x00, 0xFC, 0x00, 0x3F, 0x01, 0xFF, 0xC0, 0x7F, 0xF0, 0x1F, 0xFC, 0x07, 0xDF,
    0x01, 0xF7, 0xE0, 0x7D, 0xFE, 0x3F, 0x3F, 0xFF, 0xC7, 0xFF, 0xF0, 0xFF, 0xFC, 0x0F, 0xFE, 0xF8,
    0x0F, 0xFC, 0x07, 0xFE, 0x03, 0xFF, 0x01, 0xFF, 0x80, 0xFF, 0xC0, 0x7F, 0xE0, 0x3F, 0xF0, 0x1F,
    0xFF, 0xFF, 0xFF, 0xFF, 0xFF, 0xFF, 0xFF, 0xFF, 0xFF, 0x80, 0xFF, 0xC0, 0x7F, 0xE0, 0x3F, 0xF0,
    0x1F, 0xF8, 0x0F, 0xFC, 0x07, 0xFE, 0x03, 0xFF, 0x01, 0xF0, 0xFF, 0xFF, 0xFF, 0xFF, 0xFF, 0xFF,
    0xFF, 0xFF, 0xFF, 0xFF, 0xFF, 0xFF, 0xF0, 0x00, 0xFC, 0x03, 0xF0, 0x0F, 0xC0, 0x3F, 0x00, 0xFC,
    0x03, 0xF0, 0x0F, 0xC0, 0x3F, 0x00, 0xFC, 0x03, 0xF0, 0x0F, 0xC0, 0x3F, 0x00, 0xFC, 0x03, 0xF0,
    0x0F, 0xDE, 0x7E, 0x7F, 0xFB, 0xFF, 0xEF, 0xFF, 0x0F, 0xF0, 0xF8, 0x1F, 0xBE, 0x0F, 0xCF, 0x87,
    0xE3, 0xE3, 0xF0, 0xF9, 0xFC, 0x3E, 0xFE, 0x0F, 0xFF, 0x03, 0xFF, 0x80, 0xFF, 0xC0, 0x3F, 0xE0,
    0x0F, 0xFC, 0x03, 0xFF, 0x80, 0xFB, 0xF0, 0x3E, 0x7E, 0x0F, 0x9F, 0xC3, 0xE3, 0xF8, 0xF8, 0x7E,
    0x3E, 0x0F, 0xCF, 0x81, 0xFB, 0xE0, 0x7F, 0xF8, 0x03, 0xE0, 0x0F, 0x80, 0x3E, 0x00, 0xF8, 0x03,
    0xE0, 0x0F, 0x80, 0x3E, 0x00, 0xF8, 0x03, 0xE0, 0x0F, 0x80, 0x3E, 0x00, 0xF8, 0x03, 0xE0, 0x0F,
    0x80, 0x3E, 0x00, 0xFF, 0xFF, 0xFF, 0xFF, 0xFF, 0xFF, 0xFF, 0x3E, 0x00, 0x7C, 0x3F, 0x00, 0xFC,
    0x3F, 0x00, 0xFC, 0x3F, 0x81, 0xFC, 0x7F, 0x81, 0xFE, 0x7F, 0xC3, 0xFE, 0x7F, 0xC3, 0xFE, 0x7F,
    0xE7, 0xFE, 0x7F, 0xE7, 0xFE, 0x7D, 0xFF, 0xBE, 0x7D, 0xFF, 0xBE, 0x7C, 0xFF, 0x3E, 0x7C, 0xFF,
    0x3E, 0x7C, 0xFF, 0x3E, 0x7C, 0x7E, 0x3E, 0x7C, 0x7E, 0x3E, 0x7C, 0x3C, 0x3E, 0xFC, 0x00, 0x3F,
    0xFC, 0x00, 0x3F, 0xFC, 0x00, 0x3F, 0xF8, 0x07, 0xFF, 0x01, 0xFF, 0xE0, 0x7F, 0xFC, 0x1F, 0xFF,
    0x07, 0xFF, 0xE1, 0xFF, 0xFC, 0x7F, 0xFF, 0x9F, 0xFB, 0xE7, 0xFE, 0xFD, 0xFF, 0x9F, 0xFF, 0xE3,
    0xFF, 0xF8, 0x7F, 0xFE, 0x1F, 0xFF, 0x83, 0xFF, 0xE0, 0x7F, 0xF8, 0x1F, 0xFE, 0x03, 0xFF, 0x80,
    0x7F, 0xE0, 0x1F, 0x03, 0xFE, 0x00, 0x7F, 0xFC, 0x07, 0xFF, 0xF0, 0x7F, 0xFF, 0xC3, 0xF8, 0xFE,
    0x3F, 0x01, 0xF9, 0xF0, 0x07, 0xDF, 0x80, 0x3F, 0xFC, 0x01, 0xFF, 0xE0, 0x0F, 0xFF, 0x00, 0x7F,
    0xF8, 0x03, 0xFF, 0xC0, 0x1F, 0xBE, 0x00, 0xF9, 0xF8, 0x0F, 0xCF, 0xF1, 0xFC, 0x3F, 0xFF, 0xE0,
    0xFF, 0xFE, 0x03, 0xFF, 0xE0, 0x07, 0xFC, 0x00, 0xFF, 0xF0, 0xFF, 0xFC, 0xFF, 0xFE, 0xFF, 0xFE,
    0xF8, 0xFF, 0xF8, 0x3F, 0xF8, 0x1F, 0xF8, 0x3F, 0xF8, 0xFF, 0xFF, 0xFE, 0xFF, 0xFE, 0xFF, 0xFC,
    0xFF, 0xF0, 0xF8, 0x00, 0xF8, 0x00, 0xF8, 0x00, 0xF8, 0x00, 0xF8, 0x00, 0xF8, 0x00, 0xF8, 0x00,
    0x03, 0xFE, 0x00, 0x7F, 0xFC, 0x07, 0xFF, 0xF0, 0x7F, 0xFF, 0xC3, 0xF8, 0xFE, 0x3F, 0x01, 0xF9,
    0xF0, 0x07, 0xDF, 0x80, 0x3F, 0xFC, 0x01, 0xFF, 0xE0, 0x0F, 0xFF, 0x00, 0x7F, 0xF8, 0x03, 0xFF,
    0xC0, 0x1F, 0xBE, 0x00, 0xF9, 0xF8, 0x0F, 0xCF, 0xF1, 0xFE, 0x3F, 0xFF, 0xE0, 0xFF, 0xFE, 0x03,
    0xFF, 0xE0, 0x07, 0xFC, 0x00, 0x07, 0xC0, 0x00, 0x3F, 0xE0, 0x00, 0xFF, 0x80, 0x03, 0xFC, 0x00,
    0x07, 0xE0, 0xFF, 0xF0, 0x7F, 0xFE, 0x3F, 0xFF, 0x9F, 0xFF, 0xCF, 0x8F, 0xF7, 0xC1, 0xFB, 0xE0,
    0xFD, 0xF0, 0x7E, 0xF8, 0xFF, 0x7F, 0xFF, 0x3F, 0xFF, 0x9F, 0xFF, 0x8F, 0xFF, 0x87, 0xCF, 0xC3,
    0xE3, 0xF1, 0xF1, 0xFC, 0xF8, 0x7E, 0x7C, 0x1F, 0xBE, 0x0F, 0xDF, 0x03, 0xF0, 0x0F, 0xF8, 0x7F,
    0xF9, 0xFF, 0xF3, 0xFF, 0xCF, 0xE3, 0x9F, 0x00, 0x3F, 0x00, 0x7F, 0x80, 0x7F, 0xE0, 0x7F, 0xF0,
    0x7F, 0xF0, 0x3F, 0xE0, 0x0F, 0xE0, 0x0F, 0xC0, 0x0F, 0xBC, 0x7F, 0xFF, 0xFF, 0xFF, 0xFB, 0xFF,
    0xE1, 0xFF, 0x80, 0xFF, 0xFF, 0xFF, 0xFF, 0xFF, 0xFF, 0xFF, 0xFF, 0xFF, 0x03, 0xF0, 0x00, 0xFC,
    0x00, 0x3F, 0x00, 0x0F, 0xC0, 0x03, 0xF0, 0x00, 0xFC, 0x00, 0x3F, 0x00, 0x0F, 0xC0, 0x03, 0xF0,
    0x00, 0xFC, 0x00, 0x3F, 0x00, 0x0F, 0xC0, 0x03, 0xF0, 0x00, 0xFC, 0x00, 0x3F, 0x00, 0x0F, 0xC0,
    0xF8, 0x0F, 0xFC, 0x07, 0xFE, 0x03, 0xFF, 0x01, 0xFF, 0x80, 0xFF, 0xC0, 0x7F, 0xE0, 0x3F, 0xF0,
    0x1F, 0xF8, 0x0F, 0xFC, 0x07, 0xFE, 0x03, 0xFF, 0x01, 0xFF, 0x80, 0xFF, 0xC0, 0xFF, 0xF0, 0x7F,
    0xFC, 0xFE, 0x7F, 0xFF, 0x3F, 0xFF, 0x0F, 0xFF, 0x01, 0xFF, 0x00, 0xFC, 0x01, 0xFF, 0xE0, 0x0F,
    0x9F, 0x80, 0x7C, 0xFC, 0x07, 0xE3, 0xE0, 0x3E, 0x1F, 0x81, 0xF0, 0xFC, 0x1F, 0x83, 0xE0, 0xF8,
    0x1F, 0x8F, 0xC0, 0xFC, 0x7C, 0x03, 0xE3, 0xE0, 0x1F, 0xBF, 0x00, 0x7D, 0xF0, 0x03, 0xFF, 0x80,
    0x1F, 0xF8, 0x00, 0x7F, 0xC0, 0x03, 0xFE, 0x00, 0x0F, 0xE0, 0x00, 0x7F, 0x00, 0x01, 0xF0, 0x00,
    0xFC, 0x00, 0x03, 0xEF, 0x80, 0x00, 0x7D, 0xF0, 0x7C, 0x1F, 0xBE, 0x0F, 0xC3, 0xF7, 0xE1, 0xF8,
    0x7C, 0xFC, 0x3F, 0x0F, 0x8F, 0x8F, 0xE1, 0xF1, 0xF1, 0xFE, 0x7E, 0x3E, 0x3F, 0xCF, 0x87, 0xEF,
    0xF9, 0xF0, 0x7D, 0xEF, 0xBE, 0x0F, 0xBD, 0xF7, 0xC1, 0xFF, 0x9F, 0xF0, 0x3F, 0xE3, 0xFE, 0x03,
    0xFC, 0x7F, 0xC0, 0x7F, 0x87, 0xF0, 0x0F, 0xE0, 0xFE, 0x00, 0xFC, 0x1F, 0xC0, 0x1F, 0x81, 0xF8,
    0x03, 0xE0, 0x3E, 0x00, 0xFE, 0x07, 0xE7, 0xE0, 0xFC, 0x3F, 0x0F, 0xC3, 0xF9, 0xF8, 0x1F, 0xBF,
    0x00, 0xFF, 0xF0, 0x0F, 0xFE, 0x00, 0x7F, 0xC0, 0x03, 0xFC, 0x00, 0x3F, 0x80, 0x03, 0xF8, 0x00,
    0x3F, 0xC0, 0x07, 0xFE, 0x00, 0xFF, 0xF0, 0x1F, 0xFF, 0x01, 0xF9, 0xF8, 0x3F, 0x1F, 0xC7, 0xE0,
    0xFC, 0x7E, 0x07, 0xEF, 0xC0, 0x7E, 0xFC, 0x07, 0xE7, 0xE0, 0x7E, 0x7E, 0x0F, 0xC3, 0xF0, 0xFC,
    0x3F, 0x1F, 0x81, 0xF9, 0xF0, 0x1F, 0xBF, 0x00, 0xFF, 0xE0, 0x07, 0xFE, 0x00, 0x7F, 0xC0, 0x03,
    0xF8, 0x00, 0x3F, 0x80, 0x01, 0xF0, 0x00, 0x1F, 0x00, 0x01, 0xF0, 0x00, 0x1F, 0x00, 0x01, 0xF0,
    0x00, 0x1F, 0x00, 0x01, 0xF0, 0x00, 0x1F, 0x00, 0xFF, 0xFF, 0xFF, 0xFF, 0xFF, 0xFF, 0xFF, 0xFF,
    0x00, 0x7E, 0x00, 0xFC, 0x01, 0xF8, 0x03, 0xF0, 0x07, 0xE0, 0x07, 0xE0, 0x0F, 0xC0, 0x1F, 0x80,
    0x1F, 0x00, 0x3F, 0x00, 0x7E, 0x00, 0x7C, 0x00, 0xFF, 0xFF, 0xFF, 0xFF, 0xFF, 0xFF, 0xFF, 0xFF,
    0xFF, 0xFF, 0xFF, 0xFF, 0xFF, 0x87, 0xC3, 0xE1, 0xF0, 0xF8, 0x7C, 0x3E, 0x1F, 0x0F, 0x87, 0xC3,
    0xE1, 0xF0, 0xF8, 0x7C, 0x3E, 0x1F, 0x0F, 0x87, 0xC3, 0xE1, 0xF0, 0xFF, 0xFF, 0xFF, 0xFF, 0xF0,
    0xF8, 0x01, 0xF8, 0x01, 0xF0, 0x03, 0xE0, 0x07, 0xE0, 0x07, 0xC0, 0x0F, 0x80, 0x1F, 0x80, 0x1F,
    0x00, 0x3E, 0x00, 0x3E, 0x00, 0x7C, 0x00, 0xF8, 0x00, 0xF8, 0x01, 0xF0, 0x03, 0xE0, 0x03, 0xE0,
    0x07, 0xC0, 0x0F, 0x80, 0x0F, 0x80, 0x1F, 0x00, 0x3F, 0x00, 0x3E, 0x00, 0x7C, 0x00, 0xFC, 0x00,
    0xF8, 0x01, 0xF0, 0x03, 0xF0, 0xFF, 0xFF, 0xFF, 0xFF, 0xF0, 0xF8, 0x7C, 0x3E, 0x1F, 0x0F, 0x87,
    0xC3, 0xE1, 0xF0, 0xF8, 0x7C, 0x3E, 0x1F, 0x0F, 0x87, 0xC3, 0xE1, 0xF0, 0xF8, 0x7C, 0x3E, 0x1F,
    0xFF, 0xFF, 0xFF, 0xFF, 0xF0, 0x03, 0xE0, 0x07, 0xE0, 0x07, 0xF0, 0x0F, 0xF0, 0x1F, 0xF8, 0x1F,
    0xFC, 0x3F, 0x7C, 0x3E, 0x7E, 0x7E, 0x3E, 0x7C, 0x3F, 0xF8, 0x1F, 0x38, 0x0C, 0xFF, 0xFF, 0xFF,
    0xFF, 0xFF, 0xFF, 0xFF, 0xF0, 0x30, 0x78, 0x7C, 0x3E, 0x1E, 0x0C, 0x7F, 0xE1, 0xFF, 0xC7, 0xFF,
    0x9F, 0xFE, 0x31, 0xF8, 0x01, 0xF3, 0xFF, 0xDF, 0xFF, 0xFF, 0xFF, 0xF1, 0xFF, 0x87, 0xFF, 0xFF,
    0xFF, 0xFD, 0xFF, 0xF3, 0xFF, 0x80, 0xF8, 0x01, 0xF0, 0x03, 0xE0, 0x07, 0xC0, 0x0F, 0x80, 0x1F,
    0x00, 0x3E, 0x00, 0x7C, 0x00, 0xFF, 0xE1, 0xFF, 0xE3, 0xFF, 0xE7, 0xFF, 0xEF, 0xDF, 0xDF, 0x0F,
    0xBE, 0x1F, 0xFC, 0x3F, 0xF8, 0x7F, 0xF0, 0xFB, 0xE7, 0xF7, 0xFF, 0xEF, 0xFF, 0x9F, 0xFE, 0x3F,
    0xF0, 0x00, 0x0F, 0xF0, 0xFF, 0xCF, 0xFC, 0xFF, 0xE7, 0xF3, 0x7E, 0x03, 0xE0, 0x1F, 0x00, 0xF8,
    0x07, 0xE0, 0x3F, 0x8C, 0xFF, 0xF7, 0xFF, 0x9F, 0xFC, 0x3F, 0xE0, 0x00, 0x3E, 0x00, 0x7C, 0x00,
    0xF8, 0x01, 0xF0, 0x03, 0xE0, 0x07, 0xC0, 0x0F, 0x80, 0x1F, 0x0F, 0xFE, 0x7F, 0xFD, 0xFF, 0xFB,
    0xFF, 0xFF, 0xE7, 0xFF, 0x87, 0xFE, 0x0F, 0xFC, 0x1F, 0xF8, 0x3F, 0xF8, 0x7F, 0xF8, 0xFB, 0xFF,
    0xF3, 0xFF, 0xE7, 0xFF, 0xC3, 0xFF, 0x00, 0x0F, 0xE0, 0x3F, 0xF0, 0xFF, 0xF3, 0xFF, 0xE7, 0xEF,
    0xFF, 0x07, 0xFF, 0xFF, 0xFF, 0xFF, 0xFF, 0xFF, 0xF0, 0x03, 0xF8, 0xF3, 0xFF, 0xE3, 0xFF, 0xC7,
    0xFF, 0x83, 0xFF, 0x00, 0x1F, 0xEF, 0xFD, 0xFF, 0x7F, 0xEF, 0xCD, 0xF0, 0x3E, 0x07, 0xC0, 0xFF,
    0xDF, 0xFB, 0xFF, 0x7F, 0xEF, 0x81, 0xF0, 0x3E, 0x07, 0xC0, 0xF8, 0x1F, 0x03, 0xE0, 0x7C, 0x0F,
    0x81, 0xF0, 0x3E, 0x00, 0x0F, 0xFC, 0x7F, 0xFD, 0xFF, 0xFB, 0xFF, 0xFF, 0xE7, 0xFF, 0x0F, 0xFE,
    0x1F, 0xFC, 0x3F, 0xFE, 0x7F, 0xFF, 0xFD, 0xFF, 0xF9, 0xFF, 0xF1, 0xFF, 0xE0, 0x0F, 0xC0, 0x1F,
    0x3C, 0x7E, 0x7F, 0xFC, 0xFF, 0xF1, 0xFF, 0xE3, 0xFF, 0x00, 0xF8, 0x03, 0xE0, 0x0F, 0x80, 0x3E,
    0x00, 0xF8, 0x03, 0xE0, 0x0F, 0x80, 0x3E, 0x00, 0xFF, 0xE3, 0xFF, 0xCF, 0xFF, 0xBF, 0xFE, 0xF9,
    0xFB, 0xE3, 0xFF, 0x8F, 0xFE, 0x3F, 0xF8, 0xFF, 0xE3, 0xFF, 0x8F, 0xFE, 0x3F, 0xF8, 0xFF, 0xE3,
    0xFF, 0x8F, 0xC0, 0x7B, 0xFF, 0xFF, 0x78, 0x00, 0x00, 0x7D, 0xF7, 0xDF, 0x7D, 0xF7, 0xDF, 0x7D,
    0xF7, 0xDF, 0x7D, 0xF7, 0xC0, 0x07, 0x83, 0xF0, 0xFC, 0x3F, 0x07, 0x80, 0x00, 0x00, 0x00, 0x07,
    0xC1, 0xF0, 0x7C, 0x1F, 0x07, 0xC1, 0xF0, 0x7C, 0x1F, 0x07, 0xC1, 0xF0, 0x7C, 0x1F, 0x07, 0xC1,
    0xF0, 0x7C, 0x3F, 0x7F, 0x9F, 0xE7, 0xF1, 0xF8, 0xF8, 0x01, 0xF0, 0x03, 0xE0, 0x07, 0xC0, 0x0F,
    0x80, 0x1F, 0x00, 0x3E, 0x00, 0x7C, 0x00, 0xF8, 0xFD, 0xF3, 0xF3, 0xEF, 0xC7, 0xFF, 0x8F, 0xFE,
    0x1F, 0xF8, 0x3F, 0xE0, 0x7F, 0xE0, 0xFF, 0xC1, 0xFF, 0xC3, 0xEF, 0xC7, 0xCF, 0xCF, 0x8F, 0x9F,
    0x1F, 0xBE, 0x1F, 0x80, 0xF9, 0xF3, 0xE7, 0xCF, 0x9F, 0x3E, 0x7C, 0xF9, 0xF3, 0xE7, 0xCF, 0x9F,
    0x3E, 0x7C, 0xF9, 0xF3, 0xF7, 0xFF, 0xEF, 0xCF, 0x80, 0xFF, 0xCF, 0xE3, 0xFF, 0xFF, 0xCF, 0xFF,
    0xFF, 0xBF, 0xFF, 0xFE, 0xF9, 0xFD, 0xFB, 0xE3, 0xE3, 0xEF, 0x8F, 0x8F, 0xBE, 0x3E, 0x3E, 0xF8,
    0xF8, 0xFB, 0xE3, 0xE3, 0xEF, 0x8F, 0x8F, 0xBE, 0x3E, 0x3E, 0xF8, 0xF8, 0xFB, 0xE3, 0xE3, 0xEF,
    0x8F, 0x8F, 0x80, 0xFF, 0xE3, 0xFF, 0xCF, 0xFF, 0xBF, 0xFE, 0xF9, 0xFB, 0xE3, 0xFF, 0x8F, 0xFE,
    0x3F, 0xF8, 0xFF, 0xE3, 0xFF, 0x8F, 0xFE, 0x3F, 0xF8, 0xFF, 0xE3, 0xFF, 0x8F, 0xC0, 0x0F, 0xF0,
    0x1F, 0xF8, 0x3F, 0xFC, 0x7F, 0xFE, 0xFE, 0xFE, 0xFC, 0x3E, 0xF8, 0x3F, 0xF8, 0x3F, 0xF8, 0x3F,
    0xFC, 0x3E, 0xFE, 0x7E, 0x7F, 0xFE, 0x3F, 0xFC, 0x1F, 0xF8, 0x0F, 0xF0, 0xFF, 0xC1, 0xFF, 0xE3,
    0xFF, 0xE7, 0xFF, 0xEF, 0x9F, 0xDF, 0x0F, 0xBE, 0x1F, 0xFC, 0x3F, 0xF8, 0x7F, 0xF0, 0xFB, 0xF3,
    0xF7, 0xFF, 0xEF, 0xFF, 0x9F, 0xFE, 0x3F, 0xF8, 0x7C, 0x00, 0xF8, 0x01, 0xF0, 0x03, 0xE0, 0x07,
    0xC0, 0x00, 0x0F, 0xFC, 0x3F, 0xFC, 0xFF, 0xFB, 0xFF, 0xFF, 0xF3, 0xFF, 0x87, 0xFE, 0x0F, 0xFC,
    0x1F, 0xF8, 0x3F, 0xF8, 0x7F, 0xF9, 0xFB, 0xFF, 0xF7, 0xFF, 0xE7, 0xFF, 0xC7, 0xFF, 0x80, 0x1F,
    0x00, 0x3E, 0x00, 0x7C, 0x00, 0xF8, 0x01, 0xF0, 0x7F, 0xFF, 0xFF, 0xFF, 0xFF, 0xF9, 0xBE, 0x0F,
    0x83, 0xE0, 0xF8, 0x3E, 0x0F, 0x83, 0xE0, 0xF8, 0x3E, 0x0F, 0x80, 0x1F, 0xE7, 0xFE, 0x7F, 0xEF,
    0xCE, 0xFC, 0x0F, 0xF8, 0x7F, 0xE3, 0xFF, 0x0F, 0xF0, 0x1F, 0xF1, 0xFF, 0xFF, 0xFF, 0xFF, 0xFE,
    0xFF, 0xC0, 0x7C, 0x0F, 0x81, 0xF0, 0x3E, 0x07, 0xC0, 0xFF, 0xDF, 0xFB, 0xFF, 0x7F, 0xEF, 0x81,
    0xF0, 0x3E, 0x07, 0xC0, 0xF8, 0x1F, 0x03, 0xF3, 0x7F, 0xEF, 0xFC, 0xFF, 0x8F, 0xF0, 0x7C, 0x7C,
    0xF8, 0xF9, 0xF1, 0xF3, 0xE3, 0xE7, 0xC7, 0xCF, 0x8F, 0x9F, 0x1F, 0x3E, 0x3E, 0x7C, 0x7C, 0xF8,
    0xF9, 0xF9, 0xF3, 0xFF, 0xE7, 0xFF, 0xC7, 0xFF, 0x83, 0xFF, 0x00, 0xF8, 0x1F, 0xFC, 0x3F, 0x7C,
    0x3E, 0x7C, 0x3E, 0x7E, 0x7E, 0x3E, 0x7C, 0x3E, 0x7C, 0x3F, 0x78, 0x1F, 0xF8, 0x1F, 0xF8, 0x0F,
    0xF0, 0x0F, 0xF0, 0x07, 0xE0, 0x07, 0xE0, 0x03, 0xC0, 0xF8, 0x78, 0x7F, 0xF8, 0xF8, 0xF9, 0xF1,
    0xF1, 0xF3, 0xE3, 0xE3, 0xE7, 0xCF, 0xC7, 0x87, 0x9F, 0xDF, 0x0F, 0xBF, 0xBE, 0x1F, 0x7F, 0x7C,
    0x1F, 0xEF, 0xF0, 0x3F, 0xDF, 0xE0, 0x7F, 0xBF, 0x80, 0x7E, 0x7F, 0x00, 0xFC, 0x7E, 0x01, 0xF8,
    0xF8, 0x01, 0xE1, 0xF0, 0x00, 0xFC, 0x3F, 0x7E, 0x3E, 0x3E, 0x7C, 0x1F, 0xF8, 0x1F, 0xF8, 0x0F,
    0xF0, 0x07, 0xE0, 0x07, 0xE0, 0x0F, 0xF0, 0x0F, 0xF0, 0x1F, 0xF8, 0x3E, 0xFC, 0x7E, 0x7E, 0x7C,
    0x3E, 0xF8, 0x3F, 0xF8, 0x1F, 0xFC, 0x3E, 0x7C, 0x3E, 0x7C, 0x3E, 0x7E, 0x7C, 0x3E, 0x7C, 0x3E,
    0x7C, 0x1F, 0xF8, 0x1F, 0xF8, 0x1F, 0xF8, 0x0F, 0xF0, 0x0F, 0xF0, 0x07, 0xE0, 0x07, 0xE0, 0x07,
    0xE0, 0x4F, 0xC0, 0xFF, 0xC0, 0xFF, 0x80, 0xFF, 0x00, 0xFE, 0x00, 0xFF, 0xFF, 0xFF, 0xFF, 0xFF,
    0xFF, 0xF0, 0x3F, 0x03, 0xF0, 0x3F, 0x03, 0xF0, 0x3F, 0x03, 0xF0, 0x1F, 0x01, 0xFF, 0xFF, 0xFF,
    0xFF, 0xFF, 0xFF, 0xE0, 0x0F, 0xC7, 0xF1, 0xFC, 0xFF, 0x3F, 0x0F, 0x83, 0xE0, 0xF8, 0x3E, 0x0F,
    0x83, 0xE1, 0xF8, 0xFC, 0x3F, 0x0F, 0xC3, 0xF0, 0x7E, 0x0F, 0x83, 0xE0, 0xF8, 0x3E, 0x0F, 0x83,
    0xE0, 0xFC, 0x3F, 0xC7, 0xF1, 0xFC, 0x3F, 0xFF, 0xFF, 0xFF, 0xFF, 0xFF, 0xFF, 0xFF, 0xFF, 0xFF,
    0xFF, 0xFF, 0xFF, 0xFF, 0xFF, 0xFF, 0xFF, 0xFF, 0xF0, 0xF8, 0x3F, 0x8F, 0xE3, 0xF8, 0x3F, 0x07,
    0xC1, 0xF0, 0x7C, 0x1F, 0x07, 0xC1, 0xF0, 0x7E, 0x1F, 0xC3, 0xF0, 0xFC, 0x7F, 0x1F, 0x87, 0xC1,
    0xF0, 0x7C, 0x1F, 0x07, 0xC1, 0xF0, 0xFC, 0xFE, 0x3F, 0x8F, 0xE3, 0xE0, 0x1F, 0x0F, 0x3F, 0xCF,
    0x7F, 0xFF, 0x7F, 0xFE, 0xFB, 0xFE, 0x70, 0xFC, 0x7B, 0xFF, 0xFF, 0x78, 0x07, 0x9E, 0x79, 0xF7,
    0xDF, 0x7D, 0xFF, 0xFF, 0xFF, 0xFF, 0xFF, 0x07, 0xC0, 0x3E, 0x01, 0xF0, 0x0F, 0x80, 0xFF, 0x0F,
    0xFC, 0xFF, 0xCF, 0xFE, 0xFF, 0x37, 0xE0, 0x3E, 0x01, 0xF0, 0x0F, 0xC0, 0x7F, 0x19, 0xFF, 0xEF,
    0xFF, 0x3F, 0xF8, 0x7F, 0xC1, 0xF0, 0x0F, 0x80, 0x7C, 0x03, 0xE0, 0x03, 0xFC, 0x0F, 0xF8, 0x3F,
    0xF0, 0xFF, 0xE1, 0xF8, 0xC3, 0xE0, 0x07, 0xC0, 0x0F, 0x80, 0xFF, 0xF9, 0xFF, 0xF3, 0xFF, 0xE7,
    0xFF, 0xC1, 0xF0, 0x03, 0xE0, 0x07, 0xC0, 0x0F, 0x00, 0x3F, 0xFE, 0x7F, 0xFC, 0xFF, 0xF9, 0xFF,
    0xF0, 0x00, 0x00, 0x30, 0x0C, 0x78, 0x1E, 0x7F, 0xFF, 0x7F, 0xFE, 0x3F, 0xFC, 0x3F, 0x7C, 0x3C,
    0x3E, 0x3C, 0x3E, 0x3C, 0x3E, 0x3F, 0x7C, 0x3F, 0xFC, 0x7F, 0xFE, 0x7F, 0xFF, 0x78, 0x1E, 0x30,
    0x0C, 0x7C, 0x0F, 0xDF, 0x83, 0xE3, 0xE1, 0xF8, 0xFC, 0x7C, 0x1F, 0x3F, 0x07, 0xEF, 0x80, 0xFF,
    0xE0, 0x3F, 0xF0, 0x07, 0xFC, 0x0F, 0xFF, 0xC3, 0xFF, 0xF0, 0xFF, 0xFC, 0x01, 0xF0, 0x00, 0x7C,
    0x03, 0xFF, 0xF0, 0xFF, 0xFC, 0x3F, 0xFF, 0x00, 0x7C, 0x00, 0x1F, 0x00, 0x07, 0xC0, 0xFF, 0xFF,
    0xFF, 0xFF, 0xFF, 0xFF, 0xFF, 0xF0, 0x00, 0x00, 0xFF, 0xFF, 0xFF, 0xFF, 0xFF, 0xFF, 0xFF, 0xF0,
    0x0F, 0xF8, 0x7F, 0xF3, 0xFF, 0xCF, 0xFE, 0x3E, 0x38, 0xF8, 0x03, 0xF8, 0x0F, 0xF8, 0x3F, 0xF8,
    0xFF, 0xE7, 0xFF, 0xDE, 0x1F, 0x78, 0x7D, 0xF1, 0xF7, 0xFF, 0xCF, 0xFE, 0x1F, 0xF0, 0x3F, 0xE0,
    0x1F, 0xC0, 0x1F, 0x78, 0xFD, 0xFF, 0xF7, 0xFF, 0x9F, 0xFE, 0x3F, 0xE0, 0x71, 0xEF, 0xBE, 0xFB,
    0xE7, 0x1E, 0x03, 0xFE, 0x00, 0x7F, 0xFC, 0x07, 0xFF, 0xF0, 0x7F, 0x1F, 0xC3, 0xE0, 0x1E, 0x3C,
    0x7E, 0x79, 0xEF, 0xFB, 0xDE, 0x7F, 0x8F, 0xF3, 0xCC, 0x7F, 0xBE, 0x03, 0xFD, 0xF0, 0x1F, 0xE7,
    0x98, 0xFF, 0x3F, 0xC7, 0xBD, 0xFF, 0x79, 0xE3, 0xF3, 0xC7, 0xC0, 0x3C, 0x3F, 0x8F, 0xE0, 0xFF,
    0xFE, 0x03, 0xFF, 0xE0, 0x07, 0xFC, 0x00, 0x7F, 0x87, 0xF8, 0xCF, 0x82, 0xF3, 0xFE, 0xFF, 0xFE,
    0x7F, 0x8F, 0xF9, 0xEF, 0xFC, 0xFF, 0x80, 0x04, 0x04, 0x07, 0x87, 0x83, 0xE7, 0xE3, 0xE3, 0xE3,
    0xF3, 0xF1, 0xF3, 0xF1, 0xF9, 0xF1, 0xF9, 0xF8, 0x7E, 0x7C, 0x1F, 0x3F, 0x0F, 0xCF, 0xC3, 0xE3,
    0xE0, 0xF9, 0xF8, 0x78, 0x78, 0x10, 0x10, 0xFF, 0xFD, 0xFF, 0xFB, 0xFF, 0xF7, 0xFF, 0xE0, 0x03,
    0xC0, 0x07, 0x80, 0x0F, 0x00, 0x1E, 0x00, 0x3C, 0x00, 0x78, 0x00, 0xF0, 0xFF, 0xFF, 0xFF, 0xFF,
    0xFF, 0x03, 0xFE, 0x00, 0x7F, 0xFC, 0x07, 0xFF, 0xF0, 0x7F, 0x1F, 0xC3, 0xE0, 0x1E, 0x3C, 0x00,
    0x79, 0xEF, 0xF3, 0xDE, 0x7F, 0xCF, 0xF3, 0xDE, 0x7F, 0x9F, 0xF3, 0xFC, 0xFF, 0x1F, 0xE7, 0xB8,
    0xFF, 0x3D, 0xE7, 0xBD, 0xE7, 0x79, 0xE0, 0x03, 0xC7, 0xC0, 0x3C, 0x3F, 0x8F, 0xE0, 0xFF, 0xFE,
    0x03, 0xFF, 0xE0, 0x07, 0xFC, 0x00, 0xFF, 0xFF, 0xFF, 0xFF, 0x80, 0x3F, 0x1F, 0xE7, 0xFF, 0xEF,
    0xF3, 0xFE, 0xF7, 0xFD, 0xFE, 0x3F, 0x00, 0x07, 0xC0, 0x0F, 0x80, 0x1F, 0x00, 0x3E, 0x00, 0x7C,
    0x1F, 0xFF, 0xBF, 0xFF, 0x7F, 0xFE, 0xFF, 0xFC, 0x0F, 0x80, 0x1F, 0x00, 0x3E, 0x00, 0x7C, 0x00,
    0xF8, 0x00, 0x00, 0x7F, 0xFE, 0xFF, 0xFD, 0xFF, 0xFB, 0xFF, 0xF0, 0x3F, 0x3F, 0xE7, 0x78, 0x1E,
    0x0F, 0x87, 0xC3, 0xE1, 0xF0, 0x7F, 0xDF, 0xF7, 0xFC, 0x7F, 0x1F, 0xE7, 0x78, 0x1E, 0x07, 0x87,
    0xE1, 0xF8, 0x1F, 0x03, 0xD9, 0xEF, 0xFB, 0xFC, 0x0C, 0x1E, 0x3E, 0x7C, 0x78, 0x30, 0xF8, 0xFF,
    0xE3, 0xFF, 0x8F, 0xFE, 0x3F, 0xF8, 0xFF, 0xE3, 0xFF, 0x8F, 0xFE, 0x3F, 0xF8, 0xFF, 0xE3, 0xFF,
    0xCF, 0xFF, 0xFF, 0xFF, 0xFF, 0xFF, 0xFF, 0xFF, 0xBE, 0x00, 0xF8, 0x03, 0xE0, 0x0F, 0x80, 0x3E,
    0x00, 0x01, 0xFC, 0x07, 0xFF, 0xF3, 0xFF, 0xFD, 0xFF, 0xFF, 0xFF, 0xFF, 0xFF, 0xF9, 0xFF, 0xFE,
    0x7F, 0xFF, 0x9F, 0xFF, 0xE7, 0xFF, 0xF9, 0xF7, 0xFE, 0x7D, 0xFF, 0x9F, 0x3F, 0xE7, 0xC1, 0xF9,
    0xF0, 0x3E, 0x7C, 0x0F, 0x9F, 0x03, 0xE7, 0xC0, 0xF9, 0xF0, 0x3E, 0x7C, 0x0F, 0x9F, 0x03, 0xE7,
    0xC0, 0xF9, 0xF0, 0x3E, 0x7C, 0x0F, 0x9F, 0x03, 0xE7, 0xC0, 0xF9, 0xF0, 0x3E, 0x78, 0x7C, 0xF9,
    0xFB, 0xE7, 0xC0, 0x1C, 0x78, 0xF0, 0xF7, 0xFF, 0xFF, 0x3C, 0x1F, 0xFF, 0xFF, 0xFF, 0xE3, 0xC7,
    0x8F, 0x1E, 0x3C, 0x78, 0x1F, 0xC1, 0xFF, 0x1F, 0x7C, 0xF1, 0xE7, 0x8F, 0xBC, 0x3D, 0xE1, 0xEF,
    0x1F, 0x78, 0xF3, 0xEF, 0x8F, 0xF8, 0x3F, 0x80, 0x18, 0x10, 0x3C, 0x3C, 0x1F, 0x1F, 0x0F, 0xCF,
    0x83, 0xE3, 0xE1, 0xF9, 0xF8, 0x7E, 0x7C, 0x3F, 0x3F, 0x1F, 0x9F, 0x1F, 0x9F, 0x8F, 0x8F, 0x8F,
    0xCF, 0x87, 0xC7, 0xC3, 0xC3, 0xC0, 0x60, 0x40, 0x00, 0x00, 0x00, 0x0F, 0x80, 0xF8, 0x1F, 0xC0,
    0xF8, 0x1F, 0xE0, 0x7C, 0x07, 0xF0, 0x7C, 0x03, 0xF8, 0x3E, 0x00, 0x3C, 0x3E, 0x00, 0x1E, 0x1F,
    0x00, 0x0F, 0x1F, 0x00, 0x07, 0x8F, 0x80, 0x03, 0xCF, 0x83, 0xC1, 0xE7, 0xC3, 0xE0, 0x07, 0xC3,
    0xF0, 0x03, 0xE1, 0xF8, 0x03, 0xE1, 0xFC, 0x01, 0xF1, 0xEE, 0x01, 0xF0, 0xE7, 0x00, 0xF8, 0xFF,
    0xC0, 0xF8, 0x7F, 0xE0, 0x7C, 0x00, 0xE0, 0x7C, 0x00, 0x70, 0x00, 0x00, 0x38, 0x00, 0x00, 0x00,
    0x0F, 0x81, 0xF0, 0x1F, 0xC0, 0xF0, 0x1F, 0xE0, 0xF8, 0x07, 0xF0, 0x78, 0x03, 0xF8, 0x7C, 0x00,
    0x3C, 0x3C, 0x00, 0x1E, 0x3E, 0x00, 0x0F, 0x1E, 0x00, 0x07, 0x9F, 0x00, 0x03, 0xCF, 0x1F, 0x81,
    0xEF, 0xBF, 0xE0, 0x07, 0x8E, 0xF0, 0x07, 0xC0, 0x78, 0x07, 0xC0, 0x7C, 0x03, 0xE0, 0x7C, 0x03,
    0xE0, 0x7C, 0x01, 0xF0, 0x7C, 0x01, 0xF0, 0x3F, 0xE0, 0xF8, 0x1F, 0xF0, 0xF8, 0x0F, 0xF8, 0x00,
    0x00, 0x00, 0x3F, 0x80, 0x78, 0x1F, 0xE0, 0x7C, 0x0E, 0xF0, 0x3C, 0x00, 0x78, 0x3E, 0x00, 0x3C,
    0x1E, 0x00, 0x7E, 0x1F, 0x00, 0x3F, 0x0F, 0x00, 0x07, 0xCF, 0x80, 0x01, 0xEF, 0x80, 0x19, 0xF7,
    0xC3, 0xCF, 0xF7, 0xC3, 0xE7, 0xF3, 0xE3, 0xF0, 0x03, 0xE1, 0xF8, 0x01, 0xF1, 0xFC, 0x01, 0xF1,
    0xEE, 0x00, 0xF8, 0xE7, 0x00, 0xF8, 0xFF, 0xC0, 0x7C, 0x7F, 0xE0, 0x7C, 0x00, 0xE0, 0x3E, 0x00,
    0x70, 0x00, 0x00, 0x38, 0x07, 0xC0, 0x3E, 0x03, 0xF0, 0x0F, 0x80, 0x7C, 0x00, 0x00, 0x1F, 0x00,
    0xF8, 0x0F, 0xC0, 0x7C, 0x07, 0xE0, 0x7E, 0x07, 0xE0, 0x3E, 0x03, 0xF0, 0x1F, 0xCE, 0x7F, 0xF3,
    0xFF, 0xCF, 0xFE, 0x3F, 0xC0, 0x00, 0xE0, 0x00, 0x0F, 0x80, 0x00, 0x7E, 0x00, 0x01, 0xF8, 0x00,
    0x07, 0xC0, 0x00, 0x0C, 0x00, 0x00, 0x00, 0x00, 0x00, 0x00, 0x00, 0xF8, 0x00, 0x0F, 0xE0, 0x00,
    0x7F, 0x00, 0x07, 0xFC, 0x00, 0x3F, 0xE0, 0x03, 0xFF, 0x00, 0x1F, 0x7C, 0x00, 0xFB, 0xE0, 0x0F,
    0x8F, 0x80, 0x7C, 0x7C, 0x07, 0xC3, 0xF0, 0x3E, 0x0F, 0x81, 0xFF, 0xFC, 0x1F, 0xFF, 0xF0, 0xFF,
    0xFF, 0x87, 0xFF, 0xFC, 0x7E, 0x03, 0xF3, 0xE0, 0x0F, 0xBF, 0x00, 0x7D, 0xF8, 0x03, 0xF0, 0x00,
    0x30, 0x00, 0x03, 0xE0, 0x00, 0x3F, 0x00, 0x03, 0xF0, 0x00, 0x1E, 0x00, 0x00, 0x60, 0x00, 0x00,
    0x00, 0x00, 0x00, 0x00, 0x00, 0xF8, 0x00, 0x0F, 0xE0, 0x00, 0x7F, 0x00, 0x07, 0xFC, 0x00, 0x3F,
    0xE0, 0x03, 0xFF, 0x00, 0x1F, 0x7C, 0x00, 0xFB, 0xE0, 0x0F, 0x8F, 0x80, 0x7C, 0x7C, 0x07, 0xC3,
    0xF0, 0x3E, 0x0F, 0x81, 0xFF, 0xFC, 0x1F, 0xFF, 0xF0, 0xFF, 0xFF, 0x87, 0xFF, 0xFC, 0x7E, 0x03,
    0xF3, 0xE0, 0x0F, 0xBF, 0x00, 0x7D, 0xF8, 0x03, 0xF0, 0x00, 0x70, 0x00, 0x07, 0xC0, 0x00, 0x7F,
    0x00, 0x07, 0xFC, 0x00, 0x3F, 0xE0, 0x00, 0xC6, 0x00, 0x00, 0x00, 0x00, 0x00, 0x00, 0x00, 0xF8,
    0x00, 0x0F, 0xE0, 0x00, 0x7F, 0x00, 0x07, 0xFC, 0x00, 0x3F, 0xE0, 0x03, 0xFF, 0x00, 0x1F, 0x7C,
    0x00, 0xFB, 0xE0, 0x0F, 0x8F, 0x80, 0x7C, 0x7C, 0x07, 0xC3, 0xF0, 0x3E, 0x0F, 0x81, 0xFF, 0xFC,
    0x1F, 0xFF, 0xF0, 0xFF, 0xFF, 0x87, 0xFF, 0xFC, 0x7E, 0x03, 0xF3, 0xE0, 0x0F, 0xBF, 0x00, 0x7D,
    0xF8, 0x03, 0xF0, 0x03, 0xF6, 0x00, 0x3F, 0xF8, 0x01, 0xFF, 0xC0, 0x06, 0x7C, 0x00, 0x00, 0x00,
    0x00, 0x00, 0x00, 0x00, 0x00, 0x00, 0x1F, 0x00, 0x01, 0xFC, 0x00, 0x0F, 0xE0, 0x00, 0xFF, 0x80,
    0x07, 0xFC, 0x00, 0x7F, 0xE0, 0x03, 0xEF, 0x80, 0x1F, 0x7C, 0x01, 0xF1, 0xF0, 0x0F, 0x8F, 0x80,
    0xF8, 0x7E, 0x07, 0xC1, 0xF0, 0x3F, 0xFF, 0x83, 0xFF, 0xFE, 0x1F, 0xFF, 0xF0, 0xFF, 0xFF, 0x8F,
    0xC0, 0x7E, 0x7C, 0x01, 0xF7, 0xE0, 0x0F, 0xBF, 0x00, 0x7E, 0x07, 0x8E, 0x00, 0x3E, 0xF8, 0x01,
    0xF7, 0xC0, 0x0F, 0x1C, 0x00, 0x00, 0x00, 0x00, 0x00, 0x00, 0x03, 0xE0, 0x00, 0x3F, 0x80, 0x01,
    0xFC, 0x00, 0x1F, 0xF0, 0x00, 0xFF, 0x80, 0x0F, 0xFC, 0x00, 0x7D, 0xF0, 0x03, 0xEF, 0x80, 0x3E,
    0x3E, 0x01, 0xF1, 0xF0, 0x1F, 0x0F, 0xC0, 0xF8, 0x3E, 0x07, 0xFF, 0xF0, 0x7F, 0xFF, 0xC3, 0xFF,
    0xFE, 0x1F, 0xFF, 0xF1, 0xF8, 0x0F, 0xCF, 0x80, 0x3E, 0xFC, 0x01, 0xF7, 0xE0, 0x0F, 0xC0, 0x00,
    0xF8, 0x00, 0x0F, 0xE0, 0x00, 0x77, 0x00, 0x03, 0xB8, 0x00, 0x1D, 0xC0, 0x00, 0xFE, 0x00, 0x03,
    0xE0, 0x00, 0x3F, 0x80, 0x01, 0xFC, 0x00, 0x1F, 0xF0, 0x00, 0xFF, 0x80, 0x0F, 0xFE, 0x00, 0x7D,
    0xF0, 0x07, 0xEF, 0x80, 0x3E, 0x3E, 0x01, 0xF1, 0xF0, 0x1F, 0x0F, 0xC0, 0xF8, 0x3E, 0x07, 0xFF,
    0xF0, 0x7F, 0xFF, 0xC3, 0xFF, 0xFE, 0x3F, 0xFF, 0xF1, 0xF8, 0x0F, 0xCF, 0x80, 0x3E, 0xFC, 0x01,
    0xF7, 0xE0, 0x0F, 0xC0, 0x00, 0x0F, 0xFF, 0xF0, 0x01, 0xFF, 0xFF, 0x00, 0x1F, 0xFF, 0xF0, 0x03,
    0xFF, 0xFF, 0x00, 0x7F, 0xE0, 0x00, 0x07, 0xFE, 0x00, 0x00, 0xFF, 0xE0, 0x00, 0x1F, 0xBF, 0xFE,
    0x01, 0xF3, 0xFF, 0xE0, 0x3F, 0x3F, 0xFE, 0x07, 0xE3, 0xFF, 0xE0, 0x7C, 0x3E, 0x00, 0x0F, 0xFF,
    0xE0, 0x00, 0xFF, 0xFE, 0x00, 0x1F, 0xFF, 0xE0, 0x03, 0xFF, 0xFE, 0x00, 0x3F, 0x03, 0xFF, 0xF7,
    0xE0, 0x3F, 0xFF, 0x7C, 0x03, 0xFF, 0xFF, 0xC0, 0x3F, 0xFF, 0x03, 0xFF, 0x03, 0xFF, 0xE1, 0xFF,
    0xF8, 0xFF, 0xFE, 0x7F, 0x8F, 0x1F, 0x80, 0x07, 0xC0, 0x03, 0xF0, 0x00, 0xFC, 0x00, 0x3F, 0x00,
    0x0F, 0xC0, 0x03, 0xF0, 0x00, 0xFC, 0x00, 0x1F, 0x00, 0x07, 0xE0, 0x01, 0xFF, 0x1E, 0x3F, 0xFF,
    0x87, 0xFF, 0xE0, 0xFF, 0xF8, 0x0F, 0xFC, 0x00, 0xF0, 0x00, 0x3E, 0x00, 0x17, 0x80, 0x0F, 0xE0,
    0x03, 0xF8, 0x00, 0xFC, 0x00, 0x06, 0x00, 0x1E, 0x00, 0x3E, 0x00, 0x3E, 0x00, 0x3C, 0x00, 0x30,
    0x00, 0x00, 0x00, 0x00, 0xFF, 0xFD, 0xFF, 0xFB, 0xFF, 0xF7, 0xFF, 0xEF, 0x80, 0x1F, 0x00, 0x3E,
    0x00, 0x7F, 0xFC, 0xFF, 0xF9, 0xFF, 0xF3, 0xFF, 0xE7, 0xC0, 0x0F, 0x80, 0x1F, 0x00, 0x3E, 0x00,
    0x7C, 0x00, 0xFF, 0xFF, 0xFF, 0xFF, 0xFF, 0xFF, 0xFF, 0xF0, 0x01, 0x80, 0x07, 0xC0, 0x1F, 0x80,
    0x7E, 0x00, 0xF0, 0x00, 0xC0, 0x00, 0x00, 0x00, 0x00, 0xFF, 0xFD, 0xFF, 0xFB, 0xFF, 0xF7, 0xFF,
    0xEF, 0x80, 0x1F, 0x00, 0x3E, 0x00, 0x7F, 0xFC, 0xFF, 0xF9, 0xFF, 0xF3, 0xFF, 0xE7, 0xC0, 0x0F,
    0x80, 0x1F, 0x00, 0x3E, 0x00, 0x7C, 0x00, 0xFF, 0xFF, 0xFF, 0xFF, 0xFF, 0xFF, 0xFF, 0xF0, 0x03,
    0x00, 0x0F, 0x00, 0x3F, 0x00, 0xFF, 0x81, 0xFF, 0x03, 0x8C, 0x00, 0x00, 0x00, 0x00, 0xFF, 0xFD,
    0xFF, 0xFB, 0xFF, 0xF7, 0xFF, 0xEF, 0x80, 0x1F, 0x00, 0x3E, 0x00, 0x7F, 0xFC, 0xFF, 0xF9, 0xFF,
    0xF3, 0xFF, 0xE7, 0xC0, 0x0F, 0x80, 0x1F, 0x00, 0x3E, 0x00, 0x7C, 0x00, 0xFF, 0xFF, 0xFF, 0xFF,
    0xFF, 0xFF, 0xFF, 0xF0, 0x3C, 0xF0, 0xF9, 0xF1, 0xF3, 0xE1, 0xE7, 0x80, 0x00, 0x00, 0x00, 0x3F,
    0xFF, 0x7F, 0xFE, 0xFF, 0xFD, 0xFF, 0xFB, 0xE0, 0x07, 0xC0, 0x0F, 0x80, 0x1F, 0xFF, 0x3F, 0xFE,
    0x7F, 0xFC, 0xFF, 0xF9, 0xF0, 0x03, 0xE0, 0x07, 0xC0, 0x0F, 0x80, 0x1F, 0x00, 0x3F, 0xFF, 0xFF,
    0xFF, 0xFF, 0xFF, 0xFF, 0xFC, 0x71, 0xF3, 0xF3, 0xF3, 0xE1, 0x80, 0x00, 0x7C, 0xF9, 0xF3, 0xE7,
    0xCF, 0x9F, 0x3E, 0x7C, 0xF9, 0xF3, 0xE7, 0xCF, 0x9F, 0x3E, 0x7C, 0xF9, 0xF3, 0xE0, 0x0C, 0x1E,
    0x7E, 0xFC, 0xF8, 0x70, 0x00, 0x00, 0x7C, 0x7C, 0x7C, 0x7C, 0x7C, 0x7C, 0x7C, 0x7C, 0x7C, 0x7C,
    0x7C, 0x7C, 0x7C, 0x7C, 0x7C, 0x7C, 0x7C, 0x7C, 0x7C, 0x7C, 0x0C, 0x0F, 0x87, 0xF3, 0xFE, 0xFF,
    0x98, 0xC0, 0x00, 0x00, 0x3E, 0x0F, 0x83, 0xE0, 0xF8, 0x3E, 0x0F, 0x83, 0xE0, 0xF8, 0x3E, 0x0F,
    0x83, 0xE0, 0xF8, 0x3E, 0x0F, 0x83, 0xE0, 0xF8, 0x3E, 0x0F, 0x83, 0xE0, 0xF8, 0xF1, 0xEF, 0xBE,
    0xFB, 0xEF, 0x1E, 0x00, 0x00, 0x00, 0x1F, 0x01, 0xF0, 0x1F, 0x01, 0xF0, 0x1F, 0x01, 0xF0, 0x1F,
    0x01, 0xF0, 0x1F, 0x01, 0xF0, 0x1F, 0x01, 0xF0, 0x1F, 0x01, 0xF0, 0x1F, 0x01, 0xF0, 0x1F, 0x01,
    0xF0, 0x1F, 0x01, 0xF0, 0x3F, 0xFC, 0x01, 0xFF, 0xF8, 0x0F, 0xFF, 0xF0, 0x7F, 0xFF, 0xC3, 0xF1,
    0xFE, 0x1F, 0x83, 0xF8, 0xFC, 0x0F, 0xC7, 0xE0, 0x3E, 0xFF, 0xE1, 0xF7, 0xFF, 0x0F, 0xFF, 0xF8,
    0x7E, 0x7E, 0x03, 0xE3, 0xF0, 0x1F, 0x1F, 0x81, 0xF8, 0xFC, 0x1F, 0xC7, 0xE3, 0xFC, 0x3F, 0xFF,
    0xE1, 0xFF, 0xFE, 0x0F, 0xFF, 0xC0, 0x7F, 0xF8, 0x00, 0x07, 0xDC, 0x03, 0xFF, 0x81, 0xFF, 0xC0,
    0x3B, 0xE0, 0x00, 0x00, 0x00, 0x00, 0x00, 0x00, 0x03, 0xE0, 0x1F, 0xFC, 0x07, 0xFF, 0x81, 0xFF,
    0xF0, 0x7F, 0xFC, 0x1F, 0xFF, 0x87, 0xFF, 0xF1, 0xFF, 0xFE, 0x7F, 0xEF, 0x9F, 0xFB, 0xF7, 0xFE,
    0x7F, 0xFF, 0x8F, 0xFF, 0xE1, 0xFF, 0xF8, 0x7F, 0xFE, 0x0F, 0xFF, 0x81, 0xFF, 0xE0, 0x7F, 0xF8,
    0x0F, 0xFE, 0x01, 0xFF, 0x80, 0x7C, 0x00, 0xE0, 0x00, 0x0F, 0x80, 0x00, 0x7E, 0x00, 0x01, 0xF8,
    0x00, 0x07, 0xC0, 0x00, 0x0C, 0x00, 0x00, 0x00, 0x00, 0x00, 0x00, 0x03, 0xFE, 0x00, 0x7F, 0xFC,
    0x07, 0xFF, 0xF0, 0x7F, 0xFF, 0xC3, 0xF8, 0xFE, 0x3F, 0x01, 0xF9, 0xF0, 0x07, 0xDF, 0x80, 0x3F,
    0xFC, 0x01, 0xFF, 0xE0, 0x0F, 0xFF, 0x00, 0x7F, 0xF8, 0x03, 0xFF, 0xC0, 0x1F, 0xBE, 0x00, 0xF9,
    0xF8, 0x0F, 0xCF, 0xF1, 0xFC, 0x3F, 0xFF, 0xE0, 0xFF, 0xFE, 0x03, 0xFF, 0xE0, 0x07, 0xFC, 0x00,
    0x00, 0x30, 0x00, 0x03, 0xE0, 0x00, 0x3F, 0x00, 0x03, 0xF0, 0x00, 0x1E, 0x00, 0x00, 0x60, 0x00,
    0x00, 0x00, 0x00, 0x00, 0x00, 0x03, 0xFE, 0x00, 0x7F, 0xFC, 0x07, 0xFF, 0xF0, 0x7F, 0xFF, 0xC3,
    0xF8, 0xFE, 0x3F, 0x01, 0xF9, 0xF0, 0x07, 0xDF, 0x80, 0x3F, 0xFC, 0x01, 0xFF, 0xE0, 0x0F, 0xFF,
    0x00, 0x7F, 0xF8, 0x03, 0xFF, 0xC0, 0x1F, 0xBE, 0x00, 0xF9, 0xF8, 0x0F, 0xCF, 0xF1, 0xFC, 0x3F,
    0xFF, 0xE0, 0xFF, 0xFE, 0x03, 0xFF, 0xE0, 0x07, 0xFC, 0x00, 0x00, 0x70, 0x00, 0x07, 0xC0, 0x00,
    0x7F, 0x00, 0x07, 0xFC, 0x00, 0x3F, 0xE0, 0x00, 0xC6, 0x00, 0x00, 0x00, 0x00, 0x00, 0x00, 0x03,
    0xFE, 0x00, 0x7F, 0xFC, 0x07, 0xFF, 0xF0, 0x7F, 0xFF, 0xC3, 0xF8, 0xFE, 0x3F, 0x01, 0xF9, 0xF0,
    0x07, 0xDF, 0x80, 0x3F, 0xFC, 0x01, 0xFF, 0xE0, 0x0F, 0xFF, 0x00, 0x7F, 0xF8, 0x03, 0xFF, 0xC0,
    0x1F, 0xBE, 0x00, 0xF9, 0xF8, 0x0F, 0xCF, 0xF1, 0xFC, 0x3F, 0xFF, 0xE0, 0xFF, 0xFE, 0x03, 0xFF,
    0xE0, 0x07, 0xFC, 0x00, 0x03, 0xF6, 0x00, 0x3F, 0xF8, 0x01, 0xFF, 0xC0, 0x06, 0x7C, 0x00, 0x00,
    0x00, 0x00, 0x00, 0x00, 0x00, 0x00, 0x00, 0x7F, 0xC0, 0x0F, 0xFF, 0x80, 0xFF, 0xFE, 0x0F, 0xFF,
    0xF8, 0x7F, 0x1F, 0xC7, 0xE0, 0x3F, 0x3E, 0x00, 0xFB, 0xF0, 0x07, 0xFF, 0x80, 0x3F, 0xFC, 0x01,
    0xFF, 0xE0, 0x0F, 0xFF, 0x00, 0x7F, 0xF8, 0x03, 0xF7, 0xC0, 0x1F, 0x3F, 0x01, 0xF9, 0xFE, 0x3F,
    0x87, 0xFF, 0xFC, 0x1F, 0xFF, 0xC0, 0x7F, 0xFC, 0x00, 0xFF, 0x80, 0x07, 0x8E, 0x00, 0x3E, 0xF8,
    0x01, 0xF7, 0xC0, 0x0F, 0x1C, 0x00, 0x00, 0x00, 0x00, 0x00, 0x00, 0x0F, 0xF8, 0x01, 0xFF, 0xF0,
    0x1F, 0xFF, 0xC1, 0xFF, 0xFF, 0x0F, 0xE3, 0xF8, 0xFC, 0x07, 0xE7, 0xC0, 0x1F, 0x7E, 0x00, 0xFF,
    0xF0, 0x07, 0xFF, 0x80, 0x3F, 0xFC, 0x01, 0xFF, 0xE0, 0x0F, 0xFF, 0x00, 0x7E, 0xF8, 0x03, 0xE7,
    0xE0, 0x3F, 0x3F, 0xC7, 0xF0, 0xFF, 0xFF, 0x83, 0xFF, 0xF8, 0x0F, 0xFF, 0x80, 0x1F, 0xF0, 0x00,
    0x30, 0x31, 0xE1, 0xE7, 0xCF, 0xDF, 0xFE, 0x3F, 0xF0, 0x7F, 0x80, 0xFC, 0x07, 0xF8, 0x3F, 0xF1,
    0xFF, 0xE7, 0xCF, 0xDE, 0x1E, 0x30, 0x30, 0x00, 0x00, 0x40, 0x1F, 0xF7, 0x83, 0xFF, 0xFC, 0x3F,
    0xFF, 0xC3, 0xFF, 0xFE, 0x1F, 0xC7, 0xF1, 0xF8, 0x3F, 0xCF, 0x83, 0xFE, 0xFC, 0x3F, 0xFF, 0xE3,
    0xEF, 0xFF, 0x3E, 0x7F, 0xF9, 0xE3, 0xFF, 0xDF, 0x1F, 0xFF, 0xF0, 0xFD, 0xFF, 0x07, 0xCF, 0xF0,
    0x7E, 0x7F, 0x8F, 0xE1, 0xFF, 0xFF, 0x0F, 0xFF, 0xF0, 0xFF, 0xFF, 0x07, 0xBF, 0xE0, 0x18, 0x00,
    0x00, 0x07, 0x00, 0x07, 0xC0, 0x03, 0xF0, 0x00, 0xFC, 0x00, 0x1E, 0x00, 0x06, 0x00, 0x00, 0x00,
    0x00, 0x00, 0xF8, 0x0F, 0xFC, 0x07, 0xFE, 0x03, 0xFF, 0x01, 0xFF, 0x80, 0xFF, 0xC0, 0x7F, 0xE0,
    0x3F, 0xF0, 0x1F, 0xF8, 0x0F, 0xFC, 0x07, 0xFE, 0x03, 0xFF, 0x01, 0xFF, 0x80, 0xFF, 0xC0, 0xFF,
    0xF0, 0x7F, 0xFC, 0xFE, 0x7F, 0xFF, 0x3F, 0xFF, 0x0F, 0xFF, 0x01, 0xFF, 0x00, 0x00, 0x60, 0x00,
    0xF8, 0x00, 0xFC, 0x00, 0xFC, 0x00, 0x7C, 0x00, 0x1C, 0x00, 0x00, 0x00, 0x00, 0x00, 0xF8, 0x0F,
    0xFC, 0x07, 0xFE, 0x03, 0xFF, 0x01, 0xFF, 0x80, 0xFF, 0xC0, 0x7F, 0xE0, 0x3F, 0xF0, 0x1F, 0xF8,
    0x0F, 0xFC, 0x07, 0xFE, 0x03, 0xFF, 0x01, 0xFF, 0x80, 0xFF, 0xC0, 0xFF, 0xF0, 0x7F, 0xFC, 0xFE,
    0x7F, 0xFF, 0x3F, 0xFF, 0x0F, 0xFF, 0x01, 0xFF, 0x00, 0x01, 0x80, 0x01, 0xE0, 0x01, 0xFC, 0x01,
    0xFF, 0x00, 0xFF, 0x80, 0x71, 0x80, 0x00, 0x00, 0x00, 0x00, 0xF8, 0x0F, 0xFC, 0x07, 0xFE, 0x03,
    0xFF, 0x01, 0xFF, 0x80, 0xFF, 0xC0, 0x7F, 0xE0, 0x3F, 0xF0, 0x1F, 0xF8, 0x0F, 0xFC, 0x07, 0xFE,
    0x03, 0xFF, 0x01, 0xFF, 0x80, 0xFF, 0xC0, 0xFF, 0xF0, 0x7F, 0xFC, 0xFE, 0x7F, 0xFF, 0x3F, 0xFF,
    0x0F, 0xFF, 0x01, 0xFF, 0x00, 0x1E, 0x38, 0x0F, 0xBE, 0x07, 0xDF, 0x03, 0xC7, 0x00, 0x00, 0x00,
    0x00, 0x03, 0xE0, 0x3F, 0xF0, 0x1F, 0xF8, 0x0F, 0xFC, 0x07, 0xFE, 0x03, 0xFF, 0x01, 0xFF, 0x80,
    0xFF, 0xC0, 0x7F, 0xE0, 0x3F, 0xF0, 0x1F, 0xF8, 0x0F, 0xFC, 0x07, 0xFE, 0x03, 0xFF, 0x03, 0xFF,
    0xC1, 0xFF, 0xF3, 0xF9, 0xFF, 0xFC, 0xFF, 0xFC, 0x3F, 0xFC, 0x07, 0xFC, 0x00, 0x00, 0x30, 0x00,
    0x07, 0xC0, 0x00, 0xFC, 0x00, 0x1F, 0x00, 0x01, 0xE0, 0x00, 0x0C, 0x00, 0x00, 0x00, 0x00, 0x00,
    0x00, 0xFC, 0x07, 0xE7, 0xE0, 0x7E, 0x7E, 0x0F, 0xC3, 0xF0, 0xFC, 0x3F, 0x1F, 0x81, 0xF9, 0xF0,
    0x1F, 0xBF, 0x00, 0xFF, 0xE0, 0x07, 0xFE, 0x00, 0x7F, 0xC0, 0x03, 0xF8, 0x00, 0x3F, 0x80, 0x01,
    0xF0, 0x00, 0x1F, 0x00, 0x01, 0xF0, 0x00, 0x1F, 0x00, 0x01, 0xF0, 0x00, 0x1F, 0x00, 0x01, 0xF0,
    0x00, 0x1F, 0x00, 0xF8, 0x00, 0xF8, 0x00, 0xF8, 0x00, 0xFF, 0xF0, 0xFF, 0xFC, 0xFF, 0xFE, 0xFF,
    0xFE, 0xF8, 0xFF, 0xF8, 0x3F, 0xF8, 0x1F, 0xF8, 0x3F, 0xF8, 0xFF, 0xFF, 0xFE, 0xFF, 0xFE, 0xFF,
    0xFC, 0xFF, 0xF0, 0xF8, 0x00, 0xF8, 0x00, 0xF8, 0x00, 0xF8, 0x00, 0x1F, 0xE0, 0x1F, 0xF8, 0x1F,
    0xFE, 0x1F, 0xFF, 0x0F, 0xCF, 0xC7, 0xC3, 0xE3, 0xE1, 0xF1, 0xF1, 0xF0, 0xF9, 0xF8, 0x7C, 0xF8,
    0x3E, 0xF8, 0x1F, 0x7C, 0x0F, 0xBF, 0x07, 0xDF, 0xE3, 0xE7, 0xF9, 0xF0, 0xFE, 0xF8, 0x1F, 0x7C,
    0x0F, 0xBE, 0xE7, 0xDF, 0x7F, 0xEF, 0xBF, 0xF7, 0xDF, 0xF3, 0xEF, 0xF0, 0x06, 0x00, 0x7C, 0x01,
    0xF8, 0x03, 0xF0, 0x03, 0xC0, 0x06, 0x00, 0x00, 0x00, 0x00, 0x7F, 0xE1, 0xFF, 0xC7, 0xFF, 0x9F,
    0xFE, 0x31, 0xF8, 0x01, 0xF3, 0xFF, 0xDF, 0xFF, 0xFF, 0xFF, 0xF1, 0xFF, 0x87, 0xFF, 0xFF, 0xFF,
    0xFD, 0xFF, 0xF3, 0xFF, 0x80, 0x01, 0x80, 0x0F, 0x00, 0x7C, 0x03, 0xE0, 0x0F, 0x00, 0x18, 0x00,
    0x00, 0x00, 0x00, 0x7F, 0xE1, 0xFF, 0xC7, 0xFF, 0x9F, 0xFE, 0x31, 0xF8, 0x01, 0xF3, 0xFF, 0xDF,
    0xFF, 0xFF, 0xFF, 0xF1, 0xFF, 0x87, 0xFF, 0xFF, 0xFF, 0xFD, 0xFF, 0xF3, 0xFF, 0x80, 0x07, 0x00,
    0x3E, 0x01, 0xFC, 0x0F, 0xF8, 0x3F, 0xE0, 0x63, 0x00, 0x00, 0x00, 0x00, 0x7F, 0xE1, 0xFF, 0xC7,
    0xFF, 0x9F, 0xFE, 0x31, 0xF8, 0x01, 0xF3, 0xFF, 0xDF, 0xFF, 0xFF, 0xFF, 0xF1, 0xFF, 0x87, 0xFF,
    0xFF, 0xFF, 0xFD, 0xFF, 0xF3, 0xFF, 0x80, 0x1F, 0x60, 0xFF, 0xC7, 0xFF, 0x0E, 0xF8, 0x00, 0x00,
    0x00, 0x00, 0x00, 0x1F, 0xF8, 0x7F, 0xF1, 0xFF, 0xE7, 0xFF, 0x8C, 0x7E, 0x00, 0x7C, 0xFF, 0xF7,
    0xFF, 0xFF, 0xFF, 0xFC, 0x7F, 0xE1, 0xFF, 0xFF, 0xFF, 0xFF, 0x7F, 0xFC, 0xFF, 0xE0, 0x78, 0xF1,
    0xF7, 0xC7, 0xDF, 0x1E, 0x3C, 0x00, 0x00, 0x00, 0x07, 0xFE, 0x1F, 0xFC, 0x7F, 0xF9, 0xFF, 0xE3,
    0x1F, 0x80, 0x1F, 0x3F, 0xFD, 0xFF, 0xFF, 0xFF, 0xFF, 0x1F, 0xF8, 0x7F, 0xFF, 0xFF, 0xFF, 0xDF,
    0xFF, 0x3F, 0xF8, 0x07, 0x80, 0x3F, 0x01, 0xFE, 0x07, 0x38, 0x1F, 0xE0, 0x3F, 0x00, 0x78, 0x00,
    0x00, 0x00, 0x01, 0xFF, 0x87, 0xFF, 0x1F, 0xFE, 0x7F, 0xF8, 0xC7, 0xE0, 0x07, 0xCF, 0xFF, 0x7F,
    0xFF, 0xFF, 0xFF, 0xC7, 0xFE, 0x1F, 0xFF, 0xFF, 0xFF, 0xF7, 0xFF, 0xCF, 0xFE, 0x7F, 0xC7, 0xF0,
    0x7F, 0xFF, 0xF8, 0x7F, 0xFF, 0xFC, 0x7F, 0xFF, 0xFE, 0x31, 0xFE, 0x7E, 0x00, 0x7C, 0x3E, 0x3F,
    0xFF, 0xFE, 0x7F, 0xFF, 0xFE, 0xFF, 0xFF, 0xFE, 0xFC, 0x7C, 0x00, 0xF8, 0x7F, 0x1C, 0xFF, 0xFF,
    0xFC, 0xFF, 0xFF, 0xFC, 0x7F, 0xFF, 0xFC, 0x3F, 0xEF, 0xFC, 0x0F, 0xF0, 0xFF, 0xCF, 0xFC, 0xFF,
    0xEF, 0xF3, 0x7E, 0x03, 0xE0, 0x1F, 0x00, 0xF8, 0x07, 0xE0, 0x1F, 0x8C, 0xFF, 0xF3, 0xFF, 0x8F,
    0xFC, 0x1F, 0xE0, 0xF8, 0x03, 0xC0, 0x5E, 0x03, 0xF0, 0x3F, 0x81, 0xF8, 0x00, 0x07, 0x00, 0x1F,
    0x00, 0x3F, 0x00, 0x3F, 0x00, 0x3E, 0x00, 0x18, 0x00, 0x00, 0x00, 0x00, 0x0F, 0xE0, 0x3F, 0xF0,
    0xFF, 0xF3, 0xFF, 0xE7, 0xEF, 0xFF, 0x07, 0xFF, 0xFF, 0xFF, 0xFF, 0xFF, 0xFF, 0xF0, 0x03, 0xF8,
    0xF3, 0xFF, 0xE3, 0xFF, 0xC7, 0xFF, 0x83, 0xFF, 0x00, 0x01, 0xC0, 0x07, 0xC0, 0x1F, 0x80, 0x7E,
    0x00, 0xF8, 0x00, 0xC0, 0x00, 0x00, 0x00, 0x00, 0x0F, 0xE0, 0x3F, 0xF0, 0xFF, 0xF3, 0xFF, 0xE7,
    0xEF, 0xFF, 0x07, 0xFF, 0xFF, 0xFF, 0xFF, 0xFF, 0xFF, 0xF0, 0x03, 0xF8, 0xF3, 0xFF, 0xE3, 0xFF,
    0xC7, 0xFF, 0x83, 0xFF, 0x00, 0x03, 0x80, 0x0F, 0x80, 0x3F, 0x80, 0xFF, 0x81, 0xFF, 0x01, 0x8C,
    0x00, 0x00, 0x00, 0x00, 0x0F, 0xE0, 0x3F, 0xF0, 0xFF, 0xF3, 0xFF, 0xE7, 0xEF, 0xFF, 0x07, 0xFF,
    0xFF, 0xFF, 0xFF, 0xFF, 0xFF, 0xF0, 0x03, 0xF8, 0xF3, 0xFF, 0xE3, 0xFF, 0xC7, 0xFF, 0x83, 0xFF,
    0x00, 0x3C, 0x78, 0x7D, 0xF0, 0xFB, 0xE1, 0xE3, 0xC0, 0x00, 0x00, 0x00, 0x03, 0xF8, 0x0F, 0xFC,
    0x3F, 0xFC, 0xFF, 0xF9, 0xFB, 0xFF, 0xC1, 0xFF, 0xFF, 0xFF, 0xFF, 0xFF, 0xFF, 0xFC, 0x00, 0xFE,
    0x3C, 0xFF, 0xF8, 0xFF, 0xF1, 0xFF, 0xE0, 0xFF, 0xC0, 0x30, 0x78, 0x7C, 0x3E, 0x1E, 0x0C, 0x00,
    0x00, 0x3E, 0x3E, 0x3E, 0x3E, 0x3E, 0x3E, 0x3E, 0x3E, 0x3E, 0x3E, 0x3E, 0x3E, 0x3E, 0x3E, 0x3E,
    0x1C, 0x7D, 0xFF, 0xEF, 0x8C, 0x00, 0x00, 0x7C, 0xF9, 0xF3, 0xE7, 0xCF, 0x9F, 0x3E, 0x7C, 0xF9,
    0xF3, 0xE7, 0xCF, 0x9F, 0x00, 0x0C, 0x07, 0x83, 0xF9, 0xFF, 0x7F, 0xDC, 0x60, 0x00, 0x00, 0x1F,
    0x07, 0xC1, 0xF0, 0x7C, 0x1F, 0x07, 0xC1, 0xF0, 0x7C, 0x1F, 0x07, 0xC1, 0xF0, 0x7C, 0x1F, 0x07,
    0xC1, 0xF0, 0x79, 0xEF, 0x9F, 0xF9, 0xF7, 0x9E, 0x00, 0x00, 0x00, 0x0F, 0x80, 0xF8, 0x0F, 0x80,
    0xF8, 0x0F, 0x80, 0xF8, 0x0F, 0x80, 0xF8, 0x0F, 0x80, 0xF8, 0x0F, 0x80, 0xF8, 0x0F, 0x80, 0xF8,
    0x0F, 0x80, 0x01, 0x80, 0x03, 0xE6, 0x07, 0xFF, 0x01, 0xFF, 0x07, 0xFE, 0x07, 0xFC, 0x07, 0xFC,
    0x00, 0x3E, 0x00, 0x3E, 0x0F, 0xFE, 0x3F, 0xFE, 0x7F, 0xFE, 0x7F, 0xFF, 0xFE, 0x7F, 0xF8, 0x3E,
    0xF8, 0x3E, 0xF8, 0x3E, 0xF8, 0x3E, 0xFE, 0xFE, 0x7F, 0xFC, 0x7F, 0xFC, 0x3F, 0xF8, 0x0F, 0xE0,
    0x3F, 0x61, 0xFF, 0xC7, 0xFF, 0x0C, 0xF8, 0x00, 0x00, 0x00, 0x00, 0x00, 0x3F, 0xF8, 0xFF, 0xF3,
    0xFF, 0xEF, 0xFF, 0xBE, 0x7E, 0xF8, 0xFF, 0xE3, 0xFF, 0x8F, 0xFE, 0x3F, 0xF8, 0xFF, 0xE3, 0xFF,
    0x8F, 0xFE, 0x3F, 0xF8, 0xFF, 0xE3, 0xF0, 0x03, 0x00, 0x0F, 0x80, 0x0F, 0xC0, 0x07, 0xE0, 0x01,
    0xE0, 0x00, 0xC0, 0x00, 0x00, 0x00, 0x00, 0x0F, 0xF0, 0x1F, 0xF8, 0x3F, 0xFC, 0x7F, 0xFE, 0xFE,
    0xFE, 0xFC, 0x3E, 0xF8, 0x3F, 0xF8, 0x3F, 0xF8, 0x3F, 0xFC, 0x3E, 0xFE, 0x7E, 0x7F, 0xFE, 0x3F,
    0xFC, 0x1F, 0xF8, 0x0F, 0xF0, 0x00, 0xC0, 0x01, 0xE0, 0x03, 0xE0, 0x07, 0xC0, 0x07, 0x80, 0x03,
    0x00, 0x00, 0x00, 0x00, 0x00, 0x0F, 0xF0, 0x1F, 0xF8, 0x3F, 0xFC, 0x7F, 0xFE, 0xFE, 0xFE, 0xFC,
    0x3E, 0xF8, 0x3F, 0xF8, 0x3F, 0xF8, 0x3F, 0xFC, 0x3E, 0xFE, 0x7E, 0x7F, 0xFE, 0x3F, 0xFC, 0x1F,
    0xF8, 0x0F, 0xF0, 0x01, 0x80, 0x03, 0xC0, 0x0F, 0xE0, 0x1F, 0xF0, 0x1F, 0xF0, 0x0C, 0x70, 0x00,
    0x00, 0x00, 0x00, 0x0F, 0xF0, 0x1F, 0xF8, 0x3F, 0xFC, 0x7F, 0xFE, 0xFE, 0xFE, 0xFC, 0x3E, 0xF8,
    0x3F, 0xF8, 0x3F, 0xF8, 0x3F, 0xFC, 0x3E, 0xFE, 0x7E, 0x7F, 0xFE, 0x3F, 0xFC, 0x1F, 0xF8, 0x0F,
    0xF0, 0x0F, 0xB0, 0x1F, 0xF8, 0x3F, 0xF8, 0x1D, 0xF0, 0x00, 0x00, 0x00, 0x00, 0x00, 0x00, 0x0F,
    0xF0, 0x1F, 0xF8, 0x3F, 0xFC, 0x7F, 0xFE, 0xFE, 0xFE, 0xFC, 0x3E, 0xF8, 0x3F, 0xF8, 0x3F, 0xF8,
    0x3F, 0xFC, 0x3E, 0xFE, 0x7E, 0x7F, 0xFE, 0x3F, 0xFC, 0x1F, 0xF8, 0x0F, 0xF0, 0x1E, 0x78, 0x3E,
    0x7C, 0x3E, 0x7C, 0x1E, 0x78, 0x00, 0x00, 0x00, 0x00, 0x0F, 0xF0, 0x1F, 0xF8, 0x3F, 0xFC, 0x7F,
    0xFE, 0xFE, 0xFE, 0xFC, 0x3E, 0xF8, 0x3F, 0xF8, 0x3F, 0xF8, 0x3F, 0xFC, 0x3E, 0xFE, 0x7E, 0x7F,
    0xFE, 0x3F, 0xFC, 0x1F, 0xF8, 0x0F, 0xF0, 0x07, 0x80, 0x0F, 0x80, 0x3F, 0x00, 0x3E, 0x00, 0x78,
    0x00, 0x00, 0x00, 0x00, 0x7F, 0xFE, 0xFF, 0xFD, 0xFF, 0xFB, 0xFF, 0xF0, 0x00, 0x00, 0x00, 0x00,
    0xF0, 0x01, 0xF0, 0x07, 0xE0, 0x07, 0xC0, 0x0F, 0x00, 0x00, 0x0C, 0x0F, 0xFE, 0x1F, 0xFE, 0x3F,
    0xFC, 0x7F, 0xFE, 0xFE, 0xFE, 0xF9, 0xFE, 0xF9, 0xFF, 0xFB, 0xDF, 0xFF, 0x9F, 0xFF, 0x3E, 0xFE,
    0x7E, 0x7F, 0xFE, 0x7F, 0xFC, 0x7F, 0xF8, 0x7F, 0xF0, 0x20, 0x00, 0x06, 0x00, 0x3E, 0x00, 0x7E,
    0x00, 0x3E, 0x00, 0x3C, 0x00, 0x30, 0x00, 0x00, 0x00, 0x00, 0x7C, 0x7C, 0xF8, 0xF9, 0xF1, 0xF3,
    0xE3, 0xE7, 0xC7, 0xCF, 0x8F, 0x9F, 0x1F, 0x3E, 0x3E, 0x7C, 0x7C, 0xF8, 0xF9, 0xF9, 0xF3, 0xFF,
    0xE7, 0xFF, 0xC7, 0xFF, 0x83, 0xFF, 0x00, 0x00, 0xC0, 0x07, 0xC0, 0x1F, 0x80, 0x7E, 0x00, 0xF8,
    0x00, 0xE0, 0x00, 0x00, 0x00, 0x00, 0x7C, 0x7C, 0xF8, 0xF9, 0xF1, 0xF3, 0xE3, 0xE7, 0xC7, 0xCF,
    0x8F, 0x9F, 0x1F, 0x3E, 0x3E, 0x7C, 0x7C, 0xF8, 0xF9, 0xF9, 0xF3, 0xFF, 0xE7, 0xFF, 0xC7, 0xFF,
    0x83, 0xFF, 0x00, 0x03, 0x80, 0x0F, 0x80, 0x3F, 0x80, 0xFF, 0x81, 0xFF, 0x01, 0x8C, 0x00, 0x00,
    0x00, 0x00, 0x7C, 0x7C, 0xF8, 0xF9, 0xF1, 0xF3, 0xE3, 0xE7, 0xC7, 0xCF, 0x8F, 0x9F, 0x1F, 0x3E,
    0x3E, 0x7C, 0x7C, 0xF8, 0xF9, 0xF9, 0xF3, 0xFF, 0xE7, 0xFF, 0xC7, 0xFF, 0x83, 0xFF, 0x00, 0x3C,
    0x78, 0x7D, 0xF0, 0xFB, 0xE1, 0xE3, 0xC0, 0x00, 0x00, 0x00, 0x1F, 0x1F, 0x3E, 0x3E, 0x7C, 0x7C,
    0xF8, 0xF9, 0xF1, 0xF3, 0xE3, 0xE7, 0xC7, 0xCF, 0x8F, 0x9F, 0x1F, 0x3E, 0x3E, 0x7E, 0x7C, 0xFF,
    0xF9, 0xFF, 0xF1, 0xFF, 0xE0, 0xFF, 0xC0, 0x00, 0x60, 0x00, 0xF0, 0x01, 0xF0, 0x03, 0xE0, 0x03,
    0xC0, 0x01, 0x80, 0x00, 0x00, 0x00, 0x00, 0xF8, 0x1F, 0xFC, 0x3E, 0x7C, 0x3E, 0x7C, 0x3E, 0x7E,
    0x7C, 0x3E, 0x7C, 0x3E, 0x7C, 0x1F, 0xF8, 0x1F, 0xF8, 0x1F, 0xF8, 0x0F, 0xF0, 0x0F, 0xF0, 0x07,
    0xE0, 0x07, 0xE0, 0x07, 0xE0, 0x4F, 0xC0, 0xFF, 0xC0, 0xFF, 0x80, 0xFF, 0x00, 0xFE, 0x00, 0xF8,
    0x01, 0xF0, 0x03, 0xE0, 0x07, 0xC0, 0x0F, 0x80, 0x1F, 0x00, 0x3E, 0x00, 0x7C, 0x00, 0xFF, 0xC1,
    0xFF, 0xE3, 0xFF, 0xE7, 0xFF, 0xEF, 0x9F, 0xDF, 0x0F, 0xBE, 0x1F, 0xFC, 0x3F, 0xF8, 0x7F, 0xF0,
    0xFB, 0xF3, 0xF7, 0xFF, 0xEF, 0xFF, 0x9F, 0xFE, 0x3F, 0xF8, 0x7C, 0x00, 0xF8, 0x01, 0xF0, 0x03,
    0xE0, 0x07, 0xC0, 0x00, 0x1E, 0x78, 0x3E, 0x7C, 0x3E, 0x7C, 0x1E, 0x78, 0x00, 0x00, 0x00, 0x00,
    0xF8, 0x1F, 0xFC, 0x3E, 0x7C, 0x3E, 0x7C, 0x3E, 0x7E, 0x7C, 0x3E, 0x7C, 0x3E, 0x7C, 0x1F, 0xF8,
    0x1F, 0xF8, 0x1F, 0xF8, 0x0F, 0xF0, 0x0F, 0xF0, 0x07, 0xE0, 0x07, 0xE0, 0x07, 0xE0, 0x4F, 0xC0,
    0xFF, 0xC0, 0xFF, 0x80, 0xFF, 0x00, 0xFE, 0x00, 0x07, 0xFE, 0x00, 0x3F, 0xF0, 0x01, 0xFF, 0x80,
    0x00, 0x00, 0x00, 0x00, 0x00, 0x00, 0x7C, 0x00, 0x07, 0xF0, 0x00, 0x3F, 0x80, 0x03, 0xFE, 0x00,
    0x1F, 0xF0, 0x01, 0xFF, 0x80, 0x0F, 0xBE, 0x00, 0x7D, 0xF0, 0x07, 0xC7, 0xC0, 0x3E, 0x3E, 0x03,
    0xE1, 0xF8, 0x1F, 0x07, 0xC0, 0xFF, 0xFE, 0x0F, 0xFF, 0xF8, 0x7F, 0xFF, 0xC3, 0xFF, 0xFE, 0x3F,
    0x01, 0xF9, 0xF0, 0x07, 0xDF, 0x80, 0x3E, 0xFC, 0x01, 0xF8, 0x3F, 0xF0, 0xFF, 0xC3, 0xFF, 0x00,
    0x00, 0x00, 0x00, 0x00, 0x07, 0xFE, 0x1F, 0xFC, 0x7F, 0xF9, 0xFF, 0xE3, 0x1F, 0x80, 0x1F, 0x3F,
    0xFD, 0xFF, 0xFF, 0xFF, 0xFF, 0x1F, 0xF8, 0x7F, 0xFF, 0xFF, 0xFF, 0xDF, 0xFF, 0x3F, 0xF8, 0x03,
    0x8F, 0x00, 0x1E, 0xF8, 0x00, 0xFF, 0x80, 0x03, 0xFC, 0x00, 0x0F, 0xC0, 0x00, 0x00, 0x00, 0x03,
    0xE0, 0x00, 0x3F, 0x80, 0x01, 0xFC, 0x00, 0x1F, 0xF0, 0x00, 0xFF, 0x80, 0x0F, 0xFC, 0x00, 0x7D,
    0xF0, 0x03, 0xEF, 0x80, 0x3E, 0x3E, 0x01, 0xF1, 0xF0, 0x1F, 0x0F, 0xC0, 0xF8, 0x3E, 0x07, 0xFF,
    0xF0, 0x7F, 0xFF, 0xC3, 0xFF, 0xFE, 0x1F, 0xFF, 0xF1, 0xF8, 0x0F, 0xCF, 0x80, 0x3E, 0xFC, 0x01,
    0xF7, 0xE0, 0x0F, 0xC0, 0x3C, 0xF0, 0xF3, 0xC3, 0xFF, 0x07, 0xF8, 0x0F, 0xC0, 0x00, 0x00, 0x00,
    0x1F, 0xF8, 0x7F, 0xF1, 0xFF, 0xE7, 0xFF, 0x8C, 0x7E, 0x00, 0x7C, 0xFF, 0xF7, 0xFF, 0xFF, 0xFF,
    0xFC, 0x7F, 0xE1, 0xFF, 0xFF, 0xFF, 0xFF, 0x7F, 0xFC, 0xFF, 0xE0, 0x00, 0xF8, 0x00, 0x07, 0xF0,
    0x00, 0x1F, 0xC0, 0x00, 0xFF, 0x80, 0x03, 0xFE, 0x00, 0x1F, 0xF8, 0x00, 0x7D, 0xF0, 0x01, 0xF7,
    0xC0, 0x0F, 0x9F, 0x80, 0x3E, 0x3E, 0x01, 0xF0, 0xFC, 0x07, 0xC1, 0xF0, 0x1F, 0xFF, 0xC0, 0xFF,
    0xFF, 0x83, 0xFF, 0xFE, 0x0F, 0xFF, 0xF8, 0x7E, 0x03, 0xF1, 0xF0, 0x07, 0xCF, 0xC0, 0x1F, 0x3F,
    0x00, 0x7E, 0x00, 0x00, 0xF8, 0x00, 0x07, 0x80, 0x00, 0x1E, 0x00, 0x00, 0xFE, 0x00, 0x01, 0xF8,
    0x00, 0x07, 0xE0, 0x7F, 0xE1, 0xFF, 0xC7, 0xFF, 0x9F, 0xFE, 0x31, 0xF8, 0x01, 0xF3, 0xFF, 0xDF,
    0xFF, 0xFF, 0xFF, 0xF1, 0xFF, 0x87, 0xFF, 0xFF, 0xFF, 0xFD, 0xFF, 0xF3, 0xFF, 0x80, 0x3C, 0x01,
    0xE0, 0x07, 0x80, 0x3F, 0x80, 0x7E, 0x01, 0xF8, 0x00, 0x38, 0x00, 0x1F, 0x00, 0x0F, 0xC0, 0x07,
    0xE0, 0x01, 0xF0, 0x00, 0x30, 0x00, 0x00, 0x00, 0x00, 0x00, 0x03, 0xFF, 0x03, 0xFF, 0xE1, 0xFF,
    0xF8, 0xFF, 0xFE, 0x3F, 0x8F, 0x1F, 0x80, 0x07, 0xC0, 0x03, 0xF0, 0x00, 0xFC, 0x00, 0x3F, 0x00,
    0x0F, 0xC0, 0x03, 0xF0, 0x00, 0xFC, 0x00, 0x1F, 0x00, 0x07, 0xE0, 0x01, 0xFF, 0x1E, 0x3F, 0xFF,
    0x87, 0xFF, 0xE0, 0xFF, 0xF8, 0x0F, 0xFC, 0x00, 0xC0, 0x0F, 0x00, 0xFC, 0x0F, 0x80, 0x78, 0x01,
    0x80, 0x00, 0x00, 0x00, 0x0F, 0xF0, 0xFF, 0xCF, 0xFC, 0xFF, 0xE7, 0xF3, 0x7E, 0x03, 0xE0, 0x1F,
    0x00, 0xF8, 0x07, 0xE0, 0x3F, 0x8C, 0xFF, 0xF7, 0xFF, 0x9F, 0xFC, 0x3F, 0xE0, 0x00, 0x70, 0x00,
    0x3E, 0x00, 0x1F, 0xC0, 0x0F, 0xF8, 0x03, 0xFE, 0x00, 0x63, 0x00, 0x00, 0x00, 0x00, 0x00, 0x03,
    0xFF, 0x03, 0xFF, 0xE1, 0xFF, 0xF8, 0xFF, 0xFE, 0x3F, 0x8F, 0x1F, 0x80, 0x07, 0xC0, 0x03, 0xF0,
    0x00, 0xFC, 0x00, 0x3F, 0x00, 0x0F, 0xC0, 0x03, 0xF0, 0x00, 0xFC, 0x00, 0x1F, 0x00, 0x07, 0xE0,
    0x01, 0xFF, 0x1E, 0x3F, 0xFF, 0x87, 0xFF, 0xE0, 0xFF, 0xF8, 0x0F, 0xFC, 0x01, 0x80, 0x3E, 0x03,
    0xF8, 0x3F, 0xE1, 0xFF, 0x06, 0x30, 0x00, 0x00, 0x00, 0x0F, 0xF0, 0xFF, 0xCF, 0xFC, 0xFF, 0xE7,
    0xF3, 0x7E, 0x03, 0xE0, 0x1F, 0x00, 0xF8, 0x07, 0xE0, 0x3F, 0x8C, 0xFF, 0xF7, 0xFF, 0x9F, 0xFC,
    0x3F, 0xE0, 0x00, 0xF0, 0x00, 0x3E, 0x00, 0x0F, 0x80, 0x03, 0xE0, 0x00, 0xF0, 0x00, 0x00, 0x00,
    0x00, 0x00, 0x0F, 0xFC, 0x0F, 0xFF, 0x87, 0xFF, 0xE3, 0xFF, 0xF8, 0xFE, 0x3C, 0x7E, 0x00, 0x1F,
    0x00, 0x0F, 0xC0, 0x03, 0xF0, 0x00, 0xFC, 0x00, 0x3F, 0x00, 0x0F, 0xC0, 0x03, 0xF0, 0x00, 0x7C,
    0x00, 0x1F, 0x80, 0x07, 0xFC, 0x78, 0xFF, 0xFE, 0x1F, 0xFF, 0x83, 0xFF, 0xE0, 0x3F, 0xF0, 0x03,
    0xC0, 0x3E, 0x01, 0xF0, 0x0F, 0x80, 0x3C, 0x00, 0x00, 0x00, 0x01, 0xFE, 0x1F, 0xF9, 0xFF, 0x9F,
    0xFC, 0xFE, 0x6F, 0xC0, 0x7C, 0x03, 0xE0, 0x1F, 0x00, 0xFC, 0x07, 0xF1, 0x9F, 0xFE, 0xFF, 0xF3,
    0xFF, 0x87, 0xFC, 0x01, 0x8C, 0x00, 0xFF, 0x80, 0x3F, 0xE0, 0x07, 0xF0, 0x00, 0xF8, 0x00, 0x18,
    0x00, 0x00, 0x00, 0x00, 0x00, 0x03, 0xFF, 0x03, 0xFF, 0xE1, 0xFF, 0xF8, 0xFF, 0xFE, 0x3F, 0x8F,
    0x1F, 0x80, 0x07, 0xC0, 0x03, 0xF0, 0x00, 0xFC, 0x00, 0x3F, 0x00, 0x0F, 0xC0, 0x03, 0xF0, 0x00,
    0xFC, 0x00, 0x1F, 0x00, 0x07, 0xE0, 0x01, 0xFF, 0x1E, 0x3F, 0xFF, 0x87, 0xFF, 0xE0, 0xFF, 0xF8,
    0x0F, 0xFC, 0x0C, 0x60, 0xFF, 0x87, 0xFC, 0x1F, 0xC0, 0x3C, 0x00, 0xC0, 0x00, 0x00, 0x00, 0x0F,
    0xF0, 0xFF, 0xCF, 0xFC, 0xFF, 0xE7, 0xF3, 0x7E, 0x03, 0xE0, 0x1F, 0x00, 0xF8, 0x07, 0xE0, 0x3F,
    0x8C, 0xFF, 0xF7, 0xFF, 0x9F, 0xFC, 0x3F, 0xE0, 0x0E, 0x30, 0x03, 0xFE, 0x00, 0xFF, 0x80, 0x1F,
    0xC0, 0x03, 0xC0, 0x00, 0x60, 0x00, 0x00, 0x00, 0x00, 0x00, 0xFF, 0xF0, 0x3F, 0xFF, 0x0F, 0xFF,
    0xE3, 0xFF, 0xFC, 0xF8, 0xFF, 0xBE, 0x07, 0xEF, 0x80, 0xFF, 0xE0, 0x3F, 0xF8, 0x07, 0xFE, 0x01,
    0xFF, 0x80, 0x7F, 0xE0, 0x1F, 0xF8, 0x0F, 0xFE, 0x03, 0xFF, 0x81, 0xFB, 0xE3, 0xFE, 0xFF, 0xFF,
    0x3F, 0xFF, 0x8F, 0xFF, 0xC3, 0xFF, 0xC0, 0x00, 0x3E, 0xF0, 0x01, 0xF7, 0x80, 0x0F, 0xBC, 0x00,
    0x7D, 0xE0, 0x03, 0xEF, 0x00, 0x1F, 0x78, 0x00, 0xFB, 0xC0, 0x07, 0xC0, 0x0F, 0xFE, 0x01, 0xFF,
    0xF0, 0x1F, 0xFF, 0x80, 0xFF, 0xFC, 0x0F, 0xE7, 0xE0, 0x7E, 0x1F, 0x03, 0xE0, 0xF8, 0x1F, 0x07,
    0xC0, 0xF8, 0x3E, 0x07, 0xE1, 0xF0, 0x3F, 0x8F, 0x80, 0xFF, 0xFC, 0x03, 0xFF, 0xE0, 0x1F, 0xFF,
    0x00, 0x3F, 0xF0, 0x00, 0x3F, 0xFC, 0x01, 0xFF, 0xF8, 0x0F, 0xFF, 0xF0, 0x7F, 0xFF, 0xC3, 0xF1,
    0xFE, 0x1F, 0x83, 0xF8, 0xFC, 0x0F, 0xC7, 0xE0, 0x3E, 0xFF, 0xE1, 0xF7, 0xFF, 0x0F, 0xFF, 0xF8,
    0x7E, 0x7E, 0x03, 0xE3, 0xF0, 0x1F, 0x1F, 0x81, 0xF8, 0xFC, 0x1F, 0xC7, 0xE3, 0xFC, 0x3F, 0xFF,
    0xE1, 0xFF, 0xFE, 0x0F, 0xFF, 0xC0, 0x7F, 0xF8, 0x00, 0x00, 0x3E, 0x00, 0x1F, 0x00, 0x0F, 0x80,
    0x7F, 0xF0, 0x3F, 0xF8, 0x1F, 0xFC, 0x00, 0xF8, 0x00, 0x7C, 0x0F, 0xFE, 0x1F, 0xFF, 0x1F, 0xFF,
    0x8F, 0xFF, 0xCF, 0xE7, 0xE7, 0xE1, 0xF3, 0xE0, 0xF9, 0xF0, 0x7C, 0xF8, 0x3E, 0x7E, 0x1F, 0x3F,
    0x8F, 0x8F, 0xFF, 0xC3, 0xFF, 0xE0, 0xFF, 0xF0, 0x3F, 0xF0, 0x3F, 0xF0, 0x7F, 0xE0, 0xFF, 0xC0,
    0x00, 0x00, 0x00, 0x1F, 0xFF, 0xBF, 0xFF, 0x7F, 0xFE, 0xFF, 0xFD, 0xF0, 0x03, 0xE0, 0x07, 0xC0,
    0x0F, 0xFF, 0x9F, 0xFF, 0x3F, 0xFE, 0x7F, 0xFC, 0xF8, 0x01, 0xF0, 0x03, 0xE0, 0x07, 0xC0, 0x0F,
    0x80, 0x1F, 0xFF, 0xFF, 0xFF, 0xFF, 0xFF, 0xFF, 0xFE, 0x3F, 0xF8, 0x7F, 0xF0, 0xFF, 0xE0, 0x00,
    0x00, 0x00, 0x00, 0x00, 0x03, 0xF8, 0x0F, 0xFC, 0x3F, 0xFC, 0xFF, 0xF9, 0xFB, 0xFF, 0xC1, 0xFF,
    0xFF, 0xFF, 0xFF, 0xFF, 0xFF, 0xFC, 0x00, 0xFE, 0x3C, 0xFF, 0xF8, 0xFF, 0xF1, 0xFF, 0xE0, 0xFF,
    0xC0, 0x3C, 0x70, 0x7D, 0xE0, 0x7F, 0xC0, 0xFF, 0x00, 0xFC, 0x00, 0x00, 0x3F, 0xFF, 0x7F, 0xFE,
    0xFF, 0xFD, 0xFF, 0xFB, 0xE0, 0x07, 0xC0, 0x0F, 0x80, 0x1F, 0xFF, 0x3F, 0xFE, 0x7F, 0xFC, 0xFF,
    0xF9, 0xF0, 0x03, 0xE0, 0x07, 0xC0, 0x0F, 0x80, 0x1F, 0x00, 0x3F, 0xFF, 0xFF, 0xFF, 0xFF, 0xFF,
    0xFF, 0xFC, 0x3C, 0x78, 0x3D, 0xE0, 0x7F, 0xC0, 0xFF, 0x00, 0x7C, 0x00, 0x00, 0x00, 0x00, 0x07,
    0xF0, 0x1F, 0xF8, 0x7F, 0xF9, 0xFF, 0xF3, 0xF7, 0xFF, 0x83, 0xFF, 0xFF, 0xFF, 0xFF, 0xFF, 0xFF,
    0xF8, 0x01, 0xFC, 0x79, 0xFF, 0xF1, 0xFF, 0xE3, 0xFF, 0xC1, 0xFF, 0x80, 0x07, 0x80, 0x0F, 0x80,
    0x1F, 0x00, 0x3E, 0x00, 0x78, 0x00, 0x00, 0x00, 0x00, 0x7F, 0xFE, 0xFF, 0xFD, 0xFF, 0xFB, 0xFF,
    0xF7, 0xC0, 0x0F, 0x80, 0x1F, 0x00, 0x3F, 0xFE, 0x7F, 0xFC, 0xFF, 0xF9, 0xFF, 0xF3, 0xE0, 0x07,
    0xC0, 0x0F, 0x80, 0x1F, 0x00, 0x3E, 0x00, 0x7F, 0xFF, 0xFF, 0xFF, 0xFF, 0xFF, 0xFF, 0xF8, 0x03,
    0x80, 0x0F, 0x80, 0x1F, 0x00, 0x3E, 0x00, 0x38, 0x00, 0x00, 0x00, 0x00, 0x07, 0xF0, 0x1F, 0xF8,
    0x7F, 0xF9, 0xFF, 0xF3, 0xF7, 0xFF, 0x83, 0xFF, 0xFF, 0xFF, 0xFF, 0xFF, 0xFF, 0xF8, 0x01, 0xFC,
    0x79, 0xFF, 0xF1, 0xFF, 0xE3, 0xFF, 0xC1, 0xFF, 0x80, 0xFF, 0xFC, 0xFF, 0xFC, 0xFF, 0xFC, 0xFF,
    0xFC, 0xF8, 0x00, 0xF8, 0x00, 0xF8, 0x00, 0xFF, 0xF8, 0xFF, 0xF8, 0xFF, 0xF8, 0xFF, 0xF8, 0xF8,
    0x00, 0xF8, 0x00, 0xF8, 0x00, 0xF8, 0x00, 0xF8, 0x00, 0xFF, 0xFE, 0xFF, 0xFE, 0xFF, 0xFE, 0xFF,
    0xFE, 0x00, 0x3C, 0x00, 0x78, 0x00, 0x78, 0x00, 0xFE, 0x00, 0x7E, 0x00, 0x7E, 0x0F, 0xE0, 0x3F,
    0xF0, 0xFF, 0xF3, 0xFF, 0xE7, 0xEF, 0xFF, 0x07, 0xFF, 0xFF, 0xFF, 0xFF, 0xFF, 0xFF, 0xF0, 0x03,
    0xF8, 0xF3, 0xFF, 0xE3, 0xFF, 0xC7, 0xFF, 0x83, 0xFF, 0x00, 0x7C, 0x01, 0xF0, 0x03, 0xC0, 0x07,
    0xF0, 0x0F, 0xE0, 0x0F, 0xC0, 0x1C, 0x60, 0x3F, 0xE0, 0x7F, 0xC0, 0x7F, 0x00, 0x78, 0x00, 0x60,
    0x00, 0x00, 0x00, 0x00, 0xFF, 0xFD, 0xFF, 0xFB, 0xFF, 0xF7, 0xFF, 0xEF, 0x80, 0x1F, 0x00, 0x3E,
    0x00, 0x7F, 0xFC, 0xFF, 0xF9, 0xFF, 0xF3, 0xFF, 0xE7, 0xC0, 0x0F, 0x80, 0x1F, 0x00, 0x3E, 0x00,
    0x7C, 0x00, 0xFF, 0xFF, 0xFF, 0xFF, 0xFF, 0xFF, 0xFF, 0xF0, 0x0C, 0x60, 0x3F, 0xE0, 0x7F, 0xC0,
    0x7F, 0x00, 0x7C, 0x00, 0x30, 0x00, 0x00, 0x00, 0x00, 0x0F, 0xE0, 0x3F, 0xF0, 0xFF, 0xF3, 0xFF,
    0xE7, 0xEF, 0xFF, 0x07, 0xFF, 0xFF, 0xFF, 0xFF, 0xFF, 0xFF, 0xF0, 0x03, 0xF8, 0xF3, 0xFF, 0xE3,
    0xFF, 0xC7, 0xFF, 0x83, 0xFF, 0x00, 0x00, 0x60, 0x00, 0x3E, 0x00, 0x1F, 0xC0, 0x0F, 0xF8, 0x03,
    0xFE, 0x00, 0x63, 0x00, 0x00, 0x00, 0x00, 0x00, 0x03, 0xFF, 0x03, 0xFF, 0xE1, 0xFF, 0xF8, 0xFF,
    0xFE, 0x3F, 0xC7, 0x9F, 0x80, 0x07, 0xC0, 0x03, 0xF0, 0x00, 0xFC, 0x00, 0x3F, 0x01, 0xFF, 0xC0,
    0x7F, 0xF0, 0x1F, 0xFC, 0x07, 0xDF, 0x01, 0xF7, 0xE0, 0x7D, 0xFE, 0x3F, 0x3F, 0xFF, 0xC7, 0xFF,
    0xF0, 0xFF, 0xFC, 0x0F, 0xFE, 0x01, 0x80, 0x07, 0x80, 0x1F, 0x80, 0x7F, 0xC0, 0xFF, 0x81, 0xC6,
    0x00, 0x00, 0x00, 0x00, 0x0F, 0xFC, 0x7F, 0xFD, 0xFF, 0xFB, 0xFF, 0xFF, 0xE7, 0xFF, 0x0F, 0xFE,
    0x1F, 0xFC, 0x3F, 0xFE, 0x7F, 0xFF, 0xFD, 0xFF, 0xF9, 0xFF, 0xF1, 0xFF, 0xE0, 0x0F, 0xC0, 0x1F,
    0x3C, 0x7E, 0x7F, 0xFC, 0xFF, 0xF1, 0xFF, 0xE3, 0xFF, 0x00, 0x07, 0x8E, 0x01, 0xF7, 0x80, 0x3F,
    0xE0, 0x0F, 0xF0, 0x01, 0xF8, 0x00, 0x00, 0x00, 0x3F, 0xF0, 0x3F, 0xFE, 0x1F, 0xFF, 0x8F, 0xFF,
    0xE3, 0xFC, 0x79, 0xF8, 0x00, 0x7C, 0x00, 0x3F, 0x00, 0x0F, 0xC0, 0x03, 0xF0, 0x1F, 0xFC, 0x07,
    0xFF, 0x01, 0xFF, 0xC0, 0x7D, 0xF0, 0x1F, 0x7E, 0x07, 0xDF, 0xE3, 0xF3, 0xFF, 0xFC, 0x7F, 0xFF,
    0x0F, 0xFF, 0xC0, 0xFF, 0xE0, 0x1E, 0x78, 0x3E, 0xF0, 0x3F, 0xE0, 0x7F, 0x80, 0x7E, 0x00, 0x00,
    0x00, 0x00, 0x07, 0xFE, 0x3F, 0xFE, 0xFF, 0xFD, 0xFF, 0xFF, 0xF3, 0xFF, 0x87, 0xFF, 0x0F, 0xFE,
    0x1F, 0xFF, 0x3F, 0xFF, 0xFE, 0xFF, 0xFC, 0xFF, 0xF8, 0xFF, 0xF0, 0x07, 0xE0, 0x0F, 0x9E, 0x3F,
    0x3F, 0xFE, 0x7F, 0xF8, 0xFF, 0xF1, 0xFF, 0x80, 0x00, 0xF0, 0x00, 0x3E, 0x00, 0x0F, 0x80, 0x03,
    0xE0, 0x00, 0xF0, 0x00, 0x00, 0x00, 0x00, 0x00, 0x0F, 0xFC, 0x0F, 0xFF, 0x87, 0xFF, 0xE3, 0xFF,
    0xF8, 0xFF, 0x1E, 0x7E, 0x00, 0x1F, 0x00, 0x0F, 0xC0, 0x03, 0xF0, 0x00, 0xFC, 0x07, 0xFF, 0x01,
    0xFF, 0xC0, 0x7F, 0xF0, 0x1F, 0x7C, 0x07, 0xDF, 0x81, 0xF7, 0xF8, 0xFC, 0xFF, 0xFF, 0x1F, 0xFF,
    0xC3, 0xFF, 0xF0, 0x3F, 0xF8, 0x03, 0xC0, 0x0F, 0x80, 0x1F, 0x80, 0x3E, 0x00, 0x3C, 0x00, 0x00,
    0x00, 0x00, 0x07, 0xFE, 0x3F, 0xFE, 0xFF, 0xFD, 0xFF, 0xFF, 0xF3, 0xFF, 0x87, 0xFF, 0x0F, 0xFE,
    0x1F, 0xFF, 0x3F, 0xFF, 0xFE, 0xFF, 0xFC, 0xFF, 0xF8, 0xFF, 0xF0, 0x07, 0xE0, 0x0F, 0x9E, 0x3F,
    0x3F, 0xFE, 0x7F, 0xF8, 0xFF, 0xF1, 0xFF, 0x80, 0x03, 0xFF, 0x03, 0xFF, 0xE1, 0xFF, 0xF8, 0xFF,
    0xFE, 0x3F, 0xC7, 0x9F, 0x80, 0x07, 0xC0, 0x03, 0xF0, 0x00, 0xFC, 0x00, 0x3F, 0x01, 0xFF, 0xC0,
    0x7F, 0xF0, 0x1F, 0xFC, 0x07, 0xDF, 0x01, 0xF7, 0xE0, 0x7D, 0xFE, 0x3F, 0x3F, 0xFF, 0xC7, 0xFF,
    0xF0, 0xFF, 0xFC, 0x0F, 0xFE, 0x00, 0x00, 0x00, 0x00, 0x00, 0x07, 0x80, 0x03, 0xE0, 0x01, 0xF8,
    0x00, 0x7C, 0x00, 0x1E, 0x00, 0x00, 0xE0, 0x03, 0xE0, 0x0F, 0x80, 0x1E, 0x00, 0x3C, 0x00, 0x78,
    0x00, 0x00, 0x00, 0x00, 0x0F, 0xFC, 0x7F, 0xFD, 0xFF, 0xFB, 0xFF, 0xFF, 0xE7, 0xFF, 0x0F, 0xFE,
    0x1F, 0xFC, 0x3F, 0xFE, 0x7F, 0xFF, 0xFD, 0xFF, 0xF9, 0xFF, 0xF1, 0xFF, 0xE0, 0x0F, 0xC0, 0x1F,
    0x3C, 0x7E, 0x7F, 0xFC, 0xFF, 0xF1, 0xFF, 0xE3, 0xFF, 0x00, 0x00, 0xC0, 0x01, 0xF0, 0x01, 0xFC,
    0x01, 0xFF, 0x00, 0xFF, 0x80, 0x31, 0x80, 0x00, 0x00, 0x00, 0x00, 0xF8, 0x0F, 0xFC, 0x07, 0xFE,
    0x03, 0xFF, 0x01, 0xFF, 0x80, 0xFF, 0xC0, 0x7F, 0xE0, 0x3F, 0xF0, 0x1F, 0xFF, 0xFF, 0xFF, 0xFF,
    0xFF, 0xFF, 0xFF, 0xFF, 0xFF, 0x80, 0xFF, 0xC0, 0x7F, 0xE0, 0x3F, 0xF0, 0x1F, 0xF8, 0x0F, 0xFC,
    0x07, 0xFE, 0x03, 0xFF, 0x01, 0xF0, 0x0E, 0x00, 0x3E, 0x01, 0xFE, 0x03, 0xFE, 0x07, 0x18, 0x00,
    0x00, 0x1F, 0x00, 0x3E, 0x00, 0x7C, 0x00, 0xF8, 0x01, 0xF0, 0x03, 0xE0, 0x07, 0xC0, 0x0F, 0x80,
    0x1F, 0xFC, 0x3F, 0xFC, 0x7F, 0xFC, 0xFF, 0xF9, 0xF3, 0xF3, 0xE3, 0xF7, 0xC7, 0xEF, 0x8F, 0xDF,
    0x1F, 0xBE, 0x3F, 0x7C, 0x7E, 0xF8, 0xFD, 0xF1, 0xFB, 0xE3, 0xF7, 0xC7, 0xE0, 0x3F, 0x03, 0xF0,
    0xFC, 0x0F, 0xCF, 0xFF, 0xFF, 0xFF, 0xFF, 0xFF, 0xFF, 0xFF, 0xFC, 0xFC, 0x0F, 0xC3, 0xF0, 0x3F,
    0x0F, 0xC0, 0xFC, 0x3F, 0xFF, 0xF0, 0xFF, 0xFF, 0xC3, 0xFF, 0xFF, 0x0F, 0xFF, 0xFC, 0x3F, 0x03,
    0xF0, 0xFC, 0x0F, 0xC3, 0xF0, 0x3F, 0x0F, 0xC0, 0xFC, 0x3F, 0x03, 0xF0, 0xFC, 0x0F, 0xC3, 0xF0,
    0x3F, 0x0F, 0xC0, 0xFC, 0x3E, 0x00, 0x3E, 0x00, 0x3E, 0x00, 0xFF, 0xE0, 0xFF, 0xE0, 0xFF, 0xE0,
    0x3E, 0x00, 0x3E, 0x00, 0x3F, 0xF8, 0x3F, 0xFC, 0x3F, 0xFE, 0x3F, 0xFE, 0x3E, 0x7F, 0x3E, 0x1F,
    0x3E, 0x1F, 0x3E, 0x1F, 0x3E, 0x1F, 0x3E, 0x1F, 0x3E, 0x1F, 0x3E, 0x1F, 0x3E, 0x1F, 0x3E, 0x1F,
    0x3E, 0x1F, 0x7E, 0xCF, 0xFF, 0xFF, 0xB3, 0xE0, 0x00, 0x00, 0x00, 0x00, 0xF8, 0x1F, 0x03, 0xE0,
    0x7C, 0x0F, 0x81, 0xF0, 0x3E, 0x07, 0xC0, 0xF8, 0x1F, 0x03, 0xE0, 0x7C, 0x0F, 0x81, 0xF0, 0x3E,
    0x07, 0xC0, 0xF8, 0x1F, 0x03, 0xE0, 0x7C, 0x00, 0x3E, 0xE7, 0xFF, 0x7F, 0xE3, 0x7C, 0x00, 0x00,
    0x00, 0x00, 0x00, 0xF8, 0x0F, 0x80, 0xF8, 0x0F, 0x80, 0xF8, 0x0F, 0x80, 0xF8, 0x0F, 0x80, 0xF8,
    0x0F, 0x80, 0xF8, 0x0F, 0x80, 0xF8, 0x0F, 0x80, 0xF8, 0x7F, 0xEF, 0xFD, 0xFF, 0x80, 0x00, 0x00,
    0x3E, 0x07, 0xC0, 0xF8, 0x1F, 0x03, 0xE0, 0x7C, 0x0F, 0x81, 0xF0, 0x3E, 0x07, 0xC0, 0xF8, 0x1F,
    0x03, 0xE0, 0x7C, 0x0F, 0x81, 0xF0, 0x3E, 0x07, 0xC0, 0xF8, 0x1F, 0x00, 0xFF, 0xFF, 0xFF, 0xFC,
    0x00, 0x00, 0x00, 0x01, 0xF0, 0x7C, 0x1F, 0x07, 0xC1, 0xF0, 0x7C, 0x1F, 0x07, 0xC1, 0xF0, 0x7C,
    0x1F, 0x07, 0xC1, 0xF0, 0x7C, 0x1F, 0x00, 0xF3, 0xFD, 0xFF, 0xFD, 0xFE, 0x3F, 0x00, 0x03, 0xE0,
    0xF8, 0x3E, 0x0F, 0x83, 0xE0, 0xF8, 0x3E, 0x0F, 0x83, 0xE0, 0xF8, 0x3E, 0x0F, 0x83, 0xE0, 0xF8,
    0x3E, 0x0F, 0x83, 0xE0, 0xF8, 0x3E, 0x0F, 0x80, 0xF1, 0xFE, 0xF7, 0xFD, 0xFE, 0x3F, 0x00, 0x00,
    0x00, 0x7C, 0x1F, 0x07, 0xC1, 0xF0, 0x7C, 0x1F, 0x07, 0xC1, 0xF0, 0x7C, 0x1F, 0x07, 0xC1, 0xF0,
    0x7C, 0x1F, 0x07, 0xC0, 0x3E, 0x3E, 0x3E, 0x3E, 0x3E, 0x3E, 0x3E, 0x3E, 0x3E, 0x3E, 0x3E, 0x3E,
    0x3E, 0x3E, 0x3E, 0x3E, 0x3E, 0x3E, 0x3E, 0x3E, 0x3E, 0x7C, 0x78, 0x7F, 0x7F, 0x7F, 0x3C, 0xFD,
    0xFB, 0xF3, 0xC0, 0x00, 0x00, 0x3E, 0x7C, 0xF9, 0xF3, 0xE7, 0xCF, 0x9F, 0x3E, 0x7C, 0xF9, 0xF3,
    0xE7, 0xCF, 0x9E, 0x79, 0xF3, 0xFF, 0xF7, 0xE0, 0x77, 0xFF, 0xF7, 0x00, 0x1F, 0xFF, 0xFF, 0xFF,
    0xFF, 0xFF, 0xFF, 0xFF, 0xFF, 0xFF, 0xFF, 0xFF, 0xFE, 0xFF, 0xFF, 0xFF, 0xFF, 0xFF, 0xFF, 0xFF,
    0xFF, 0xFF, 0xE0, 0xF8, 0x01, 0xFF, 0xC0, 0x0F, 0xFE, 0x00, 0x7F, 0xF0, 0x03, 0xFF, 0x80, 0x1F,
    0xFC, 0x00, 0xFF, 0xE0, 0x07, 0xFF, 0x00, 0x3F, 0xF8, 0x01, 0xFF, 0xC0, 0x0F, 0xFE, 0x00, 0x7F,
    0xF0, 0x03, 0xFF, 0x80, 0x1F, 0xFC, 0x00, 0xFF, 0xE0, 0x07, 0xFF, 0x1E, 0x7E, 0xF8, 0xFF, 0xF7,
    0xCF, 0xFF, 0xBE, 0x7F, 0xF9, 0xF0, 0xFF, 0x00, 0x78, 0x7D, 0xF8, 0xFB, 0xF1, 0xF7, 0xE3, 0xE7,
    0x87, 0xC0, 0x00, 0x00, 0x00, 0x00, 0x00, 0x7C, 0x7C, 0xF8, 0xF9, 0xF1, 0xF3, 0xE3, 0xE7, 0xC7,
    0xCF, 0x8F, 0x9F, 0x1F, 0x3E, 0x3E, 0x7C, 0x7C, 0xF8, 0xF9, 0xF1, 0xF3, 0xE3, 0xE7, 0xC7, 0xCF,
    0x8F, 0x9F, 0x1F, 0x00, 0x7E, 0x07, 0xFC, 0x0F, 0xF0, 0x1F, 0xE0, 0x3F, 0x80, 0x00, 0x30, 0x00,
    0x78, 0x00, 0xFC, 0x01, 0xFE, 0x03, 0xFF, 0x01, 0x86, 0x00, 0x00, 0x00, 0x00, 0x00, 0xFC, 0x00,
    0xFC, 0x00, 0xFC, 0x00, 0xFC, 0x00, 0xFC, 0x00, 0xFC, 0x00, 0xFC, 0x00, 0xFC, 0x00, 0xFC, 0x00,
    0xFC, 0x00, 0xFC, 0x00, 0xFC, 0x00, 0xFC, 0x00, 0xFC, 0x00, 0xFC, 0x79, 0xF8, 0x7F, 0xF8, 0xFF,
    0xF8, 0xFF, 0xF0, 0x3F, 0xC0, 0x03, 0x00, 0x78, 0x0F, 0xE1, 0xFF, 0x1F, 0xF1, 0xC6, 0x00, 0x00,
    0x00, 0x07, 0xC0, 0x7C, 0x07, 0xC0, 0x7C, 0x07, 0xC0, 0x7C, 0x07, 0xC0, 0x7C, 0x07, 0xC0, 0x7C,
    0x07, 0xC0, 0x7C, 0x07, 0xC0, 0x7C, 0x07, 0xC0, 0xFC, 0x7F, 0x87, 0xF8, 0x7F, 0x07, 0xE0, 0xF8,
    0x1F, 0xBE, 0x0F, 0xCF, 0x87, 0xE3, 0xE3, 0xF0, 0xF9, 0xFC, 0x3E, 0xFE, 0x0F, 0xFF, 0x03, 0xFF,
    0x80, 0xFF, 0xC0, 0x3F, 0xE0, 0x0F, 0xFC, 0x03, 0xFF, 0x80, 0xFB, 0xF0, 0x3E, 0x7E, 0x0F, 0x9F,
    0xC3, 0xE3, 0xF8, 0xF8, 0x7E, 0x3E, 0x0F, 0xCF, 0x81, 0xFB, 0xE0, 0x7F, 0x00, 0x00, 0x00, 0x00,
    0x00, 0x1E, 0x00, 0x0F, 0x80, 0x0F, 0xE0, 0x03, 0xF0, 0x00, 0xF8, 0x00, 0xF8, 0x01, 0xF0, 0x03,
    0xE0, 0x07, 0xC0, 0x0F, 0x80, 0x1F, 0x00, 0x3E, 0x00, 0x7C, 0x00, 0xF8, 0xFD, 0xF3, 0xF3, 0xEF,
    0xC7, 0xFF, 0x8F, 0xFE, 0x1F, 0xF8, 0x3F, 0xE0, 0x7F, 0xE0, 0xFF, 0xC1, 0xFF, 0xC3, 0xEF, 0xC7,
    0xCF, 0xCF, 0x8F, 0x9F, 0x1F, 0xBE, 0x1F, 0x80, 0x00, 0x00, 0x00, 0x0F, 0x00, 0x3E, 0x00, 0xFC,
    0x01, 0xF0, 0x03, 0xE0, 0x00, 0xF8, 0xFD, 0xF3, 0xF3, 0xEF, 0xC7, 0xDF, 0x0F, 0xFE, 0x1F, 0xF8,
    0x3F, 0xE0, 0x7F, 0xC0, 0xFF, 0xC1, 0xFF, 0xC3, 0xEF, 0xC7, 0xCF, 0xCF, 0x9F, 0x9F, 0x1F, 0xBE,
    0x1F, 0x80, 0x1C, 0x00, 0xF8, 0x07, 0xE0, 0x3F, 0x00, 0xF0, 0x01, 0x80, 0x00, 0x00, 0x00, 0x00,
    0xF8, 0x03, 0xE0, 0x0F, 0x80, 0x3E, 0x00, 0xF8, 0x03, 0xE0, 0x0F, 0x80, 0x3E, 0x00, 0xF8, 0x03,
    0xE0, 0x0F, 0x80, 0x3E, 0x00, 0xF8, 0x03, 0xE0, 0x0F, 0x80, 0x3E, 0x00, 0xFF, 0xFF, 0xFF, 0xFF,
    0xFF, 0xFF, 0xFF, 0x06, 0x1F, 0x7F, 0xFE, 0x70, 0x00, 0x7C, 0x7C, 0x7C, 0x7C, 0x7C, 0x7C, 0x7C,
    0x7C, 0x7C, 0x7C, 0x7C, 0x7C, 0x7C, 0x7C, 0x7C, 0x7C, 0x7C, 0x7C, 0x7E, 0x7F, 0x7F, 0x3F, 0x1F,
    0xF8, 0x03, 0xE0, 0x0F, 0x80, 0x3E, 0x00, 0xF8, 0x03, 0xE0, 0x0F, 0x80, 0x3E, 0x00, 0xF8, 0x03,
    0xE0, 0x0F, 0x80, 0x3E, 0x00, 0xF8, 0x03, 0xE0, 0x0F, 0x80, 0x3E, 0x00, 0xFF, 0xFF, 0xFF, 0xFF,
    0xFF, 0xFF, 0xFF, 0x00, 0x00, 0x00, 0x00, 0x3C, 0x01, 0xF0, 0x0F, 0xC0, 0x3E, 0x00, 0xF0, 0x00,
    0x7C, 0x7C, 0x7C, 0x7C, 0x7C, 0x7C, 0x7C, 0x7C, 0x7C, 0x7C, 0x7C, 0x7C, 0x7C, 0x7C, 0x7C, 0x7C,
    0x7C, 0x7C, 0x7E, 0x7F, 0x7F, 0x3F, 0x1F, 0x00, 0x00, 0x3C, 0x7C, 0xFC, 0xFC, 0xF8, 0x01, 0xF3,
    0xE7, 0x8F, 0x9E, 0x3E, 0x78, 0xF9, 0xE3, 0xE7, 0x8F, 0x9E, 0x3E, 0x00, 0xF8, 0x03, 0xE0, 0x0F,
    0x80, 0x3E, 0x00, 0xF8, 0x03, 0xE0, 0x0F, 0x80, 0x3E, 0x00, 0xF8, 0x03, 0xFF, 0xFF, 0xFF, 0xFF,
    0xFF, 0xFF, 0xFC, 0xFB, 0xFE, 0xFF, 0xBF, 0xEF, 0xFB, 0xFE, 0xFF, 0xBB, 0xE0, 0xF8, 0x3E, 0x0F,
    0x83, 0xE0, 0xF8, 0x3E, 0x0F, 0x83, 0xE0, 0xF8, 0x3E, 0x0F, 0xC3, 0xF8, 0xFE, 0x1F, 0x83, 0xE0,
    0xF8, 0x03, 0xE0, 0x0F, 0x80, 0x3E, 0x00, 0xF8, 0x03, 0xE0, 0x0F, 0x87, 0xBE, 0x3F, 0xF8, 0xFF,
    0xE3, 0xFF, 0x87, 0xBE, 0x00, 0xF8, 0x03, 0xE0, 0x0F, 0x80, 0x3E, 0x00, 0xFF, 0xFF, 0xFF, 0xFF,
    0xFF, 0xFF, 0xFF, 0xF8, 0x07, 0xC0, 0x3E, 0x01, 0xF0, 0x0F, 0x80, 0x7C, 0x03, 0xE0, 0x1F, 0x00,
    0xF9, 0xF7, 0xCF, 0xBE, 0x7F, 0xF3, 0xEF, 0x9F, 0x7C, 0x03, 0xE0, 0x1F, 0x00, 0xF8, 0x07, 0xC0,
    0x3F, 0x01, 0xFC, 0x0F, 0xE0, 0x3F, 0x00, 0xF8, 0x00, 0x1F, 0x00, 0x0F, 0x80, 0x07, 0xC0, 0x03,
    0xE0, 0x01, 0xF0, 0x00, 0xFB, 0x80, 0x7F, 0xC0, 0x3F, 0xF0, 0x1F, 0xF0, 0x3F, 0xE0, 0x3F, 0xC0,
    0x1F, 0xE0, 0x07, 0xF0, 0x02, 0xF8, 0x00, 0x7C, 0x00, 0x3E, 0x00, 0x1F, 0xFF, 0x8F, 0xFF, 0xC7,
    0xFF, 0xE3, 0xFF, 0xF0, 0x0F, 0x81, 0xF8, 0x1F, 0x81, 0xF8, 0x1F, 0x81, 0xF8, 0x1F, 0xE1, 0xFE,
    0x1F, 0xF1, 0xFE, 0x7F, 0x87, 0xF8, 0x7F, 0x83, 0xF8, 0x1F, 0x81, 0xF8, 0x1F, 0x81, 0xF8, 0x0F,
    0xC0, 0xFE, 0x0F, 0xE0, 0x7E, 0x03, 0xC0, 0x00, 0x60, 0x00, 0x3E, 0x00, 0x1F, 0x80, 0x0F, 0x80,
    0x03, 0xC0, 0x00, 0x60, 0x00, 0x00, 0x00, 0x00, 0x00, 0xF8, 0x07, 0xFF, 0x01, 0xFF, 0xE0, 0x7F,
    0xFC, 0x1F, 0xFF, 0x07, 0xFF, 0xE1, 0xFF, 0xFC, 0x7F, 0xFF, 0x9F, 0xFB, 0xE7, 0xFE, 0xFD, 0xFF,
    0x9F, 0xFF, 0xE3, 0xFF, 0xF8, 0x7F, 0xFE, 0x1F, 0xFF, 0x83, 0xFF, 0xE0, 0x7F, 0xF8, 0x1F, 0xFE,
    0x03, 0xFF, 0x80, 0x7F, 0xE0, 0x1F, 0x03, 0x80, 0x1F, 0x00, 0xFC, 0x07, 0xE0, 0x1E, 0x00, 0x30,
    0x00, 0x00, 0x00, 0x00, 0xFF, 0xE3, 0xFF, 0xCF, 0xFF, 0xBF, 0xFE, 0xF9, 0xFB, 0xE3, 0xFF, 0x8F,
    0xFE, 0x3F, 0xF8, 0xFF, 0xE3, 0xFF, 0x8F, 0xFE, 0x3F, 0xF8, 0xFF, 0xE3, 0xFF, 0x8F, 0xC0, 0xF8,
    0x07, 0xFF, 0x01, 0xFF, 0xE0, 0x7F, 0xFC, 0x1F, 0xFF, 0x07, 0xFF, 0xE1, 0xFF, 0xFC, 0x7F, 0xFF,
    0x9F, 0xFB, 0xE7, 0xFE, 0xFD, 0xFF, 0x9F, 0xFF, 0xE3, 0xFF, 0xF8, 0x7F, 0xFE, 0x1F, 0xFF, 0x83,
    0xFF, 0xE0, 0x7F, 0xF8, 0x1F, 0xFE, 0x03, 0xFF, 0x80, 0x7F, 0xE0, 0x1F, 0x00, 0x00, 0x00, 0x00,
    0x00, 0x1F, 0x00, 0x07, 0xC0, 0x07, 0xE0, 0x01, 0xF8, 0x00, 0x7C, 0x00, 0xFF, 0xE3, 0xFF, 0xCF,
    0xFF, 0xBF, 0xFE, 0xF9, 0xFB, 0xE3, 0xFF, 0x8F, 0xFE, 0x3F, 0xF8, 0xFF, 0xE3, 0xFF, 0x8F, 0xFE,
    0x3F, 0xF8, 0xFF, 0xE3, 0xFF, 0x8F, 0xC0, 0x00, 0x00, 0x00, 0x1E, 0x00, 0xF8, 0x0F, 0xE0, 0x3F,
    0x00, 0xF8, 0x00, 0x06, 0x30, 0x03, 0xFE, 0x00, 0xFF, 0x80, 0x1F, 0xC0, 0x03, 0xE0, 0x00, 0x30,
    0x00, 0x00, 0x00, 0x00, 0x00, 0xF8, 0x07, 0xFF, 0x01, 0xFF, 0xE0, 0x7F, 0xFC, 0x1F, 0xFF, 0x07,
    0xFF, 0xE1, 0xFF, 0xFC, 0x7F, 0xFF, 0x9F, 0xFB, 0xE7, 0xFE, 0xFD, 0xFF, 0x9F, 0xFF, 0xE3, 0xFF,
    0xF8, 0x7F, 0xFE, 0x1F, 0xFF, 0x83, 0xFF, 0xE0, 0x7F, 0xF8, 0x1F, 0xFE, 0x03, 0xFF, 0x80, 0x7F,
    0xE0, 0x1F, 0x18, 0xC0, 0xFF, 0x83, 0xFE, 0x07, 0xF0, 0x0F, 0x80, 0x1C, 0x00, 0x00, 0x00, 0x00,
    0xFF, 0xE3, 0xFF, 0xCF, 0xFF, 0xBF, 0xFE, 0xF9, 0xFB, 0xE3, 0xFF, 0x8F, 0xFE, 0x3F, 0xF8, 0xFF,
    0xE3, 0xFF, 0x8F, 0xFE, 0x3F, 0xF8, 0xFF, 0xE3, 0xFF, 0x8F, 0xC0, 0x7C, 0x00, 0x1F, 0x00, 0x07,
    0x80, 0x01, 0xE0, 0x00, 0x78, 0x00, 0x3C, 0x00, 0x0F, 0x00, 0x00, 0x00, 0x00, 0x0F, 0xFC, 0x03,
    0xFF, 0xC0, 0xFF, 0xF8, 0x3F, 0xFE, 0x0F, 0x9F, 0x83, 0xE3, 0xE0, 0xF8, 0xF8, 0x3E, 0x3E, 0x0F,
    0x8F, 0x83, 0xE3, 0xE0, 0xF8, 0xF8, 0x3E, 0x3E, 0x0F, 0x8F, 0x83, 0xE3, 0xE0, 0xF8, 0xF8, 0xF8,
    0x07, 0xFF, 0x01, 0xFF, 0xE0, 0x7F, 0xFC, 0x1F, 0xFF, 0x07, 0xFF, 0xE1, 0xFF, 0xFC, 0x7F, 0xFF,
    0x9F, 0xFB, 0xE7, 0xFE, 0xFD, 0xFF, 0x9F, 0xFF, 0xE3, 0xFF, 0xF8, 0x7F, 0xFE, 0x1F, 0xFF, 0x83,
    0xFF, 0xE0, 0x7F, 0xF8, 0x1F, 0xFE, 0x03, 0xFF, 0x80, 0xFF, 0xE0, 0x1F, 0x00, 0x07, 0xC0, 0x03,
    0xF0, 0x07, 0xFC, 0x01, 0xFE, 0x00, 0x7F, 0x80, 0x1F, 0xC0, 0xFF, 0xE3, 0xFF, 0xCF, 0xFF, 0xBF,
    0xFE, 0xF9, 0xFB, 0xE3, 0xFF, 0x8F, 0xFE, 0x3F, 0xF8, 0xFF, 0xE3, 0xFF, 0x8F, 0xFE, 0x3F, 0xF8,
    0xFF, 0xE3, 0xFF, 0x8F, 0xC0, 0x3F, 0x00, 0xF8, 0x1F, 0xE0, 0x7F, 0x81, 0xFC, 0x07, 0xFF, 0x00,
    0x3F, 0xF8, 0x01, 0xFF, 0xC0, 0x00, 0x00, 0x00, 0x00, 0x00, 0x01, 0xFF, 0x00, 0x3F, 0xFE, 0x03,
    0xFF, 0xF8, 0x3F, 0xFF, 0xE1, 0xFC, 0x7F, 0x1F, 0x80, 0xFC, 0xF8, 0x03, 0xEF, 0xC0, 0x1F, 0xFE,
    0x00, 0xFF, 0xF0, 0x07, 0xFF, 0x80, 0x3F, 0xFC, 0x01, 0xFF, 0xE0, 0x0F, 0xDF, 0x00, 0x7C, 0xFC,
    0x07, 0xE7, 0xF8, 0xFE, 0x1F, 0xFF, 0xF0, 0x7F, 0xFF, 0x01, 0xFF, 0xF0, 0x03, 0xFE, 0x00, 0x1F,
    0xF8, 0x1F, 0xF8, 0x1F, 0xF8, 0x00, 0x00, 0x00, 0x00, 0x00, 0x00, 0x0F, 0xF0, 0x1F, 0xF8, 0x3F,
    0xFC, 0x7F, 0xFE, 0xFE, 0xFE, 0xFC, 0x3E, 0xF8, 0x3F, 0xF8, 0x3F, 0xF8, 0x3F, 0xFC, 0x3E, 0xFE,
    0x7E, 0x7F, 0xFE, 0x3F, 0xFC, 0x1F, 0xF8, 0x0F, 0xF0, 0x07, 0x8F, 0x00, 0x1E, 0xF0, 0x00, 0xFF,
    0x80, 0x07, 0xF8, 0x00, 0x0F, 0x80, 0x00, 0x00, 0x00, 0x0F, 0xF8, 0x01, 0xFF, 0xF0, 0x1F, 0xFF,
    0xC1, 0xFF, 0xFF, 0x0F, 0xE3, 0xF8, 0xFC, 0x07, 0xE7, 0xC0, 0x1F, 0x7E, 0x00, 0xFF, 0xF0, 0x07,
    0xFF, 0x80, 0x3F, 0xFC, 0x01, 0xFF, 0xE0, 0x0F, 0xFF, 0x00, 0x7E, 0xF8, 0x03, 0xE7, 0xE0, 0x3F,
    0x3F, 0xC7, 0xF0, 0xFF, 0xFF, 0x83, 0xFF, 0xF8, 0x0F, 0xFF, 0x80, 0x1F, 0xF0, 0x00, 0x1C, 0x78,
    0x1E, 0xF8, 0x1F, 0xF0, 0x0F, 0xF0, 0x07, 0xE0, 0x00, 0x00, 0x00, 0x00, 0x0F, 0xF0, 0x1F, 0xF8,
    0x3F, 0xFC, 0x7F, 0xFE, 0xFE, 0xFE, 0xFC, 0x3E, 0xF8, 0x3F, 0xF8, 0x3F, 0xF8, 0x3F, 0xFC, 0x3E,
    0xFE, 0x7E, 0x7F, 0xFE, 0x3F, 0xFC, 0x1F, 0xF8, 0x0F, 0xF0, 0x00, 0xC3, 0x00, 0x07, 0x9E, 0x00,
    0x7D, 0xF0, 0x07, 0xDF, 0x00, 0x3D, 0xF0, 0x01, 0xC7, 0x00, 0x00, 0x00, 0x00, 0x00, 0x00, 0x03,
    0xFE, 0x00, 0x7F, 0xFC, 0x07, 0xFF, 0xF0, 0x7F, 0xFF, 0xC3, 0xF8, 0xFE, 0x3F, 0x01, 0xF9, 0xF0,
    0x07, 0xDF, 0x80, 0x3F, 0xFC, 0x01, 0xFF, 0xE0, 0x0F, 0xFF, 0x00, 0x7F, 0xF8, 0x03, 0xFF, 0xC0,
    0x1F, 0xBE, 0x00, 0xF9, 0xF8, 0x0F, 0xCF, 0xF1, 0xFC, 0x3F, 0xFF, 0xE0, 0xFF, 0xFE, 0x03, 0xFF,
    0xE0, 0x07, 0xFC, 0x00, 0x03, 0x18, 0x07, 0x9E, 0x0F, 0xBE, 0x1F, 0x7C, 0x1E, 0x78, 0x1C, 0x70,
    0x00, 0x00, 0x00, 0x00, 0x0F, 0xF0, 0x1F, 0xF8, 0x3F, 0xFC, 0x7F, 0xFE, 0xFE, 0xFE, 0xFC, 0x3E,
    0xF8, 0x3F, 0xF8, 0x3F, 0xF8, 0x3F, 0xFC, 0x3E, 0xFE, 0x7E, 0x7F, 0xFE, 0x3F, 0xFC, 0x1F, 0xF8,
    0x0F, 0xF0, 0x03, 0xFF, 0xFF, 0xE1, 0xFF, 0xFF, 0xFC, 0x7F, 0xFF, 0xFF, 0x9F, 0xFF, 0xFF, 0xF7,
    0xFC, 0x7C, 0x00, 0xFC, 0x0F, 0x80, 0x1F, 0x01, 0xF0, 0x07, 0xE0, 0x3E, 0x00, 0xFC, 0x07, 0xFF,
    0xDF, 0x80, 0xFF, 0xFB, 0xF0, 0x1F, 0xFF, 0x7E, 0x03, 0xFF, 0xEF, 0xC0, 0x7C, 0x00, 0xF8, 0x0F,
    0x80, 0x1F, 0x81, 0xF0, 0x03, 0xFE, 0x3E, 0x00, 0x3F, 0xFF, 0xFF, 0xE3, 0xFF, 0xFF, 0xFC, 0x3F,
    0xFF, 0xFF, 0x81, 0xFF, 0xFF, 0xF0, 0x0F, 0xE1, 0xFC, 0x0F, 0xFB, 0xFF, 0x0F, 0xFF, 0xFF, 0xCF,
    0xFF, 0xFF, 0xEF, 0xEF, 0xF9, 0xFF, 0xE1, 0xF8, 0x7F, 0xE0, 0xFF, 0xFF, 0xF0, 0x7F, 0xFF, 0xF8,
    0x3F, 0xFF, 0xFE, 0x1F, 0x80, 0x3F, 0x9F, 0xF1, 0xCF, 0xFF, 0xFF, 0xE3, 0xFF, 0xFF, 0xF1, 0xFF,
    0xBF, 0xF8, 0x3F, 0x87, 0xFC, 0x01, 0xC0, 0x01, 0xF0, 0x01, 0xF8, 0x01, 0xF8, 0x00, 0xF8, 0x00,
    0x30, 0x00, 0x00, 0x00, 0x00, 0x00, 0xFF, 0xF0, 0x7F, 0xFE, 0x3F, 0xFF, 0x9F, 0xFF, 0xCF, 0x8F,
    0xF7, 0xC1, 0xFB, 0xE0, 0xFD, 0xF0, 0x7E, 0xF8, 0xFF, 0x7F, 0xFF, 0x3F, 0xFF, 0x9F, 0xFF, 0x8F,
    0xFF, 0x87, 0xCF, 0xC3, 0xE3, 0xF1, 0xF1, 0xFC, 0xF8, 0x7E, 0x7C, 0x1F, 0xBE, 0x0F, 0xDF, 0x03,
    0xF0, 0x06, 0x03, 0xE1, 0xF8, 0xF8, 0x3C, 0x06, 0x00, 0x00, 0x00, 0x7F, 0xFF, 0xFF, 0xFF, 0xFF,
    0xF9, 0xBE, 0x0F, 0x83, 0xE0, 0xF8, 0x3E, 0x0F, 0x83, 0xE0, 0xF8, 0x3E, 0x0F, 0x80, 0xFF, 0xF0,
    0x7F, 0xFE, 0x3F, 0xFF, 0x9F, 0xFF, 0xCF, 0x8F, 0xF7, 0xC1, 0xFB, 0xE0, 0xFD, 0xF0, 0x7E, 0xF8,
    0xFF, 0x7F, 0xFF, 0x3F, 0xFF, 0x9F, 0xFF, 0x8F, 0xFF, 0x87, 0xCF, 0xC3, 0xE3, 0xF1, 0xF1, 0xFC,
    0xF8, 0x7E, 0x7C, 0x1F, 0xBE, 0x0F, 0xDF, 0x03, 0xF0, 0x00, 0x00, 0x00, 0x00, 0x0F, 0x00, 0x07,
    0x80, 0x0F, 0xC0, 0x07, 0xE0, 0x03, 0xE0, 0x00, 0x1F, 0xF3, 0xFF, 0x3F, 0xF3, 0xFF, 0x3E, 0x63,
    0xE0, 0x3E, 0x03, 0xE0, 0x3E, 0x03, 0xE0, 0x3E, 0x03, 0xE0, 0x3E, 0x03, 0xE0, 0x3E, 0x00, 0x00,
    0x00, 0x03, 0xC0, 0x7C, 0x0F, 0xC0, 0xFC, 0x0F, 0x80, 0x1C, 0x60, 0x0F, 0xF8, 0x07, 0xFC, 0x01,
    0xFC, 0x00, 0x78, 0x00, 0x18, 0x00, 0x00, 0x00, 0x00, 0x00, 0xFF, 0xF0, 0x7F, 0xFE, 0x3F, 0xFF,
    0x9F, 0xFF, 0xCF, 0x8F, 0xF7, 0xC1, 0xFB, 0xE0, 0xFD, 0xF0, 0x7E, 0xF8, 0xFF, 0x7F, 0xFF, 0x3F,
    0xFF, 0x9F, 0xFF, 0x8F, 0xFF, 0x87, 0xCF, 0xC3, 0xE3, 0xF1, 0xF1, 0xFC, 0xF8, 0x7E, 0x7C, 0x1F,
    0xBE, 0x0F, 0xDF, 0x03, 0xF0, 0x71, 0x9F, 0xF7, 0xFC, 0xFC, 0x1E, 0x03, 0x00, 0x00, 0x00, 0x7F,
    0xFF, 0xFF, 0xFF, 0xFF, 0xF9, 0xBE, 0x0F, 0x83, 0xE0, 0xF8, 0x3E, 0x0F, 0x83, 0xE0, 0xF8, 0x3E,
    0x0F, 0x80, 0x00, 0xC0, 0x03, 0xE0, 0x0F, 0xC0, 0x3E, 0x00, 0x78, 0x00, 0x60, 0x00, 0x00, 0x00,
    0x00, 0x0F, 0xF8, 0x7F, 0xF9, 0xFF, 0xF3, 0xFF, 0xCF, 0xE3, 0x9F, 0x00, 0x3F, 0x00, 0x7F, 0x80,
    0x7F, 0xE0, 0x7F, 0xF0, 0x7F, 0xF0, 0x3F, 0xE0, 0x0F, 0xE0, 0x0F, 0xC0, 0x0F, 0xBC, 0x7F, 0xFF,
    0xFF, 0xFF, 0xFB, 0xFF, 0xE1, 0xFF, 0x80, 0x03, 0x80, 0x7C, 0x0F, 0xC1, 0xF8, 0x1F, 0x00, 0xC0,
    0x00, 0x00, 0x00, 0x1F, 0xE7, 0xFE, 0x7F, 0xEF, 0xCE, 0xFC, 0x0F, 0xF8, 0x7F, 0xE3, 0xFF, 0x0F,
    0xF0, 0x1F, 0xF1, 0xFF, 0xFF, 0xFF, 0xFF, 0xFE, 0xFF, 0xC0, 0x01, 0x80, 0x07, 0x80, 0x3F, 0x80,
    0xFF, 0x81, 0xFF, 0x01, 0x8E, 0x00, 0x00, 0x00, 0x00, 0x0F, 0xF8, 0x7F, 0xF9, 0xFF, 0xF3, 0xFF,
    0xCF, 0xE3, 0x9F, 0x00, 0x3F, 0x00, 0x7F, 0x80, 0x7F, 0xE0, 0x7F, 0xF0, 0x7F, 0xF0, 0x3F, 0xE0,
    0x0F, 0xE0, 0x0F, 0xC0, 0x0F, 0xBC, 0x7F, 0xFF, 0xFF, 0xFF, 0xFB, 0xFF, 0xE1, 0xFF, 0x80, 0x07,
    0x00, 0xF8, 0x1F, 0xC3, 0xFE, 0x3F, 0xE1, 0x8C, 0x00, 0x00, 0x00, 0x1F, 0xE7, 0xFE, 0x7F, 0xEF,
    0xCE, 0xFC, 0x0F, 0xF8, 0x7F, 0xE3, 0xFF, 0x0F, 0xF0, 0x1F, 0xF1, 0xFF, 0xFF, 0xFF, 0xFF, 0xFE,
    0xFF, 0xC0, 0x0F, 0xF8, 0x7F, 0xF9, 0xFF, 0xF3, 0xFF, 0xCF, 0xE3, 0x9F, 0x00, 0x3F, 0x00, 0x7F,
    0x80, 0x7F, 0xE0, 0x7F, 0xF0, 0x7F, 0xF0, 0x3F, 0xE0, 0x0F, 0xE0, 0x0F, 0xC0, 0x0F, 0xBC, 0x7F,
    0xFF, 0xFF, 0xFF, 0xFB, 0xFF, 0xE3, 0xFF, 0x80, 0x78, 0x00, 0xF8, 0x02, 0xF0, 0x0F, 0xE0, 0x1F,
    0xC0, 0x3F, 0x00, 0x1F, 0xE7, 0xFE, 0x7F, 0xEF, 0xCE, 0xF8, 0x0F, 0xF0, 0x7F, 0xC7, 0xFE, 0x1F,
    0xF0, 0x7F, 0x01, 0xFF, 0x1F, 0xFF, 0xFF, 0xFE, 0xFF, 0xC0, 0xE0, 0x0F, 0x02, 0x78, 0x3F, 0x83,
    0xF8, 0x3F, 0x00, 0x0C, 0x70, 0x3F, 0xE0, 0x7F, 0xC0, 0x3F, 0x00, 0x3C, 0x00, 0x30, 0x00, 0x00,
    0x00, 0x00, 0x0F, 0xF8, 0x7F, 0xF9, 0xFF, 0xF3, 0xFF, 0xCF, 0xE3, 0x9F, 0x00, 0x3F, 0x00, 0x7F,
    0x80, 0x7F, 0xE0, 0x7F, 0xF0, 0x7F, 0xF0, 0x3F, 0xE0, 0x0F, 0xE0, 0x0F, 0xC0, 0x0F, 0xBC, 0x7F,
    0xFF, 0xFF, 0xFF, 0xFB, 0xFF, 0xE1, 0xFF, 0x80, 0x18, 0xC3, 0xFE, 0x3F, 0xE1, 0xFC, 0x0F, 0x80,
    0x70, 0x00, 0x00, 0x00, 0x1F, 0xE7, 0xFE, 0x7F, 0xEF, 0xCE, 0xFC, 0x0F, 0xF8, 0x7F, 0xE3, 0xFF,
    0x0F, 0xF0, 0x1F, 0xF1, 0xFF, 0xFF, 0xFF, 0xFF, 0xFE, 0xFF, 0xC0, 0xFF, 0xFF, 0xFF, 0xFF, 0xFF,
    0xFF, 0xFF, 0xFF, 0xFF, 0x03, 0xF0, 0x00, 0xFC, 0x00, 0x3F, 0x00, 0x0F, 0xC0, 0x03, 0xF0, 0x00,
    0xFC, 0x00, 0x3F, 0x00, 0x0F, 0xC0, 0x03, 0xF0, 0x00, 0xFC, 0x00, 0x3F, 0x00, 0x0F, 0xC0, 0x03,
    0xF0, 0x00, 0xFC, 0x00, 0x3F, 0x00, 0x0F, 0xC0, 0x01, 0xC0, 0x00, 0xF8, 0x00, 0x1E, 0x00, 0x13,
    0xC0, 0x07, 0xF0, 0x01, 0xF8, 0x00, 0x7C, 0x00, 0x7C, 0x0F, 0x81, 0xF0, 0x3E, 0x07, 0xC0, 0xFF,
    0xDF, 0xFB, 0xFF, 0x7F, 0xEF, 0x81, 0xF0, 0x3E, 0x07, 0xC0, 0xF8, 0x1F, 0x03, 0xF3, 0x7F, 0xEF,
    0xFC, 0xFF, 0x8F, 0xF0, 0x70, 0x1F, 0x01, 0xF0, 0x9E, 0x1F, 0xC3, 0xF0, 0x7C, 0x00, 0x06, 0x38,
    0x03, 0xFF, 0x00, 0xFF, 0x80, 0x0F, 0xC0, 0x01, 0xE0, 0x00, 0x30, 0x00, 0x00, 0x00, 0x00, 0x00,
    0xFF, 0xFF, 0xFF, 0xFF, 0xFF, 0xFF, 0xFF, 0xFF, 0xFF, 0x03, 0xF0, 0x00, 0xFC, 0x00, 0x3F, 0x00,
    0x0F, 0xC0, 0x03, 0xF0, 0x00, 0xFC, 0x00, 0x3F, 0x00, 0x0F, 0xC0, 0x03, 0xF0, 0x00, 0xFC, 0x00,
    0x3F, 0x00, 0x0F, 0xC0, 0x03, 0xF0, 0x00, 0xFC, 0x00, 0x3F, 0x00, 0x0F, 0xC0, 0x01, 0xE0, 0x3C,
    0x07, 0x3E, 0xE7, 0xDC, 0xFB, 0x9F, 0x03, 0xE0, 0x7F, 0xEF, 0xFD, 0xFF, 0xBF, 0xF7, 0xC0, 0xF8,
    0x1F, 0x03, 0xE0, 0x7C, 0x0F, 0x81, 0xF9, 0xBF, 0xF7, 0xFE, 0x7F, 0xC7, 0xF8, 0xFF, 0xFF, 0xFF,
    0xFF, 0xFF, 0xFF, 0xFF, 0xFF, 0xFF, 0x03, 0xF0, 0x00, 0xFC, 0x00, 0x3F, 0x00, 0x0F, 0xC0, 0x03,
    0xF0, 0x0F, 0xFF, 0xC3, 0xFF, 0xF0, 0xFF, 0xFC, 0x03, 0xF0, 0x00, 0xFC, 0x00, 0x3F, 0x00, 0x0F,
    0xC0, 0x03, 0xF0, 0x00, 0xFC, 0x00, 0x3F, 0x00, 0x0F, 0xC0, 0x7C, 0x0F, 0x81, 0xF0, 0x3E, 0x07,
    0xC0, 0xFF, 0xDF, 0xFB, 0xFF, 0x7F, 0xEF, 0x81, 0xFF, 0xBF, 0xF7, 0xFE, 0xF8, 0x1F, 0x03, 0xF3,
    0x7F, 0xEF, 0xFC, 0xFF, 0x8F, 0xF0, 0x0F, 0x98, 0x0F, 0xFE, 0x07, 0xFE, 0x01, 0xBE, 0x00, 0x00,
    0x00, 0x00, 0x00, 0x00, 0x01, 0xF0, 0x1F, 0xF8, 0x0F, 0xFC, 0x07, 0xFE, 0x03, 0xFF, 0x01, 0xFF,
    0x80, 0xFF, 0xC0, 0x7F, 0xE0, 0x3F, 0xF0, 0x1F, 0xF8, 0x0F, 0xFC, 0x07, 0xFE, 0x03, 0xFF, 0x01,
    0xFF, 0x81, 0xFF, 0xE0, 0xFF, 0xF9, 0xFC, 0xFF, 0xFE, 0x7F, 0xFE, 0x1F, 0xFE, 0x03, 0xFE, 0x00,
    0x1F, 0x30, 0x7F, 0xF0, 0xFF, 0xE0, 0xDF, 0x80, 0x00, 0x00, 0x00, 0x00, 0x00, 0x3E, 0x3E, 0x7C,
    0x7C, 0xF8, 0xF9, 0xF1, 0xF3, 0xE3, 0xE7, 0xC7, 0xCF, 0x8F, 0x9F, 0x1F, 0x3E, 0x3E, 0x7C, 0x7C,
    0xFC, 0xF9, 0xFF, 0xF3, 0xFF, 0xE3, 0xFF, 0xC1, 0xFF, 0x80, 0x1F, 0xF8, 0x0F, 0xFC, 0x07, 0xFE,
    0x00, 0x00, 0x00, 0x00, 0x07, 0xC0, 0x7F, 0xE0, 0x3F, 0xF0, 0x1F, 0xF8, 0x0F, 0xFC, 0x07, 0xFE,
    0x03, 0xFF, 0x01, 0xFF, 0x80, 0xFF, 0xC0, 0x7F, 0xE0, 0x3F, 0xF0, 0x1F, 0xF8, 0x0F, 0xFC, 0x07,
    0xFE, 0x07, 0xFF, 0x83, 0xFF, 0xE7, 0xF3, 0xFF, 0xF9, 0xFF, 0xF8, 0x7F, 0xF8, 0x0F, 0xF8, 0x00,
    0x3F, 0xF8, 0x7F, 0xF0, 0xFF, 0xE0, 0x00, 0x00, 0x00, 0x00, 0x00, 0x1F, 0x1F, 0x3E, 0x3E, 0x7C,
    0x7C, 0xF8, 0xF9, 0xF1, 0xF3, 0xE3, 0xE7, 0xC7, 0xCF, 0x8F, 0x9F, 0x1F, 0x3E, 0x3E, 0x7E, 0x7C,
    0xFF, 0xF9, 0xFF, 0xF1, 0xFF, 0xE0, 0xFF, 0xC0, 0x1E, 0x38, 0x0F, 0xBC, 0x03, 0xFE, 0x01, 0xFE,
    0x00, 0x7E, 0x00, 0x00, 0x03, 0xE0, 0x3F, 0xF0, 0x1F, 0xF8, 0x0F, 0xFC, 0x07, 0xFE, 0x03, 0xFF,
    0x01, 0xFF, 0x80, 0xFF, 0xC0, 0x7F, 0xE0, 0x3F, 0xF0, 0x1F, 0xF8, 0x0F, 0xFC, 0x07, 0xFE, 0x03,
    0xFF, 0x03, 0xFF, 0xC1, 0xFF, 0xF3, 0xF9, 0xFF, 0xFC, 0xFF, 0xFC, 0x3F, 0xFC, 0x07, 0xFC, 0x00,
    0x1C, 0x78, 0x3D, 0xE0, 0x7F, 0xC0, 0x7F, 0x80, 0x7C, 0x00, 0x00, 0x00, 0x00, 0x3E, 0x3E, 0x7C,
    0x7C, 0xF8, 0xF9, 0xF1, 0xF3, 0xE3, 0xE7, 0xC7, 0xCF, 0x8F, 0x9F, 0x1F, 0x3E, 0x3E, 0x7C, 0x7C,
    0xFC, 0xF9, 0xFF, 0xF3, 0xFF, 0xE3, 0xFF, 0xC1, 0xFF, 0x80, 0x03, 0xE0, 0x03, 0xF0, 0x01, 0xDC,
    0x01, 0xCE, 0x00, 0x77, 0x00, 0x3F, 0x00, 0x0F, 0x80, 0x00, 0x00, 0xF8, 0x0F, 0xFC, 0x07, 0xFE,
    0x03, 0xFF, 0x01, 0xFF, 0x80, 0xFF, 0xC0, 0x7F, 0xE0, 0x3F, 0xF0, 0x1F, 0xF8, 0x0F, 0xFC, 0x07,
    0xFE, 0x03, 0xFF, 0x01, 0xFF, 0x80, 0xFF, 0xC0, 0xFF, 0xF0, 0x7F, 0xFC, 0xFE, 0x7F, 0xFF, 0x3F,
    0xFF, 0x0F, 0xFF, 0x01, 0xFF, 0x00, 0x07, 0xC0, 0x1F, 0xC0, 0x3B, 0x80, 0x77, 0x00, 0xEE, 0x01,
    0xFC, 0x01, 0xF0, 0x00, 0x00, 0x00, 0x00, 0xF8, 0xF9, 0xF1, 0xF3, 0xE3, 0xE7, 0xC7, 0xCF, 0x8F,
    0x9F, 0x1F, 0x3E, 0x3E, 0x7C, 0x7C, 0xF8, 0xF9, 0xF1, 0xF3, 0xF3, 0xE7, 0xFF, 0xCF, 0xFF, 0x8F,
    0xFF, 0x07, 0xFE, 0x03, 0x0C, 0x01, 0xCF, 0x01, 0xF7, 0x81, 0xE7, 0x81, 0xE7, 0x80, 0x61, 0x80,
    0x00, 0x00, 0x00, 0x00, 0xF8, 0x0F, 0xFC, 0x07, 0xFE, 0x03, 0xFF, 0x01, 0xFF, 0x80, 0xFF, 0xC0,
    0x7F, 0xE0, 0x3F, 0xF0, 0x1F, 0xF8, 0x0F, 0xFC, 0x07, 0xFE, 0x03, 0xFF, 0x01, 0xFF, 0x80, 0xFF,
    0xC0, 0xFF, 0xF0, 0x7F, 0xFC, 0xFE, 0x7F, 0xFF, 0x3F, 0xFF, 0x0F, 0xFF, 0x01, 0xFF, 0x00, 0x06,
    0x18, 0x0E, 0x78, 0x3E, 0xF0, 0xFB, 0xC3, 0xEF, 0x03, 0x0C, 0x00, 0x00, 0x00, 0x00, 0x7C, 0x7C,
    0xF8, 0xF9, 0xF1, 0xF3, 0xE3, 0xE7, 0xC7, 0xCF, 0x8F, 0x9F, 0x1F, 0x3E, 0x3E, 0x7C, 0x7C, 0xF8,
    0xF9, 0xF9, 0xF3, 0xFF, 0xE7, 0xFF, 0xC7, 0xFF, 0x83, 0xFF, 0x00, 0xF8, 0x0F, 0xFC, 0x07, 0xFE,
    0x03, 0xFF, 0x01, 0xFF, 0x80, 0xFF, 0xC0, 0x7F, 0xE0, 0x3F, 0xF0, 0x1F, 0xF8, 0x0F, 0xFC, 0x07,
    0xFE, 0x03, 0xFF, 0x01, 0xFF, 0x80, 0xFF, 0xC0, 0xFF, 0xF0, 0x7F, 0xFC, 0xFE, 0x7F, 0xFF, 0x3F,
    0xFF, 0x0F, 0xFF, 0x01, 0xFF, 0x00, 0x1F, 0x00, 0x1F, 0x00, 0x0F, 0x00, 0x07, 0xF0, 0x03, 0xF8,
    0x00, 0xFC, 0x00, 0x7C, 0x7C, 0xF8, 0xF9, 0xF1, 0xF3, 0xE3, 0xE7, 0xC7, 0xCF, 0x8F, 0x9F, 0x1F,
    0x3E, 0x3E, 0x7C, 0x7C, 0xF8, 0xF9, 0xF9, 0xF3, 0xFF, 0xE7, 0xFF, 0xC7, 0xFF, 0x83, 0xFF, 0x00,
    0x3C, 0x00, 0xF0, 0x03, 0xE0, 0x07, 0xF0, 0x07, 0xE0, 0x0F, 0xC0, 0x00, 0x06, 0x00, 0x00, 0x01,
    0xE0, 0x00, 0x00, 0xFE, 0x00, 0x00, 0x3F, 0xE0, 0x00, 0x07, 0xFC, 0x00, 0x00, 0x63, 0x80, 0x00,
    0x00, 0x00, 0x00, 0x00, 0x00, 0x00, 0xFC, 0x00, 0x03, 0xEF, 0x80, 0x00, 0x7D, 0xF0, 0x7C, 0x1F,
    0xBE, 0x0F, 0xC3, 0xF7, 0xE1, 0xF8, 0x7C, 0xFC, 0x3F, 0x0F, 0x8F, 0x8F, 0xE1, 0xF1, 0xF1, 0xFE,
    0x7E, 0x3E, 0x3F, 0xCF, 0x87, 0xEF, 0xF9, 0xF0, 0x7D, 0xEF, 0xBE, 0x0F, 0xBD, 0xF7, 0xC1, 0xFF,
    0x9F, 0xF0, 0x3F, 0xE3, 0xFE, 0x03, 0xFC, 0x7F, 0xC0, 0x7F, 0x87, 0xF0, 0x0F, 0xE0, 0xFE, 0x00,
    0xFC, 0x1F, 0xC0, 0x1F, 0x81, 0xF8, 0x03, 0xE0, 0x3E, 0x00, 0x00, 0x30, 0x00, 0x00, 0xF8, 0x00,
    0x03, 0xF8, 0x00, 0x0F, 0xF8, 0x00, 0x1F, 0xF0, 0x00, 0x18, 0xC0, 0x00, 0x00, 0x00, 0x00, 0x00,
    0x00, 0xF8, 0x78, 0x7F, 0xF8, 0xF8, 0xF9, 0xF1, 0xF1, 0xF3, 0xE3, 0xE3, 0xE7, 0xCF, 0xC7, 0x87,
    0x9F, 0xDF, 0x0F, 0xBF, 0xBE, 0x1F, 0x7F, 0x7C, 0x1F, 0xEF, 0xF0, 0x3F, 0xDF, 0xE0, 0x7F, 0xBF,
    0x80, 0x7E, 0x7F, 0x00, 0xFC, 0x7E, 0x01, 0xF8, 0xF8, 0x01, 0xE1, 0xF0, 0x00, 0x00, 0x60, 0x00,
    0x1F, 0x00, 0x03, 0xF8, 0x00, 0x7F, 0xC0, 0x07, 0xFC, 0x00, 0x31, 0x80, 0x00, 0x00, 0x00, 0x00,
    0x00, 0xFC, 0x07, 0xE7, 0xE0, 0x7E, 0x7E, 0x0F, 0xC3, 0xF0, 0xFC, 0x3F, 0x1F, 0x81, 0xF9, 0xF0,
    0x1F, 0xBF, 0x00, 0xFF, 0xE0, 0x07, 0xFE, 0x00, 0x7F, 0xC0, 0x03, 0xF8, 0x00, 0x3F, 0x80, 0x01,
    0xF0, 0x00, 0x1F, 0x00, 0x01, 0xF0, 0x00, 0x1F, 0x00, 0x01, 0xF0, 0x00, 0x1F, 0x00, 0x01, 0xF0,
    0x00, 0x1F, 0x00, 0x01, 0x80, 0x03, 0xC0, 0x07, 0xE0, 0x1F, 0xF0, 0x1F, 0xF8, 0x0C, 0x70, 0x00,
    0x00, 0x00, 0x00, 0xF8, 0x1F, 0xFC, 0x3E, 0x7C, 0x3E, 0x7C, 0x3E, 0x7E, 0x7C, 0x3E, 0x7C, 0x3E,
    0x7C, 0x1F, 0xF8, 0x1F, 0xF8, 0x1F, 0xF8, 0x0F, 0xF0, 0x0F, 0xF0, 0x07, 0xE0, 0x07, 0xE0, 0x07,
    0xE0, 0x4F, 0xC0, 0xFF, 0xC0, 0xFF, 0x80, 0xFF, 0x00, 0xFE, 0x00, 0x0F, 0x1E, 0x00, 0xFB, 0xE0,
    0x0F, 0xBE, 0x00, 0xF1, 0xE0, 0x00, 0x00, 0x00, 0x00, 0x00, 0xFC, 0x07, 0xE7, 0xE0, 0x7E, 0x7E,
    0x0F, 0xC3, 0xF0, 0xFC, 0x3F, 0x1F, 0x81, 0xF9, 0xF0, 0x1F, 0xBF, 0x00, 0xFF, 0xE0, 0x07, 0xFE,
    0x00, 0x7F, 0xC0, 0x03, 0xF8, 0x00, 0x3F, 0x80, 0x01, 0xF0, 0x00, 0x1F, 0x00, 0x01, 0xF0, 0x00,
    0x1F, 0x00, 0x01, 0xF0, 0x00, 0x1F, 0x00, 0x01, 0xF0, 0x00, 0x1F, 0x00, 0x00, 0xC0, 0x01, 0xF0,
    0x03, 0xF0, 0x07, 0xE0, 0x07, 0x80, 0x03, 0x00, 0x00, 0x00, 0x00, 0x00, 0xFF, 0xFF, 0xFF, 0xFF,
    0xFF, 0xFF, 0xFF, 0xFF, 0x00, 0x7E, 0x00, 0xFC, 0x01, 0xF8, 0x03, 0xF0, 0x07, 0xE0, 0x07, 0xE0,
    0x0F, 0xC0, 0x1F, 0x80, 0x1F, 0x00, 0x3F, 0x00, 0x7E, 0x00, 0x7C, 0x00, 0xFF, 0xFF, 0xFF, 0xFF,
    0xFF, 0xFF, 0xFF, 0xFF, 0x01, 0x80, 0x1E, 0x01, 0xF0, 0x3F, 0x01, 0xF0, 0x07, 0x00, 0x00, 0x00,
    0x00, 0xFF, 0xFF, 0xFF, 0xFF, 0xFF, 0xFF, 0xF0, 0x3F, 0x03, 0xF0, 0x3F, 0x03, 0xF0, 0x3F, 0x03,
    0xF0, 0x1F, 0x01, 0xFF, 0xFF, 0xFF, 0xFF, 0xFF, 0xFF, 0xE0, 0x03, 0xC0, 0x07, 0xC0, 0x07, 0xC0,
    0x07, 0xC0, 0x03, 0xC0, 0x00, 0x00, 0x00, 0x00, 0xFF, 0xFF, 0xFF, 0xFF, 0xFF, 0xFF, 0xFF, 0xFF,
    0x00, 0x7E, 0x00, 0xFC, 0x01, 0xF8, 0x03, 0xF0, 0x07, 0xE0, 0x07, 0xE0, 0x0F, 0xC0, 0x1F, 0x80,
    0x1F, 0x00, 0x3F, 0x00, 0x7E, 0x00, 0x7C, 0x00, 0xFF, 0xFF, 0xFF, 0xFF, 0xFF, 0xFF, 0xFF, 0xFF,
    0x0F, 0x00, 0x7C, 0x03, 0xE0, 0x1F, 0x00, 0xF0, 0x00, 0x00, 0x00, 0x1F, 0xFF, 0xFF, 0xFF, 0xFF,
    0xFF, 0xFE, 0x07, 0xE0, 0x7E, 0x07, 0xE0, 0x7E, 0x07, 0xE0, 0x7E, 0x03, 0xE0, 0x3F, 0xFF, 0xFF,
    0xFF, 0xFF, 0xFF, 0xFC, 0x0C, 0x30, 0x1F, 0xF8, 0x0F, 0xF0, 0x07, 0xE0, 0x03, 0xC0, 0x01, 0x80,
    0x00, 0x00, 0x00, 0x00, 0xFF, 0xFF, 0xFF, 0xFF, 0xFF, 0xFF, 0xFF, 0xFF, 0x00, 0x7E, 0x00, 0xFC,
    0x01, 0xF8, 0x03, 0xF0, 0x07, 0xE0, 0x07, 0xE0, 0x0F, 0xC0, 0x1F, 0x80, 0x1F, 0x00, 0x3F, 0x00,
    0x7E, 0x00, 0x7C, 0x00, 0xFF, 0xFF, 0xFF, 0xFF, 0xFF, 0xFF, 0xFF, 0xFF, 0x18, 0xC1, 0xFF, 0x0F,
    0xF8, 0x3F, 0x80, 0xF8, 0x03, 0x80, 0x00, 0x00, 0x00, 0xFF, 0xFF, 0xFF, 0xFF, 0xFF, 0xFF, 0xF0,
    0x3F, 0x03, 0xF0, 0x3F, 0x03, 0xF0, 0x3F, 0x03, 0xF0, 0x1F, 0x01, 0xFF, 0xFF, 0xFF, 0xFF, 0xFF,
    0xFF, 0xE0, 0x1F, 0xCF, 0xFD, 0xFF, 0x7F, 0xEF, 0xCD, 0xF0, 0x3E, 0x07, 0xC0, 0xF8, 0x1F, 0x03,
    0xE0, 0x7C, 0x0F, 0x81, 0xF0, 0x3E, 0x07, 0xC0, 0xF8, 0x1F, 0x03, 0xE0, 0x7C, 0x0F, 0x81, 0xF0,
    0x3E, 0x00, 0x00, 0x00, 0xF8, 0x00, 0x07, 0xC0, 0x00, 0x3E, 0x07, 0xFD, 0xF0, 0xFF, 0xFF, 0x0F,
    0xFF, 0xF8, 0xFF, 0xFF, 0x87, 0xF1, 0xFC, 0x7E, 0x03, 0xF3, 0xE0, 0x0F, 0xBF, 0x00, 0x7F, 0xF8,
    0x03, 0xFF, 0xC0, 0x1F, 0xFE, 0x00, 0xFF, 0xF0, 0x07, 0xFF, 0x80, 0x3F, 0x7C, 0x01, 0xF3, 0xF0,
    0x1F, 0x9F, 0xE3, 0xFC, 0x7F, 0xFF, 0xC1, 0xFF, 0xFC, 0x07, 0xFF, 0xC0, 0x0F, 0xF8, 0x00, 0x00,
    0x0F, 0x80, 0x07, 0xC0, 0x03, 0xE1, 0xFD, 0xF1, 0xFF, 0xF1, 0xFF, 0xF9, 0xFF, 0xF9, 0xFD, 0xFC,
    0xFC, 0x3E, 0x7C, 0x1F, 0xBE, 0x0F, 0xDF, 0x07, 0xEF, 0xC3, 0xE7, 0xF3, 0xF1, 0xFF, 0xF8, 0x7F,
    0xF8, 0x1F, 0xF8, 0x07, 0xF8, 0x00, 0x00, 0x00, 0xF0, 0x00, 0x0F, 0x00, 0x01, 0xFF, 0x80, 0xFF,
    0xF8, 0x0F, 0xFF, 0x80, 0xFE, 0xF8, 0x0F, 0x8F, 0x80, 0xF8, 0xF8, 0x0F, 0x8F, 0x80, 0xF8, 0xF8,
    0x0F, 0x8F, 0x80, 0xF8, 0xF8, 0x0F, 0x8F, 0x80, 0xF8, 0xF8, 0x0F, 0x8F, 0x80, 0xF8, 0xF8, 0x1F,
    0x8F, 0xC1, 0xF8, 0xFE, 0x7F, 0x07, 0xFF, 0xF0, 0x7F, 0xFE, 0x03, 0xFF, 0xC0, 0x0F, 0xF8, 0x00,
    0x00, 0x03, 0xC0, 0x01, 0xF0, 0x00, 0x7D, 0xF1, 0xFE, 0x7C, 0x7F, 0x9F, 0x1F, 0xC7, 0xC7, 0xC1,
    0xF1, 0xF0, 0x7C, 0x7C, 0x1F, 0x1F, 0x07, 0xC7, 0xC1, 0xF1, 0xF0, 0x7C, 0x7C, 0x1F, 0x9F, 0x07,
    0xFF, 0xC1, 0xFF, 0xF0, 0x3F, 0xFC, 0x03, 0xFF, 0x00, 0x00, 0x00, 0x01, 0x86, 0x00, 0x00, 0x00,
    0x7F, 0xE0, 0x00, 0x00, 0x07, 0xFC, 0x00, 0x00, 0x00, 0x7E, 0x00, 0x00, 0x00, 0x07, 0x80, 0x00,
    0x00, 0x00, 0x60, 0x00, 0x00, 0x00, 0x00, 0x00, 0x00, 0x00, 0x00, 0x00, 0xFF, 0xF0, 0x1F, 0xFF,
    0xFF, 0xFF, 0x83, 0xFF, 0xFF, 0xFF, 0xF8, 0x7F, 0xFF, 0xFF, 0xFF, 0x8F, 0xFF, 0xFF, 0x8F, 0xF8,
    0x00, 0xFD, 0xF0, 0x3F, 0x00, 0x3F, 0x3E, 0x03, 0xF0, 0x0F, 0xC7, 0xC0, 0x7E, 0x03, 0xF0, 0xF8,
    0x07, 0xC0, 0xFC, 0x1F, 0x00, 0xF8, 0x1F, 0x83, 0xE0, 0x1F, 0x07, 0xE0, 0x7C, 0x03, 0xE1, 0xF8,
    0x0F, 0x80, 0xFC, 0x3E, 0x01, 0xF0, 0x1F, 0x8F, 0xC0, 0x3E, 0x07, 0xE3, 0xF0, 0x07, 0xC7, 0xFC,
    0x7C, 0x00, 0xFF, 0xFF, 0x1F, 0xFF, 0xFF, 0xFF, 0xC3, 0xFF, 0xFF, 0xFF, 0xF0, 0x7F, 0xFF, 0xFF,
    0xF8, 0x0F, 0xFF, 0xF0, 0x00, 0x00, 0x03, 0x8C, 0x00, 0x00, 0x01, 0xFF, 0x00, 0x00, 0x00, 0xFF,
    0x9F, 0xFE, 0x00, 0x3F, 0x8F, 0xFF, 0xC0, 0x0F, 0x07, 0xFF, 0xF0, 0x03, 0x03, 0xFF, 0xFC, 0x00,
    0x01, 0xF1, 0xFF, 0x00, 0x00, 0xF8, 0x1F, 0x8F, 0xFF, 0xFC, 0x07, 0xE7, 0xFF, 0xFE, 0x03, 0xF3,
    0xFF, 0xFF, 0x00, 0xF9, 0xFF, 0xEF, 0x80, 0x7C, 0x03, 0xF7, 0xC0, 0x3E, 0x03, 0xE3, 0xE0, 0x1F,
    0x03, 0xE1, 0xF0, 0x1F, 0x83, 0xF0, 0xF8, 0x0F, 0xC3, 0xF0, 0x7C, 0x0F, 0xC3, 0xF0, 0x3E, 0x3F,
    0xE3, 0xF0, 0x1F, 0xFF, 0xE1, 0xFF, 0xFF, 0xFF, 0xE1, 0xFF, 0xFF, 0xFF, 0xE0, 0xFF, 0xFF, 0xFF,
    0xC0, 0x7F, 0xFE, 0x00, 0x3E, 0x0C, 0x60, 0x00, 0xF8, 0x7F, 0xC0, 0x03, 0xE1, 0xFF, 0x00, 0x0F,
    0x83, 0xF8, 0x00, 0x3E, 0x07, 0xC0, 0x00, 0xF8, 0x0E, 0x00, 0x03, 0xE0, 0x00, 0x00, 0x0F, 0x80,
    0x00, 0x0F, 0xFE, 0x7F, 0xFC, 0xFF, 0xF9, 0xFF, 0xF7, 0xFF, 0xE7, 0xFF, 0xDF, 0xFF, 0x9F, 0xFF,
    0xFE, 0x7E, 0x01, 0xFB, 0xF0, 0xF8, 0x0F, 0xCF, 0x83, 0xE0, 0x7E, 0x3E, 0x0F, 0x83, 0xF0, 0xF8,
    0x3E, 0x0F, 0x83, 0xF0, 0xF8, 0x7C, 0x0F, 0xE3, 0xE3, 0xE0, 0x1F, 0xFF, 0x9F, 0xFF, 0x3F, 0xFE,
    0x7F, 0xFC, 0xFF, 0xF9, 0xFF, 0xF0, 0xFF, 0xC7, 0xFF, 0xC0, 0xF8, 0x00, 0x01, 0xFF, 0x80, 0x00,
    0x1F, 0xF8, 0x00, 0x01, 0xFF, 0x80, 0x00, 0x1F, 0xF8, 0x00, 0x01, 0xFF, 0x80, 0x00, 0x1F, 0xF8,
    0x00, 0x01, 0xFF, 0x80, 0x00, 0x1F, 0xF8, 0x00, 0x01, 0xFF, 0x80, 0x00, 0x1F, 0xF8, 0x00, 0x01,
    0xFF, 0x80, 0x00, 0x1F, 0xF8, 0x00, 0x01, 0xFF, 0x80, 0x00, 0x1F, 0xF8, 0x00, 0x03, 0xFF, 0x80,
    0x1E, 0x7F, 0xFF, 0xFD, 0xFF, 0xEF, 0xFF, 0xDF, 0xFE, 0xFF, 0xFF, 0xFF, 0xCF, 0xFF, 0xCF, 0xF8,
    0x00, 0x00, 0xF0, 0x00, 0x07, 0xC0, 0x00, 0x7F, 0xF0, 0x01, 0xFF, 0x80, 0x0F, 0x7C, 0x00, 0x03,
    0xE0, 0x00, 0x1F, 0x00, 0x00, 0xF8, 0x00, 0xFF, 0xC0, 0x07, 0xFE, 0x00, 0x3F, 0xF0, 0x01, 0xFF,
    0x80, 0x0F, 0xFC, 0x00, 0x7F, 0xE0, 0x03, 0xFF, 0x00, 0x1F, 0xF8, 0x00, 0xFF, 0xC0, 0x07, 0xFE,
    0x00, 0x3F, 0xFF, 0xF9, 0xFF, 0xFF, 0xCF, 0xFF, 0xFE, 0x7F, 0xFF, 0xF3, 0xE0, 0x00, 0x3F, 0x00,
    0x0F, 0xF8, 0x00, 0x7F, 0x80, 0x03, 0xFC, 0x00, 0x1F, 0x80, 0xF8, 0x7B, 0xE1, 0xFF, 0x8F, 0xFE,
    0x1F, 0xF8, 0x7B, 0xE0, 0x0F, 0x80, 0x3E, 0x00, 0xF8, 0x7F, 0xE1, 0xFF, 0x87, 0xFE, 0x1F, 0xF8,
    0x7F, 0xE1, 0xFF, 0x87, 0xFE, 0x1F, 0xF8, 0x7F, 0xE1, 0xFF, 0xC7, 0xFF, 0x9F, 0xFE, 0x7D, 0xF9,
    0xF3, 0xE7, 0xC0, 0x3F, 0x07, 0xF8, 0x1F, 0xE0, 0x7F, 0x01, 0xF8, 0xF8, 0x07, 0xC0, 0x0F, 0xFF,
    0x01, 0xF0, 0x03, 0xFF, 0xE0, 0x7C, 0x00, 0xFF, 0xFC, 0x1F, 0x00, 0x3F, 0xFF, 0x07, 0xC0, 0x0F,
    0xFF, 0xE1, 0xF0, 0x03, 0xFF, 0xFC, 0x7C, 0x00, 0xFF, 0xFF, 0x9F, 0x00, 0x3F, 0xFB, 0xE7, 0xC0,
    0x0F, 0xFE, 0xFD, 0xF0, 0x03, 0xFF, 0x9F, 0xFC, 0x00, 0xFF, 0xE3, 0xFF, 0x00, 0x3F, 0xF8, 0x7F,
    0xC0, 0x0F, 0xFE, 0x1F, 0xF0, 0x03, 0xEF, 0x83, 0xFC, 0x00, 0xFB, 0xE0, 0x7F, 0x1C, 0xFE, 0xF8,
    0x1F, 0xC7, 0xFF, 0xBE, 0x03, 0xF3, 0xFF, 0xCF, 0x80, 0x7C, 0xFF, 0xF3, 0xE0, 0x1F, 0x1F, 0xF0,
    0x00, 0x00, 0x03, 0xC0, 0x00, 0x00, 0xFC, 0x00, 0x00, 0x1F, 0xFC, 0x03, 0xE3, 0xFF, 0xC0, 0x7C,
    0x3D, 0xFC, 0x0F, 0x80, 0x3F, 0xC1, 0xF0, 0x07, 0xF8, 0x3E, 0x00, 0xFF, 0x87, 0xC7, 0xFF, 0xF8,
    0xF8, 0xFF, 0xFF, 0x9F, 0x1F, 0xFD, 0xF3, 0xE3, 0xFF, 0xBF, 0x7C, 0x7F, 0xF3, 0xFF, 0x8F, 0xFE,
    0x3F, 0xF1, 0xFF, 0xC3, 0xFE, 0x3F, 0xF8, 0x7F, 0xC7, 0xFF, 0x07, 0xF8, 0xFF, 0xE0, 0x7F, 0x1F,
    0xFC, 0x0F, 0xE3, 0xFF, 0x80, 0xFC, 0x7F, 0xF0, 0x0F, 0x8F, 0xFE, 0x01, 0xF1, 0xF8, 0x00, 0x01,
    0x3E, 0x00, 0x00, 0x3F, 0xC0, 0x00, 0x07, 0xF8, 0x00, 0x00, 0xFE, 0x00, 0x00, 0x3F, 0x80, 0x00,
    0x00, 0x78, 0x00, 0x03, 0xF0, 0x00, 0x0F, 0xC0, 0x00, 0x3F, 0x00, 0x00, 0x78, 0x00, 0x00, 0x00,
    0x00, 0x00, 0x00, 0x00, 0x00, 0xFF, 0xE0, 0x7F, 0xFF, 0xC1, 0xFF, 0xFF, 0x87, 0xFF, 0xFE, 0x1F,
    0xF9, 0xF8, 0x7F, 0xE3, 0xF1, 0xFF, 0x8F, 0xC7, 0xFE, 0x3F, 0x1F, 0xF8, 0xFC, 0x7F, 0xE3, 0xF1,
    0xFF, 0x8F, 0xC7, 0xFE, 0x3F, 0x1F, 0xF8, 0xFC, 0x7F, 0xE3, 0xF1, 0xFF, 0x8F, 0xC7, 0xC0, 0x00,
    0x3F, 0x00, 0x07, 0xF8, 0x00, 0x1F, 0xE0, 0x00, 0x7F, 0x00, 0x01, 0xF8, 0x01, 0x8C, 0x00, 0x1F,
    0xF0, 0x00, 0xFF, 0x80, 0x03, 0xF8, 0x00, 0x0F, 0x80, 0x00, 0x30, 0x00, 0x00, 0x00, 0x00, 0x00,
    0x00, 0x00, 0xF8, 0x00, 0x0F, 0xE0, 0x00, 0x7F, 0x00, 0x07, 0xFC, 0x00, 0x3F, 0xE0, 0x03, 0xFF,
    0x00, 0x1F, 0x7C, 0x00, 0xFB, 0xE0, 0x0F, 0x8F, 0x80, 0x7C, 0x7C, 0x07, 0xC3, 0xF0, 0x3E, 0x0F,
    0x81, 0xFF, 0xFC, 0x1F, 0xFF, 0xF0, 0xFF, 0xFF, 0x87, 0xFF, 0xFC, 0x7E, 0x03, 0xF3, 0xE0, 0x0F,
    0xBF, 0x00, 0x7D, 0xF8, 0x03, 0xF0, 0x1C, 0x60, 0x7F, 0xC1, 0xFF, 0x03, 0xF8, 0x07, 0x80, 0x0C,
    0x00, 0x00, 0x00, 0x00, 0x7F, 0xE1, 0xFF, 0xC7, 0xFF, 0x9F, 0xFE, 0x31, 0xF8, 0x01, 0xF3, 0xFF,
    0xDF, 0xFF, 0xFF, 0xFF, 0xF1, 0xFF, 0x87, 0xFF, 0xFF, 0xFF, 0xFD, 0xFF, 0xF3, 0xFF, 0x80, 0x63,
    0x3F, 0xEF, 0xF9, 0xFC, 0x3E, 0x03, 0x00, 0x00, 0x00, 0x3E, 0x0F, 0x83, 0xE0, 0xF8, 0x3E, 0x0F,
    0x83, 0xE0, 0xF8, 0x3E, 0x0F, 0x83, 0xE0, 0xF8, 0x3E, 0x0F, 0x83, 0xE0, 0xF8, 0x3E, 0x0F, 0x83,
    0xE0, 0xF8, 0x71, 0x9F, 0xF7, 0xFC, 0xFE, 0x1E, 0x03, 0x00, 0x00, 0x00, 0x1F, 0x07, 0xC1, 0xF0,
    0x7C, 0x1F, 0x07, 0xC1, 0xF0, 0x7C, 0x1F, 0x07, 0xC1, 0xF0, 0x7C, 0x1F, 0x07, 0xC1, 0xF0, 0x01,
    0x8C, 0x00, 0x1F, 0xF0, 0x00, 0xFF, 0x80, 0x03, 0xF8, 0x00, 0x0F, 0x80, 0x00, 0x38, 0x00, 0x00,
    0x00, 0x00, 0x00, 0x00, 0x03, 0xFE, 0x00, 0x7F, 0xFC, 0x07, 0xFF, 0xF0, 0x7F, 0xFF, 0xC3, 0xF8,
    0xFE, 0x3F, 0x01, 0xF9, 0xF0, 0x07, 0xDF, 0x80, 0x3F, 0xFC, 0x01, 0xFF, 0xE0, 0x0F, 0xFF, 0x00,
    0x7F, 0xF8, 0x03, 0xFF, 0xC0, 0x1F, 0xBE, 0x00, 0xF9, 0xF8, 0x0F, 0xCF, 0xF1, 0xFC, 0x3F, 0xFF,
    0xE0, 0xFF, 0xFE, 0x03, 0xFF, 0xE0, 0x07, 0xFC, 0x00, 0x0C, 0x70, 0x1F, 0xF0, 0x1F, 0xF0, 0x0F,
    0xE0, 0x03, 0xC0, 0x01, 0x80, 0x00, 0x00, 0x00, 0x00, 0x0F, 0xF0, 0x1F, 0xF8, 0x3F, 0xFC, 0x7F,
    0xFE, 0xFE, 0xFE, 0xFC, 0x3E, 0xF8, 0x3F, 0xF8, 0x3F, 0xF8, 0x3F, 0xFC, 0x3E, 0xFE, 0x7E, 0x7F,
    0xFE, 0x3F, 0xFC, 0x1F, 0xF8, 0x0F, 0xF0, 0x0E, 0x30, 0x07, 0xFC, 0x03, 0xFE, 0x00, 0xFE, 0x00,
    0x3C, 0x00, 0x0C, 0x00, 0x00, 0x00, 0x00, 0x00, 0xF8, 0x0F, 0xFC, 0x07, 0xFE, 0x03, 0xFF, 0x01,
    0xFF, 0x80, 0xFF, 0xC0, 0x7F, 0xE0, 0x3F, 0xF0, 0x1F, 0xF8, 0x0F, 0xFC, 0x07, 0xFE, 0x03, 0xFF,
    0x01, 0xFF, 0x80, 0xFF, 0xC0, 0xFF, 0xF0, 0x7F, 0xFC, 0xFE, 0x7F, 0xFF, 0x3F, 0xFF, 0x0F, 0xFF,
    0x01, 0xFF, 0x00, 0x0C, 0x60, 0x3F, 0xE0, 0x7F, 0xC0, 0x7F, 0x00, 0x7C, 0x00, 0x70, 0x00, 0x00,
    0x00, 0x00, 0x7C, 0x7C, 0xF8, 0xF9, 0xF1, 0xF3, 0xE3, 0xE7, 0xC7, 0xCF, 0x8F, 0x9F, 0x1F, 0x3E,
    0x3E, 0x7C, 0x7C, 0xF8, 0xF9, 0xF9, 0xF3, 0xFF, 0xE7, 0xFF, 0xC7, 0xFF, 0x83, 0xFF, 0x00, 0x0F,
    0xF0, 0x07, 0xF8, 0x00, 0x00, 0x01, 0xCF, 0x01, 0xF7, 0x80, 0xFB, 0xC0, 0x39, 0xE0, 0x00, 0x00,
    0xF8, 0x0F, 0xFC, 0x07, 0xFE, 0x03, 0xFF, 0x01, 0xFF, 0x80, 0xFF, 0xC0, 0x7F, 0xE0, 0x3F, 0xF0,
    0x1F, 0xF8, 0x0F, 0xFC, 0x07, 0xFE, 0x03, 0xFF, 0x01, 0xFF, 0x80, 0xFF, 0xC0, 0xFF, 0xF0, 0x7F,
    0xFC, 0xFE, 0x7F, 0xFF, 0x3F, 0xFF, 0x0F, 0xFF, 0x01, 0xFF, 0x00, 0x1F, 0xF0, 0x3F, 0xE0, 0x00,
    0x00, 0xE7, 0x81, 0xEF, 0x03, 0xDE, 0x07, 0x3C, 0x00, 0x00, 0x00, 0x00, 0xF8, 0xF9, 0xF1, 0xF3,
    0xE3, 0xE7, 0xC7, 0xCF, 0x8F, 0x9F, 0x1F, 0x3E, 0x3E, 0x7C, 0x7C, 0xF8, 0xF9, 0xF1, 0xF3, 0xF3,
    0xE7, 0xFF, 0xCF, 0xFF, 0x8F, 0xFF, 0x07, 0xFE, 0x00, 0x60, 0x00, 0xF0, 0x00, 0xF8, 0x00, 0x78,
    0x01, 0xDB, 0xC1, 0xE1, 0xE0, 0xF0, 0xF0, 0x38, 0x78, 0x00, 0x00, 0x7C, 0x07, 0xFE, 0x03, 0xFF,
    0x01, 0xFF, 0x80, 0xFF, 0xC0, 0x7F, 0xE0, 0x3F, 0xF0, 0x1F, 0xF8, 0x0F, 0xFC, 0x07, 0xFE, 0x03,
    0xFF, 0x01, 0xFF, 0x80, 0xFF, 0xC0, 0x7F, 0xE0, 0x7F, 0xF8, 0x3F, 0xFE, 0x7F, 0x3F, 0xFF, 0x9F,
    0xFF, 0x87, 0xFF, 0x80, 0xFF, 0x80, 0x00, 0xC0, 0x01, 0xE0, 0x07, 0x80, 0x1E, 0x00, 0x38, 0x07,
    0x67, 0x1F, 0x1E, 0x3E, 0x3C, 0x38, 0x38, 0x00, 0x00, 0x00, 0x03, 0xE3, 0xE7, 0xC7, 0xCF, 0x8F,
    0x9F, 0x1F, 0x3E, 0x3E, 0x7C, 0x7C, 0xF8, 0xF9, 0xF1, 0xF3, 0xE3, 0xE7, 0xC7, 0xCF, 0xCF, 0x9F,
    0xFF, 0x3F, 0xFE, 0x3F, 0xFC, 0x1F, 0xF8, 0x06, 0x60, 0x03, 0xF8, 0x01, 0xF8, 0x00, 0x78, 0x01,
    0xDB, 0xC1, 0xF1, 0xE0, 0xF8, 0xF0, 0x38, 0x78, 0x00, 0x00, 0x7C, 0x07, 0xFE, 0x03, 0xFF, 0x01,
    0xFF, 0x80, 0xFF, 0xC0, 0x7F, 0xE0, 0x3F, 0xF0, 0x1F, 0xF8, 0x0F, 0xFC, 0x07, 0xFE, 0x03, 0xFF,
    0x01, 0xFF, 0x80, 0xFF, 0xC0, 0x7F, 0xE0, 0x7F, 0xF8, 0x3F, 0xFE, 0x7F, 0x3F, 0xFF, 0x9F, 0xFF,
    0x87, 0xFF, 0x80, 0xFF, 0x80, 0x08, 0x20, 0x38, 0xE0, 0x7F, 0xC0, 0x7F, 0x00, 0x7C, 0x07, 0x67,
    0x1F, 0x1E, 0x3E, 0x3C, 0x38, 0x38, 0x00, 0x00, 0x00, 0x03, 0xE3, 0xE7, 0xC7, 0xCF, 0x8F, 0x9F,
    0x1F, 0x3E, 0x3E, 0x7C, 0x7C, 0xF8, 0xF9, 0xF1, 0xF3, 0xE3, 0xE7, 0xC7, 0xCF, 0xCF, 0x9F, 0xFF,
    0x3F, 0xFE, 0x3F, 0xFC, 0x1F, 0xF8, 0x03, 0x00, 0x03, 0xC0, 0x01, 0xF0, 0x00, 0x78, 0x01, 0xDB,
    0xC1, 0xF1, 0xE0, 0xF8, 0xF0, 0x38, 0x78, 0x00, 0x00, 0x7C, 0x07, 0xFE, 0x03, 0xFF, 0x01, 0xFF,
    0x80, 0xFF, 0xC0, 0x7F, 0xE0, 0x3F, 0xF0, 0x1F, 0xF8, 0x0F, 0xFC, 0x07, 0xFE, 0x03, 0xFF, 0x01,
    0xFF, 0x80, 0xFF, 0xC0, 0x7F, 0xE0, 0x7F, 0xF8, 0x3F, 0xFE, 0x7F, 0x3F, 0xFF, 0x9F, 0xFF, 0x87,
    0xFF, 0x80, 0xFF, 0x80, 0x06, 0x00, 0x3C, 0x00, 0x3C, 0x00, 0x3C, 0x00, 0x78, 0x07, 0x77, 0x1F,
    0x1E, 0x3E, 0x3C, 0x38, 0x38, 0x00, 0x00, 0x00, 0x03, 0xE3, 0xE7, 0xC7, 0xCF, 0x8F, 0x9F, 0x1F,
    0x3E, 0x3E, 0x7C, 0x7C, 0xF8, 0xF9, 0xF1, 0xF3, 0xE3, 0xE7, 0xC7, 0xCF, 0xCF, 0x9F, 0xFF, 0x3F,
    0xFE, 0x3F, 0xFC, 0x1F, 0xF8, 0x7F, 0xE0, 0xFF, 0xE1, 0xFF, 0xE3, 0xFF, 0xE7, 0x9F, 0xE0, 0x07,
    0xFF, 0xFF, 0xFF, 0xFF, 0xFF, 0xFF, 0xF0, 0x7F, 0xF3, 0xF3, 0xFF, 0xE7, 0xFF, 0x87, 0xFE, 0x03,
    0xF8, 0x00, 0x03, 0xFE, 0x00, 0x1F, 0xF0, 0x00, 0x00, 0x00, 0x07, 0x3C, 0x00, 0x3D, 0xE0, 0x01,
    0xEF, 0x00, 0x0E, 0x78, 0x00, 0x00, 0x00, 0x00, 0xF8, 0x00, 0x0F, 0xE0, 0x00, 0x7F, 0x00, 0x07,
    0xFC, 0x00, 0x3F, 0xE0, 0x03, 0xFF, 0x00, 0x1F, 0x7C, 0x00, 0xFB, 0xE0, 0x0F, 0x8F, 0x80, 0x7C,
    0x7C, 0x07, 0xC3, 0xF0, 0x3E, 0x0F, 0x81, 0xFF, 0xFC, 0x1F, 0xFF, 0xF0, 0xFF, 0xFF, 0x87, 0xFF,
    0xFC, 0x7E, 0x03, 0xF3, 0xE0, 0x0F, 0xBF, 0x00, 0x7D, 0xF8, 0x03, 0xF0, 0x1F, 0xE0, 0x7F, 0x80,
    0x00, 0x0F, 0x38, 0x3D, 0xF0, 0xF7, 0xC3, 0xCE, 0x00, 0x00, 0x00, 0x01, 0xFF, 0x87, 0xFF, 0x1F,
    0xFE, 0x7F, 0xF8, 0xC7, 0xE0, 0x07, 0xCF, 0xFF, 0x7F, 0xFF, 0xFF, 0xFF, 0xC7, 0xFE, 0x1F, 0xFF,
    0xFF, 0xFF, 0xF7, 0xFF, 0xCF, 0xFE, 0x03, 0xFE, 0x00, 0x1F, 0xF0, 0x00, 0x00, 0x00, 0x00, 0xE0,
    0x00, 0x0F, 0x80, 0x00, 0x7C, 0x00, 0x01, 0xC0, 0x00, 0x00, 0x00, 0x00, 0xF8, 0x00, 0x0F, 0xE0,
    0x00, 0x7F, 0x00, 0x07, 0xFC, 0x00, 0x3F, 0xE0, 0x03, 0xFF, 0x00, 0x1F, 0x7C, 0x00, 0xFB, 0xE0,
    0x0F, 0x8F, 0x80, 0x7C, 0x7C, 0x07, 0xC3, 0xF0, 0x3E, 0x0F, 0x81, 0xFF, 0xFC, 0x1F, 0xFF, 0xF0,
    0xFF, 0xFF, 0x87, 0xFF, 0xFC, 0x7E, 0x03, 0xF3, 0xE0, 0x0F, 0xBF, 0x00, 0x7D, 0xF8, 0x03, 0xF0,
    0x1F, 0xE0, 0x7F, 0x80, 0x00, 0x01, 0xC0, 0x07, 0x80, 0x1E, 0x00, 0x70, 0x00, 0x00, 0x00, 0x01,
    0xFF, 0x87, 0xFF, 0x1F, 0xFE, 0x7F, 0xF8, 0xC7, 0xE0, 0x07, 0xCF, 0xFF, 0x7F, 0xFF, 0xFF, 0xFF,
    0xC7, 0xFE, 0x1F, 0xFF, 0xFF, 0xFF, 0xF7, 0xFF, 0xCF, 0xFE, 0x00, 0x0F, 0xFE, 0x00, 0x00, 0xFF,
    0xE0, 0x00, 0x0F, 0xFE, 0x00, 0x00, 0x00, 0x00, 0x00, 0x00, 0x00, 0x00, 0x00, 0xFF, 0xFF, 0x00,
    0x1F, 0xFF, 0xF0, 0x01, 0xFF, 0xFF, 0x00, 0x3F, 0xFF, 0xF0, 0x07, 0xFE, 0x00, 0x00, 0x7F, 0xE0,
    0x00, 0x0F, 0xFE, 0x00, 0x01, 0xFB, 0xFF, 0xE0, 0x1F, 0x3F, 0xFE, 0x03, 0xF3, 0xFF, 0xE0, 0x7E,
    0x3F, 0xFE, 0x07, 0xC3, 0xE0, 0x00, 0xFF, 0xFE, 0x00, 0x0F, 0xFF, 0xE0, 0x01, 0xFF, 0xFE, 0x00,
    0x3F, 0xFF, 0xE0, 0x03, 0xF0, 0x3F, 0xFF, 0x7E, 0x03, 0xFF, 0xF7, 0xC0, 0x3F, 0xFF, 0xFC, 0x03,
    0xFF, 0xF0, 0x03, 0xFF, 0x00, 0x03, 0xFF, 0x00, 0x03, 0xFF, 0x00, 0x00, 0x00, 0x00, 0x00, 0x00,
    0x00, 0x00, 0x00, 0x00, 0x7F, 0xC7, 0xF0, 0x7F, 0xFF, 0xF8, 0x7F, 0xFF, 0xFC, 0x7F, 0xFF, 0xFE,
    0x31, 0xFE, 0x7E, 0x00, 0x7C, 0x3E, 0x3F, 0xFF, 0xFE, 0x7F, 0xFF, 0xFE, 0xFF, 0xFF, 0xFE, 0xFC,
    0x7C, 0x00, 0xF8, 0x7F, 0x1C, 0xFF, 0xFF, 0xFC, 0xFF, 0xFF, 0xFC, 0x7F, 0xFF, 0xFC, 0x3F, 0xEF,
    0xFC, 0x03, 0xFF, 0x00, 0xFF, 0xF8, 0x1F, 0xFF, 0x83, 0xFF, 0xF8, 0x3F, 0xC7, 0x87, 0xE0, 0x00,
    0x7C, 0x00, 0x0F, 0xC0, 0x00, 0xFC, 0x00, 0x0F, 0xC0, 0x7C, 0xFC, 0x07, 0xCF, 0xC3, 0xFF, 0xFC,
    0x3F, 0xF7, 0xC3, 0xFF, 0x7E, 0x07, 0xC7, 0xF8, 0x7C, 0x3F, 0xFF, 0xC1, 0xFF, 0xFC, 0x0F, 0xFF,
    0xC0, 0x3F, 0xF8, 0x0F, 0xFC, 0x1F, 0xFF, 0x1F, 0xFF, 0x8F, 0xFF, 0xCF, 0xE7, 0xE7, 0xCF, 0xFF,
    0xE7, 0xFF, 0xF3, 0xFF, 0xFE, 0x7E, 0x7F, 0xFF, 0x1F, 0xFF, 0x87, 0xFF, 0xC1, 0xFF, 0xE0, 0x03,
    0xF0, 0x01, 0xF0, 0xF1, 0xF8, 0x7F, 0xFC, 0x3F, 0xFC, 0x1F, 0xFE, 0x0F, 0xFC, 0x00, 0x01, 0x8C,
    0x00, 0xFF, 0x80, 0x3F, 0xE0, 0x07, 0xF0, 0x00, 0xF8, 0x00, 0x0C, 0x00, 0x00, 0x00, 0x00, 0x00,
    0x03, 0xFF, 0x03, 0xFF, 0xE1, 0xFF, 0xF8, 0xFF, 0xFE, 0x3F, 0xC7, 0x9F, 0x80, 0x07, 0xC0, 0x03,
    0xF0, 0x00, 0xFC, 0x00, 0x3F, 0x01, 0xFF, 0xC0, 0x7F, 0xF0, 0x1F, 0xFC, 0x07, 0xDF, 0x01, 0xF7,
    0xE0, 0x7D, 0xFE, 0x3F, 0x3F, 0xFF, 0xC7, 0xFF, 0xF0, 0xFF, 0xFC, 0x0F, 0xFE, 0x0E, 0x30, 0x1F,
    0xF0, 0x3F, 0xE0, 0x3F, 0x80, 0x3C, 0x00, 0x30, 0x00, 0x00, 0x00, 0x00, 0x0F, 0xFC, 0x7F, 0xFD,
    0xFF, 0xFB, 0xFF, 0xFF, 0xE7, 0xFF, 0x0F, 0xFE, 0x1F, 0xFC, 0x3F, 0xFE, 0x7F, 0xFF, 0xFD, 0xFF,
    0xF9, 0xFF, 0xF1, 0xFF, 0xE0, 0x0F, 0xC0, 0x1F, 0x3C, 0x7E, 0x7F, 0xFC, 0xFF, 0xF1, 0xFF, 0xE3,
    0xFF, 0x00, 0x0C, 0x30, 0x07, 0xFE, 0x00, 0xFF, 0x80, 0x1F, 0x80, 0x03, 0xC0, 0x00, 0x60, 0x00,
    0x00, 0x00, 0x00, 0x00, 0xF8, 0x1F, 0xBE, 0x0F, 0xCF, 0x87, 0xE3, 0xE3, 0xF0, 0xF9, 0xFC, 0x3E,
    0xFE, 0x0F, 0xFF, 0x03, 0xFF, 0x80, 0xFF, 0xC0, 0x3F, 0xE0, 0x0F, 0xFC, 0x03, 0xFF, 0x80, 0xFB,
    0xF0, 0x3E, 0x7E, 0x0F, 0x9F, 0xC3, 0xE3, 0xF8, 0xF8, 0x7E, 0x3E, 0x0F, 0xCF, 0x81, 0xFB, 0xE0,
    0x7F, 0x63, 0x01, 0xFF, 0x01, 0xFE, 0x01, 0xF0, 0x01, 0xC0, 0x00, 0x00, 0x3E, 0x00, 0x7C, 0x00,
    0xF8, 0x01, 0xF0, 0x03, 0xE0, 0x07, 0xC0, 0x0F, 0x80, 0x1F, 0x00, 0x3E, 0x3F, 0x7C, 0xFC, 0xFB,
    0xF1, 0xFF, 0xE3, 0xFF, 0x87, 0xFE, 0x0F, 0xF8, 0x1F, 0xF8, 0x3F, 0xF0, 0x7F, 0xF0, 0xFB, 0xF1,
    0xF3, 0xF3, 0xE3, 0xE7, 0xC7, 0xEF, 0x87, 0xE0, 0x03, 0xFE, 0x00, 0x7F, 0xFC, 0x07, 0xFF, 0xF0,
    0x7F, 0xFF, 0xC3, 0xF8, 0xFE, 0x3F, 0x01, 0xF9, 0xF0, 0x07, 0xDF, 0x80, 0x3F, 0xFC, 0x01, 0xFF,
    0xE0, 0x0F, 0xFF, 0x00, 0x7F, 0xF8, 0x03, 0xFF, 0xC0, 0x1F, 0xBE, 0x00, 0xF9, 0xF8, 0x0F, 0xCF,
    0xF1, 0xFC, 0x3F, 0xFF, 0xE0, 0xFF, 0xFE, 0x03, 0xFF, 0xE0, 0x07, 0xFC, 0x00, 0x07, 0xC0, 0x00,
    0x3C, 0x00, 0x03, 0xE0, 0x00, 0x1F, 0xC0, 0x00, 0xFE, 0x00, 0x03, 0xF0, 0x00, 0x0F, 0xF0, 0x1F,
    0xF8, 0x3F, 0xFC, 0x7F, 0xFE, 0xFE, 0xFE, 0xFC, 0x3E, 0xF8, 0x3F, 0xF8, 0x3F, 0xF8, 0x3F, 0xFC,
    0x3E, 0xFE, 0x7E, 0x7F, 0xFE, 0x3F, 0xFC, 0x3F, 0xF8, 0x0F, 0xF0, 0x03, 0xE0, 0x07, 0xC0, 0x07,
    0x80, 0x07, 0xF0, 0x07, 0xF0, 0x03, 0xF0, 0x07, 0xFF, 0x00, 0x3F, 0xF8, 0x01, 0xFF, 0xC0, 0x00,
    0x00, 0x00, 0x00, 0x00, 0x01, 0xFF, 0x00, 0x3F, 0xFE, 0x03, 0xFF, 0xF8, 0x3F, 0xFF, 0xE1, 0xFC,
    0x7F, 0x1F, 0x80, 0xFC, 0xF8, 0x03, 0xEF, 0xC0, 0x1F, 0xFE, 0x00, 0xFF, 0xF0, 0x07, 0xFF, 0x80,
    0x3F, 0xFC, 0x01, 0xFF, 0xE0, 0x0F, 0xDF, 0x00, 0x7C, 0xFC, 0x07, 0xE7, 0xF8, 0xFE, 0x1F, 0xFF,
    0xF0, 0x7F, 0xFF, 0x01, 0xFF, 0xF0, 0x03, 0xFE, 0x00, 0x03, 0xE0, 0x00, 0x1E, 0x00, 0x01, 0xF0,
    0x00, 0x0F, 0xE0, 0x00, 0x7F, 0x00, 0x01, 0xF8, 0x00, 0x1F, 0xF8, 0x1F, 0xF8, 0x1F, 0xF8, 0x00,
    0x00, 0x00, 0x00, 0x00, 0x00, 0x0F, 0xF0, 0x1F, 0xF8, 0x3F, 0xFC, 0x7F, 0xFE, 0xFE, 0xFE, 0xFC,
    0x3E, 0xF8, 0x3F, 0xF8, 0x3F, 0xF8, 0x3F, 0xFC, 0x3E, 0xFE, 0x7E, 0x7F, 0xFE, 0x3F, 0xFC, 0x3F,
    0xF8, 0x0F, 0xF0, 0x03, 0xE0, 0x07, 0xC0, 0x07, 0x80, 0x07, 0xF0, 0x07, 0xF0, 0x03, 0xF0, 0x06,
    0x30, 0x07, 0xFC, 0x03, 0xFE, 0x00, 0xFE, 0x00, 0x3E, 0x00, 0x06, 0x00, 0x00, 0x00, 0x00, 0x00,
    0x7F, 0xFF, 0x3F, 0xFF, 0x9F, 0xFF, 0xCF, 0xFF, 0xE0, 0x07, 0xE0, 0x07, 0xE0, 0x07, 0xE0, 0x07,
    0xE0, 0x07, 0xF8, 0x03, 0xFF, 0x01, 0xFF, 0xC0, 0x1F, 0xE0, 0x01, 0xF0, 0x00, 0xFC, 0x80, 0x7E,
    0xF8, 0xFE, 0x7F, 0xFF, 0x7F, 0xFF, 0x3F, 0xFF, 0x03, 0xFF, 0x00, 0x1C, 0x60, 0x7F, 0xC1, 0xFF,
    0x03, 0xF0, 0x07, 0x80, 0x0C, 0x00, 0x00, 0x00, 0x00, 0x00, 0x01, 0xFF, 0xF7, 0xFF, 0xDF, 0xFF,
    0x7F, 0xF8, 0x07, 0xE0, 0x3F, 0x01, 0xF8, 0x0F, 0xC0, 0x7F, 0x81, 0xFF, 0x03, 0xFE, 0x01, 0xFC,
    0x01, 0xF0, 0x07, 0xC0, 0x1F, 0x71, 0xFF, 0xFF, 0xFF, 0xFF, 0xBF, 0xFC, 0x7F, 0xE0, 0x0C, 0x61,
    0xFF, 0x1F, 0xF0, 0xFE, 0x07, 0xC0, 0x30, 0x00, 0x00, 0x00, 0x07, 0xC0, 0x7C, 0x07, 0xC0, 0x7C,
    0x07, 0xC0, 0x7C, 0x07, 0xC0, 0x7C, 0x07, 0xC0, 0x7C, 0x07, 0xC0, 0x7C, 0x07, 0xC0, 0x7C, 0x07,
    0xC0, 0xFC, 0x7F, 0x87, 0xF8, 0x7F, 0x07, 0xE0, 0xFF, 0xF0, 0x1F, 0xFF, 0xFF, 0xFF, 0x83, 0xFF,
    0xFF, 0xFF, 0xF8, 0x7F, 0xFF, 0xFF, 0xFF, 0x8F, 0xFF, 0xFF, 0x8F, 0xF8, 0x00, 0xFD, 0xF0, 0x3F,
    0x00, 0x3F, 0x3E, 0x03, 0xF0, 0x0F, 0xC7, 0xC0, 0x7E, 0x03, 0xF0, 0xF8, 0x07, 0xC0, 0xFC, 0x1F,
    0x00, 0xF8, 0x1F, 0x83, 0xE0, 0x1F, 0x07, 0xE0, 0x7C, 0x03, 0xE1, 0xF8, 0x0F, 0x80, 0xFC, 0x3E,
    0x01, 0xF0, 0x1F, 0x8F, 0xC0, 0x3E, 0x07, 0xE3, 0xF0, 0x07, 0xC7, 0xFC, 0x7C, 0x00, 0xFF, 0xFF,
    0x1F, 0xFF, 0xFF, 0xFF, 0xC3, 0xFF, 0xFF, 0xFF, 0xF0, 0x7F, 0xFF, 0xFF, 0xF8, 0x0F, 0xFF, 0xF0,
    0xFF, 0xF0, 0x00, 0x00, 0x7F, 0xFE, 0x00, 0x00, 0x3F, 0xFF, 0x80, 0x00, 0x1F, 0xFF, 0xE0, 0x00,
    0x0F, 0x8F, 0xF8, 0x00, 0x07, 0xC0, 0xFC, 0x7F, 0xFF, 0xE0, 0x3F, 0x3F, 0xFF, 0xF0, 0x1F, 0x9F,
    0xFF, 0xF8, 0x07, 0xCF, 0xFF, 0x7C, 0x03, 0xE0, 0x1F, 0xBE, 0x01, 0xF0, 0x1F, 0x1F, 0x00, 0xF8,
    0x1F, 0x0F, 0x80, 0xFC, 0x1F, 0x87, 0xC0, 0x7E, 0x1F, 0x83, 0xE0, 0x7E, 0x1F, 0x81, 0xF1, 0xFF,
    0x1F, 0x80, 0xFF, 0xFF, 0x0F, 0xFF, 0xFF, 0xFF, 0x0F, 0xFF, 0xFF, 0xFF, 0x07, 0xFF, 0xFF, 0xFE,
    0x03, 0xFF, 0xF0, 0x00, 0x3E, 0x00, 0x00, 0x00, 0xF8, 0x00, 0x00, 0x03, 0xE0, 0x00, 0x00, 0x0F,
    0x80, 0x00, 0x00, 0x3E, 0x00, 0x00, 0x00, 0xF8, 0x00, 0x00, 0x03, 0xE0, 0x00, 0x00, 0x0F, 0x80,
    0x00, 0x0F, 0xFE, 0x7F, 0xFC, 0xFF, 0xF9, 0xFF, 0xF7, 0xFF, 0xE7, 0xFF, 0xDF, 0xFF, 0x9F, 0xFF,
    0xFE, 0x7E, 0x01, 0xFB, 0xF0, 0xF8, 0x0F, 0xCF, 0x83, 0xE0, 0x7E, 0x3E, 0x0F, 0x83, 0xF0, 0xF8,
    0x3E, 0x0F, 0x83, 0xF0, 0xF8, 0x7C, 0x0F, 0xE3, 0xE3, 0xE0, 0x1F, 0xFF, 0x9F, 0xFF, 0x3F, 0xFE,
    0x7F, 0xFC, 0xFF, 0xF9, 0xFF, 0xF0, 0xFF, 0xC7, 0xFF, 0xC0, 0x00, 0x18, 0x00, 0x0F, 0x00, 0x07,
    0xC0, 0x03, 0xE0, 0x00, 0xF0, 0x00, 0x18, 0x00, 0x00, 0x00, 0x00, 0x00, 0x03, 0xFF, 0x03, 0xFF,
    0xE1, 0xFF, 0xF8, 0xFF, 0xFE, 0x3F, 0xC7, 0x9F, 0x80, 0x07, 0xC0, 0x03, 0xF0, 0x00, 0xFC, 0x00,
    0x3F, 0x01, 0xFF, 0xC0, 0x7F, 0xF0, 0x1F, 0xFC, 0x07, 0xDF, 0x01, 0xF7, 0xE0, 0x7D, 0xFE, 0x3F,
    0x3F, 0xFF, 0xC7, 0xFF, 0xF0, 0xFF, 0xFC, 0x0F, 0xFE, 0x00, 0x70, 0x01, 0xF0, 0x07, 0xE0, 0x1F,
    0x80, 0x3E, 0x00, 0x30, 0x00, 0x00, 0x00, 0x00, 0x0F, 0xFC, 0x7F, 0xFD, 0xFF, 0xFB, 0xFF, 0xFF,
    0xE7, 0xFF, 0x0F, 0xFE, 0x1F, 0xFC, 0x3F, 0xFE, 0x7F, 0xFF, 0xFD, 0xFF, 0xF9, 0xFF, 0xF1, 0xFF,
    0xE0, 0x0F, 0xC0, 0x1F, 0x3C, 0x7E, 0x7F, 0xFC, 0xFF, 0xF1, 0xFF, 0xE3, 0xFF, 0x00, 0xF8, 0x0F,
    0x80, 0x0F, 0x80, 0xF8, 0x00, 0xF8, 0x0F, 0x80, 0x0F, 0x80, 0xF8, 0x00, 0xF8, 0x0F, 0x80, 0x0F,
    0x80, 0xF8, 0x3E, 0xF8, 0x0F, 0x83, 0xEF, 0x80, 0xF8, 0x3E, 0xFF, 0xFF, 0x83, 0xEF, 0xFF, 0xF8,
    0x3E, 0xFF, 0xFF, 0x83, 0xEF, 0xFF, 0xF8, 0x3E, 0xF8, 0x0F, 0x83, 0xEF, 0x80, 0xF8, 0x3E, 0xF8,
    0x0F, 0xC3, 0xEF, 0x80, 0xFE, 0xFE, 0xF8, 0x0F, 0xFF, 0xEF, 0x80, 0x7F, 0xFC, 0xF8, 0x03, 0xFF,
    0x8F, 0x80, 0x1F, 0xF0, 0x3F, 0xF0, 0x7F, 0xFE, 0x3F, 0xFF, 0x9F, 0xFF, 0xEF, 0xCF, 0xF7, 0xC1,
    0xFB, 0xE0, 0x7F, 0xF0, 0x3F, 0xF8, 0x1F, 0xFC, 0x0F, 0xBE, 0x07, 0xDF, 0x07, 0xEF, 0x87, 0xE7,
    0xC7, 0xF3, 0xE7, 0xF1, 0xFF, 0xF0, 0xFF, 0xF0, 0x7F, 0xF0, 0x3F, 0xE0, 0x1F, 0xC0, 0x0F, 0x80,
    0x07, 0xC0, 0x03, 0xE0, 0x01, 0xF0, 0x00, 0xF8, 0x00, 0x00, 0x03, 0x00, 0x03, 0xE0, 0x00, 0xFC,
    0x00, 0x0F, 0x80, 0x01, 0xE0, 0x00, 0x30, 0x00, 0x00, 0x00, 0x00, 0x00, 0xF8, 0x07, 0xFF, 0x01,
    0xFF, 0xE0, 0x7F, 0xFC, 0x1F, 0xFF, 0x07, 0xFF, 0xE1, 0xFF, 0xFC, 0x7F, 0xFF, 0x9F, 0xFB, 0xE7,
    0xFE, 0xFD, 0xFF, 0x9F, 0xFF, 0xE3, 0xFF, 0xF8, 0x7F, 0xFE, 0x1F, 0xFF, 0x83, 0xFF, 0xE0, 0x7F,
    0xF8, 0x1F, 0xFE, 0x03, 0xFF, 0x80, 0x7F, 0xE0, 0x1F, 0x0C, 0x00, 0xF8, 0x03, 0xF0, 0x03, 0xE0,
    0x07, 0x80, 0x0C, 0x00, 0x00, 0x00, 0x00, 0xFF, 0xE3, 0xFF, 0xCF, 0xFF, 0xBF, 0xFE, 0xF9, 0xFB,
    0xE3, 0xFF, 0x8F, 0xFE, 0x3F, 0xF8, 0xFF, 0xE3, 0xFF, 0x8F, 0xFE, 0x3F, 0xF8, 0xFF, 0xE3, 0xFF,
    0x8F, 0xC0, 0x00, 0x38, 0x00, 0x07, 0xC0, 0x00, 0x7E, 0x00, 0x01, 0xC0, 0x00, 0x00, 0x00, 0x00,
    0x7C, 0x00, 0x07, 0xE0, 0x00, 0x3B, 0x80, 0x01, 0xDC, 0x00, 0x0F, 0xE0, 0x00, 0x7F, 0x00, 0x07,
    0xF8, 0x00, 0x3F, 0xE0, 0x03, 0xFF, 0x00, 0x1F, 0xFC, 0x00, 0xFB, 0xE0, 0x0F, 0xDF, 0x80, 0x7C,
    0x7C, 0x03, 0xE3, 0xE0, 0x3E, 0x0F, 0x81, 0xFF, 0xFC, 0x1F, 0xFF, 0xE0, 0xFF, 0xFF, 0x87, 0xFF,
    0xFC, 0x7E, 0x03, 0xE3, 0xE0, 0x1F, 0x9F, 0x00, 0x7D, 0xF8, 0x03, 0xEF, 0xC0, 0x1F, 0x80, 0x01,
    0x80, 0x3F, 0x00, 0xFC, 0x03, 0x80, 0x00, 0x00, 0x1E, 0x00, 0xFC, 0x03, 0xF0, 0x0F, 0xC0, 0x3F,
    0x00, 0x78, 0x00, 0x00, 0x00, 0x01, 0xFF, 0x87, 0xFF, 0x1F, 0xFE, 0x7F, 0xF8, 0xC7, 0xE0, 0x07,
    0xCF, 0xFF, 0x7F, 0xFF, 0xFF, 0xFF, 0xC7, 0xFE, 0x1F, 0xFF, 0xFF, 0xFF, 0xF7, 0xFF, 0xCF, 0xFE,
    0x00, 0x00, 0x30, 0x00, 0x00, 0x07, 0xC0, 0x00, 0x00, 0xFC, 0x00, 0x00, 0x1F, 0x00, 0x00, 0x01,
    0xE0, 0x00, 0x00, 0x0C, 0x00, 0x00, 0x00, 0x00, 0x00, 0x00, 0x00, 0x00, 0x00, 0x0F, 0xFF, 0xF0,
    0x01, 0xFF, 0xFF, 0x00, 0x1F, 0xFF, 0xF0, 0x03, 0xFF, 0xFF, 0x00, 0x7F, 0xE0, 0x00, 0x07, 0xFE,
    0x00, 0x00, 0xFF, 0xE0, 0x00, 0x1F, 0xBF, 0xFE, 0x01, 0xF3, 0xFF, 0xE0, 0x3F, 0x3F, 0xFE, 0x07,
    0xE3, 0xFF, 0xE0, 0x7C, 0x3E, 0x00, 0x0F, 0xFF, 0xE0, 0x00, 0xFF, 0xFE, 0x00, 0x1F, 0xFF, 0xE0,
    0x03, 0xFF, 0xFE, 0x00, 0x3F, 0x03, 0xFF, 0xF7, 0xE0, 0x3F, 0xFF, 0x7C, 0x03, 0xFF, 0xFF, 0xC0,
    0x3F, 0xFF, 0x00, 0x06, 0x00, 0x00, 0x0F, 0x00, 0x00, 0x1F, 0x00, 0x00, 0x3E, 0x00, 0x00, 0x3C,
    0x00, 0x00, 0x18, 0x00, 0x00, 0x00, 0x00, 0x00, 0x00, 0x00, 0x7F, 0xC7, 0xF0, 0x7F, 0xFF, 0xF8,
    0x7F, 0xFF, 0xFC, 0x7F, 0xFF, 0xFE, 0x31, 0xFE, 0x7E, 0x00, 0x7C, 0x3E, 0x3F, 0xFF, 0xFE, 0x7F,
    0xFF, 0xFE, 0xFF, 0xFF, 0xFE, 0xFC, 0x7C, 0x00, 0xF8, 0x7F, 0x1C, 0xFF, 0xFF, 0xFC, 0xFF, 0xFF,
    0xFC, 0x7F, 0xFF, 0xFC, 0x3F, 0xEF, 0xFC, 0x00, 0x30, 0x00, 0x03, 0xE0, 0x00, 0x3F, 0x00, 0x03,
    0xF0, 0x00, 0x1E, 0x00, 0x00, 0x60, 0x00, 0x00, 0x00, 0x00, 0x00, 0x08, 0x03, 0xFE, 0xF0, 0x7F,
    0xFF, 0x87, 0xFF, 0xF8, 0x7F, 0xFF, 0xC3, 0xF8, 0xFE, 0x3F, 0x07, 0xF9, 0xF0, 0x7F, 0xDF, 0x87,
    0xFF, 0xFC, 0x7D, 0xFF, 0xE7, 0xCF, 0xFF, 0x3C, 0x7F, 0xFB, 0xE3, 0xFF, 0xFE, 0x1F, 0xBF, 0xE0,
    0xF9, 0xFE, 0x0F, 0xCF, 0xF1, 0xFC, 0x3F, 0xFF, 0xE1, 0xFF, 0xFE, 0x1F, 0xFF, 0xE0, 0xF7, 0xFC,
    0x03, 0x00, 0x00, 0x00, 0x00, 0xC0, 0x01, 0xE0, 0x03, 0xE0, 0x07, 0xC0, 0x07, 0x80, 0x03, 0x00,
    0x00, 0x00, 0x00, 0x0C, 0x0F, 0xFE, 0x1F, 0xFE, 0x3F, 0xFC, 0x7F, 0xFE, 0xFE, 0xFE, 0xF9, 0xFE,
    0xF9, 0xFF, 0xFB, 0xDF, 0xFF, 0x9F, 0xFF, 0x3E, 0xFE, 0x7E, 0x7F, 0xFE, 0x7F, 0xFC, 0x7F, 0xF8,
    0x7F, 0xF0, 0x20, 0x00, 0x06, 0x18, 0x00, 0x79, 0xE0, 0x03, 0xEF, 0x80, 0x0F, 0x3C, 0x00, 0x3C,
    0xF0, 0x00, 0xE3, 0x80, 0x00, 0x00, 0x00, 0x00, 0x00, 0x00, 0xF8, 0x00, 0x0F, 0xE0, 0x00, 0x7F,
    0x00, 0x07, 0xFC, 0x00, 0x3F, 0xE0, 0x03, 0xFF, 0x00, 0x1F, 0x7C, 0x00, 0xFB, 0xE0, 0x0F, 0x8F,
    0x80, 0x7C, 0x7C, 0x07, 0xC3, 0xF0, 0x3E, 0x0F, 0x81, 0xFF, 0xFC, 0x1F, 0xFF, 0xF0, 0xFF, 0xFF,
    0x87, 0xFF, 0xFC, 0x7E, 0x03, 0xF3, 0xE0, 0x0F, 0xBF, 0x00, 0x7D, 0xF8, 0x03, 0xF0, 0x61, 0x83,
    0xCF, 0x0F, 0xBE, 0x1E, 0x78, 0x3C, 0xF0, 0x71, 0xC0, 0x00, 0x00, 0x00, 0x7F, 0xE1, 0xFF, 0xC7,
    0xFF, 0x9F, 0xFE, 0x31, 0xF8, 0x01, 0xF3, 0xFF, 0xDF, 0xFF, 0xFF, 0xFF, 0xF1, 0xFF, 0x87, 0xFF,
    0xFF, 0xFF, 0xFD, 0xFF, 0xF3, 0xFF, 0x80, 0x01, 0xF8, 0x00, 0x1F, 0xE0, 0x00, 0xFF, 0x80, 0x0F,
    0xBC, 0x00, 0x78, 0xE0, 0x00, 0x00, 0x00, 0x00, 0x00, 0x00, 0x1F, 0x00, 0x01, 0xFC, 0x00, 0x0F,
    0xE0, 0x00, 0xFF, 0x80, 0x07, 0xFC, 0x00, 0x7F, 0xE0, 0x03, 0xEF, 0x80, 0x1F, 0x7C, 0x01, 0xF1,
    0xF0, 0x0F, 0x8F, 0x80, 0xF8, 0x7E, 0x07, 0xC1, 0xF0, 0x3F, 0xFF, 0x83, 0xFF, 0xFE, 0x1F, 0xFF,
    0xF0, 0xFF, 0xFF, 0x8F, 0xC0, 0x7E, 0x7C, 0x01, 0xF7, 0xE0, 0x0F, 0xBF, 0x00, 0x7E, 0x0F, 0xC0,
    0x7F, 0x83, 0xFF, 0x0F, 0x3C, 0x3C, 0xF0, 0x00, 0x00, 0x00, 0x1F, 0xF8, 0x7F, 0xF1, 0xFF, 0xE7,
    0xFF, 0x8C, 0x7E, 0x00, 0x7C, 0xFF, 0xF7, 0xFF, 0xFF, 0xFF, 0xFC, 0x7F, 0xE1, 0xFF, 0xFF, 0xFF,
    0xFF, 0x7F, 0xFC, 0xFF, 0xE0, 0x30, 0xC0, 0xF3, 0x81, 0xEF, 0x81, 0xEF, 0x81, 0xE7, 0x81, 0x86,
    0x00, 0x00, 0x00, 0x00, 0xFF, 0xFD, 0xFF, 0xFB, 0xFF, 0xF7, 0xFF, 0xEF, 0x80, 0x1F, 0x00, 0x3E,
    0x00, 0x7F, 0xFC, 0xFF, 0xF9, 0xFF, 0xF3, 0xFF, 0xE7, 0xC0, 0x0F, 0x80, 0x1F, 0x00, 0x3E, 0x00,
    0x7C, 0x00, 0xFF, 0xFF, 0xFF, 0xFF, 0xFF, 0xFF, 0xFF, 0xF0, 0x18, 0xC0, 0xF3, 0xC1, 0xF7, 0xC1,
    0xF7, 0xC1, 0xE7, 0x81, 0xC7, 0x00, 0x00, 0x00, 0x00, 0x0F, 0xE0, 0x3F, 0xF0, 0xFF, 0xF3, 0xFF,
    0xE7, 0xEF, 0xFF, 0x07, 0xFF, 0xFF, 0xFF, 0xFF, 0xFF, 0xFF, 0xF0, 0x03, 0xF8, 0xF3, 0xFF, 0xE3,
    0xFF, 0xC7, 0xFF, 0x83, 0xFF, 0x00, 0x0F, 0xC0, 0x3F, 0xC0, 0x7F, 0xC1, 0xF7, 0x83, 0xCF, 0x00,
    0x00, 0x00, 0x00, 0x7F, 0xFE, 0xFF, 0xFD, 0xFF, 0xFB, 0xFF, 0xF7, 0xC0, 0x0F, 0x80, 0x1F, 0x00,
    0x3F, 0xFE, 0x7F, 0xFC, 0xFF, 0xF9, 0xFF, 0xF3, 0xE0, 0x07, 0xC0, 0x0F, 0x80, 0x1F, 0x00, 0x3E,
    0x00, 0x7F, 0xFF, 0xFF, 0xFF, 0xFF, 0xFF, 0xFF, 0xF8, 0x07, 0xE0, 0x1F, 0xE0, 0x7F, 0xC0, 0xF7,
    0xC1, 0xC7, 0x80, 0x00, 0x00, 0x00, 0x07, 0xF0, 0x1F, 0xF8, 0x7F, 0xF9, 0xFF, 0xF3, 0xF7, 0xFF,
    0x83, 0xFF, 0xFF, 0xFF, 0xFF, 0xFF, 0xFF, 0xF8, 0x01, 0xFC, 0x79, 0xFF, 0xF1, 0xFF, 0xE3, 0xFF,
    0xC1, 0xFF, 0x80, 0x30, 0xC3, 0xCF, 0x1F, 0x7C, 0x79, 0xE1, 0xE7, 0x87, 0x1C, 0x00, 0x00, 0x00,
    0x07, 0xC0, 0x3E, 0x01, 0xF0, 0x0F, 0x80, 0x7C, 0x03, 0xE0, 0x1F, 0x00, 0xF8, 0x07, 0xC0, 0x3E,
    0x01, 0xF0, 0x0F, 0x80, 0x7C, 0x03, 0xE0, 0x1F, 0x00, 0xF8, 0x07, 0xC0, 0x3E, 0x01, 0xF0, 0x0F,
    0x80, 0x30, 0xC3, 0xCE, 0x1E, 0xF8, 0x7B, 0xE1, 0xEF, 0x86, 0x18, 0x00, 0x00, 0x00, 0x07, 0xC0,
    0x3E, 0x01, 0xF0, 0x0F, 0x80, 0x7C, 0x03, 0xE0, 0x1F, 0x00, 0xF8, 0x07, 0xC0, 0x3E, 0x01, 0xF0,
    0x0F, 0x80, 0x7C, 0x03, 0xE0, 0x1F, 0x00, 0x1F, 0x87, 0xF9, 0xFF, 0x3D, 0xF7, 0x1E, 0x00, 0x00,
    0x00, 0xF8, 0x1F, 0x03, 0xE0, 0x7C, 0x0F, 0x81, 0xF0, 0x3E, 0x07, 0xC0, 0xF8, 0x1F, 0x03, 0xE0,
    0x7C, 0x0F, 0x81, 0xF0, 0x3E, 0x07, 0xC0, 0xF8, 0x1F, 0x03, 0xE0, 0x7C, 0x00, 0x3F, 0x1F, 0xE7,
    0xFF, 0xEF, 0xF1, 0xC0, 0x00, 0x00, 0x7C, 0x1F, 0x07, 0xC1, 0xF0, 0x7C, 0x1F, 0x07, 0xC1, 0xF0,
    0x7C, 0x1F, 0x07, 0xC1, 0xF0, 0x7C, 0x1F, 0x07, 0xC0, 0x06, 0x18, 0x00, 0x79, 0xC0, 0x03, 0xDF,
    0x00, 0x0F, 0x7C, 0x00, 0x3D, 0xF0, 0x00, 0xC7, 0x00, 0x00, 0x00, 0x00, 0x00, 0x00, 0x03, 0xFE,
    0x00, 0x7F, 0xFC, 0x07, 0xFF, 0xF0, 0x7F, 0xFF, 0xC3, 0xF8, 0xFE, 0x3F, 0x01, 0xF9, 0xF0, 0x07,
    0xDF, 0x80, 0x3F, 0xFC, 0x01, 0xFF, 0xE0, 0x0F, 0xFF, 0x00, 0x7F, 0xF8, 0x03, 0xFF, 0xC0, 0x1F,
    0xBE, 0x00, 0xF9, 0xF8, 0x0F, 0xCF, 0xF1, 0xFC, 0x3F, 0xFF, 0xE0, 0xFF, 0xFE, 0x03, 0xFF, 0xE0,
    0x07, 0xFC, 0x00, 0x18, 0xC0, 0x79, 0xE0, 0x7D, 0xF0, 0x3E, 0xF8, 0x1E, 0x78, 0x0E, 0x38, 0x00,
    0x00, 0x00, 0x00, 0x0F, 0xF0, 0x1F, 0xF8, 0x3F, 0xFC, 0x7F, 0xFE, 0xFE, 0xFE, 0xFC, 0x3E, 0xF8,
    0x3F, 0xF8, 0x3F, 0xF8, 0x3F, 0xFC, 0x3E, 0xFE, 0x7E, 0x7F, 0xFE, 0x3F, 0xFC, 0x1F, 0xF8, 0x0F,
    0xF0, 0x00, 0xF8, 0x00, 0x1F, 0xE0, 0x00, 0xFF, 0x80, 0x07, 0xBC, 0x00, 0x78, 0xF0, 0x00, 0x00,
    0x00, 0x00, 0x00, 0x00, 0x7F, 0xC0, 0x0F, 0xFF, 0x80, 0xFF, 0xFE, 0x0F, 0xFF, 0xF8, 0x7F, 0x1F,
    0xC7, 0xE0, 0x3F, 0x3E, 0x00, 0xFB, 0xF0, 0x07, 0xFF, 0x80, 0x3F, 0xFC, 0x01, 0xFF, 0xE0, 0x0F,
    0xFF, 0x00, 0x7F, 0xF8, 0x03, 0xF7, 0xC0, 0x1F, 0x3F, 0x01, 0xF9, 0xFE, 0x3F, 0x87, 0xFF, 0xFC,
    0x1F, 0xFF, 0xC0, 0x7F, 0xFC, 0x00, 0xFF, 0x80, 0x07, 0xE0, 0x0F, 0xF0, 0x1F, 0xF0, 0x1E, 0xF8,
    0x1C, 0x78, 0x00, 0x00, 0x00, 0x00, 0x0F, 0xF0, 0x1F, 0xF8, 0x3F, 0xFC, 0x7F, 0xFE, 0xFE, 0xFE,
    0xFC, 0x3E, 0xF8, 0x3F, 0xF8, 0x3F, 0xF8, 0x3F, 0xFC, 0x3E, 0xFE, 0x7E, 0x7F, 0xFE, 0x3F, 0xFC,
    0x1F, 0xF8, 0x0F, 0xF0, 0x31, 0x80, 0x79, 0xE0, 0x3E, 0xF8, 0x0F, 0xBE, 0x03, 0xCF, 0x00, 0xE3,
    0x80, 0x00, 0x00, 0x00, 0x00, 0xFF, 0xF0, 0x7F, 0xFE, 0x3F, 0xFF, 0x9F, 0xFF, 0xCF, 0x8F, 0xF7,
    0xC1, 0xFB, 0xE0, 0xFD, 0xF0, 0x7E, 0xF8, 0xFF, 0x7F, 0xFF, 0x3F, 0xFF, 0x9F, 0xFF, 0x8F, 0xFF,
    0x87, 0xCF, 0xC3, 0xE3, 0xF1, 0xF1, 0xFC, 0xF8, 0x7E, 0x7C, 0x1F, 0xBE, 0x0F, 0xDF, 0x03, 0xF0,
    0x61, 0x8F, 0x3C, 0xFB, 0xE7, 0x9E, 0x3C, 0xF1, 0xC7, 0x00, 0x00, 0x00, 0x1F, 0xF3, 0xFF, 0x3F,
    0xF3, 0xFF, 0x3E, 0x63, 0xE0, 0x3E, 0x03, 0xE0, 0x3E, 0x03, 0xE0, 0x3E, 0x03, 0xE0, 0x3E, 0x03,
    0xE0, 0x3E, 0x00, 0x0F, 0xC0, 0x0F, 0xF0, 0x07, 0xFC, 0x07, 0xDE, 0x03, 0xC7, 0x00, 0x00, 0x00,
    0x00, 0x01, 0xFF, 0xE0, 0xFF, 0xFC, 0x7F, 0xFF, 0x3F, 0xFF, 0x9F, 0x1F, 0xEF, 0x83, 0xF7, 0xC1,
    0xFB, 0xE0, 0xFD, 0xF1, 0xFE, 0xFF, 0xFE, 0x7F, 0xFF, 0x3F, 0xFF, 0x1F, 0xFF, 0x0F, 0x9F, 0x87,
    0xC7, 0xE3, 0xE3, 0xF9, 0xF0, 0xFC, 0xF8, 0x3F, 0x7C, 0x1F, 0xBE, 0x07, 0xE0, 0x3F, 0x1F, 0xE7,
    0xFF, 0xEF, 0xF3, 0xC0, 0x00, 0x01, 0xFF, 0xFF, 0xFF, 0xFF, 0xFF, 0xE6, 0xF8, 0x3E, 0x0F, 0x83,
    0xE0, 0xF8, 0x3E, 0x0F, 0x83, 0xE0, 0xF8, 0x3E, 0x00, 0x18, 0x60, 0x1C, 0xF0, 0x1F, 0x7C, 0x07,
    0xDF, 0x01, 0xF7, 0x80, 0x31, 0xC0, 0x00, 0x00, 0x00, 0x00, 0xF8, 0x0F, 0xFC, 0x07, 0xFE, 0x03,
    0xFF, 0x01, 0xFF, 0x80, 0xFF, 0xC0, 0x7F, 0xE0, 0x3F, 0xF0, 0x1F, 0xF8, 0x0F, 0xFC, 0x07, 0xFE,
    0x03, 0xFF, 0x01, 0xFF, 0x80, 0xFF, 0xC0, 0xFF, 0xF0, 0x7F, 0xFC, 0xFE, 0x7F, 0xFF, 0x3F, 0xFF,
    0x0F, 0xFF, 0x01, 0xFF, 0x00, 0x30, 0xC0, 0xF7, 0x81, 0xEF, 0x81, 0xEF, 0x81, 0xEF, 0x01, 0x8E,
    0x00, 0x00, 0x00, 0x00, 0x7C, 0x7C, 0xF8, 0xF9, 0xF1, 0xF3, 0xE3, 0xE7, 0xC7, 0xCF, 0x8F, 0x9F,
    0x1F, 0x3E, 0x3E, 0x7C, 0x7C, 0xF8, 0xF9, 0xF9, 0xF3, 0xFF, 0xE7, 0xFF, 0xC7, 0xFF, 0x83, 0xFF,
    0x00, 0x07, 0xE0, 0x07, 0xF8, 0x03, 0xFE, 0x03, 0xEF, 0x01, 0xE3, 0x80, 0x00, 0x00, 0x00, 0x01,
    0xF0, 0x1F, 0xF8, 0x0F, 0xFC, 0x07, 0xFE, 0x03, 0xFF, 0x01, 0xFF, 0x80, 0xFF, 0xC0, 0x7F, 0xE0,
    0x3F, 0xF0, 0x1F, 0xF8, 0x0F, 0xFC, 0x07, 0xFE, 0x03, 0xFF, 0x01, 0xFF, 0x81, 0xFF, 0xE0, 0xFF,
    0xF9, 0xFC, 0xFF, 0xFE, 0x7F, 0xFE, 0x1F, 0xFE, 0x03, 0xFE, 0x00, 0x07, 0xC0, 0x3F, 0xC0, 0x7F,
    0xC0, 0xF7, 0x83, 0xC7, 0x80, 0x00, 0x00, 0x00, 0x3E, 0x3E, 0x7C, 0x7C, 0xF8, 0xF9, 0xF1, 0xF3,
    0xE3, 0xE7, 0xC7, 0xCF, 0x8F, 0x9F, 0x1F, 0x3E, 0x3E, 0x7C, 0x7C, 0xFC, 0xF9, 0xFF, 0xF3, 0xFF,
    0xE3, 0xFF, 0xC1, 0xFF, 0x80, 0x0F, 0xF8, 0x7F, 0xF9, 0xFF, 0xF3, 0xFF, 0xCF, 0xE3, 0x9F, 0x00,
    0x3F, 0x00, 0x7F, 0x80, 0x7F, 0xE0, 0x7F, 0xF0, 0x7F, 0xF0, 0x3F, 0xE0, 0x0F, 0xE0, 0x0F, 0xC0,
    0x0F, 0xBC, 0x7F, 0xFF, 0xFF, 0xFF, 0xFB, 0xFF, 0xE1, 0xFF, 0x80, 0x00, 0x00, 0x00, 0x01, 0xF0,
    0x03, 0xE0, 0x1F, 0xC0, 0x3F, 0x00, 0x7C, 0x00, 0x1F, 0xE7, 0xFE, 0x7F, 0xEF, 0xCE, 0xFC, 0x0F,
    0xF8, 0x7F, 0xE3, 0xFF, 0x0F, 0xF0, 0x1F, 0xF1, 0xFF, 0xFF, 0xFF, 0xFF, 0xFE, 0xFF, 0xC0, 0x00,
    0x00, 0x00, 0xF0, 0x1F, 0x03, 0xF0, 0x3F, 0x03, 0xE0, 0xFF, 0xFF, 0xFF, 0xFF, 0xFF, 0xFF, 0xFF,
    0xFF, 0xFF, 0x03, 0xF0, 0x00, 0xFC, 0x00, 0x3F, 0x00, 0x0F, 0xC0, 0x03, 0xF0, 0x00, 0xFC, 0x00,
    0x3F, 0x00, 0x0F, 0xC0, 0x03, 0xF0, 0x00, 0xFC, 0x00, 0x3F, 0x00, 0x0F, 0xC0, 0x03, 0xF0, 0x00,
    0xFC, 0x00, 0x3F, 0x00, 0x0F, 0xC0, 0x00, 0x00, 0x00, 0x00, 0x00, 0x1E, 0x00, 0x0F, 0x80, 0x07,
    0xE0, 0x01, 0xF0, 0x00, 0x78, 0x00, 0x7C, 0x0F, 0x81, 0xF0, 0x3E, 0x07, 0xC0, 0xFF, 0xDF, 0xFB,
    0xFF, 0x7F, 0xEF, 0x81, 0xF0, 0x3E, 0x07, 0xC0, 0xF8, 0x1F, 0x03, 0xF3, 0x7F, 0xEF, 0xFC, 0xFF,
    0x8F, 0xF0, 0x00, 0x00, 0x03, 0xE0, 0x7C, 0x3F, 0x07, 0xE0, 0xF8, 0x00, 0x3F, 0xE1, 0xFF, 0xF1,
    0xFF, 0xE3, 0xFF, 0xE7, 0x9F, 0xC0, 0x0F, 0xC0, 0x1F, 0x00, 0x3E, 0x03, 0xFC, 0x3F, 0xF0, 0x7F,
    0xC0, 0xFF, 0xC1, 0xFF, 0xC0, 0x7F, 0xC0, 0x1F, 0x80, 0x1F, 0x00, 0x3E, 0x00, 0x7C, 0x00, 0xF8,
    0x03, 0xF0, 0x7F, 0xDF, 0xFF, 0xBF, 0xFE, 0x7F, 0xF8, 0xFF, 0x80, 0x7F, 0xC7, 0xFF, 0x1F, 0xFC,
    0xFF, 0xE7, 0x3F, 0x00, 0xF8, 0x1F, 0xC3, 0xFC, 0x1F, 0xC0, 0xFF, 0x07, 0xFC, 0x07, 0xF0, 0x0F,
    0x80, 0x7C, 0x07, 0xE7, 0xFE, 0xFF, 0xF7, 0xFF, 0x3F, 0xF1, 0xFC, 0x00, 0x06, 0x30, 0x07, 0xFC,
    0x03, 0xFE, 0x00, 0xFE, 0x00, 0x3E, 0x00, 0x06, 0x00, 0x00, 0x00, 0x00, 0x00, 0xF8, 0x0F, 0xFC,
    0x07, 0xFE, 0x03, 0xFF, 0x01, 0xFF, 0x80, 0xFF, 0xC0, 0x7F, 0xE0, 0x3F, 0xF0, 0x1F, 0xFF, 0xFF,
    0xFF, 0xFF, 0xFF, 0xFF, 0xFF, 0xFF, 0xFF, 0x80, 0xFF, 0xC0, 0x7F, 0xE0, 0x3F, 0xF0, 0x1F, 0xF8,
    0x0F, 0xFC, 0x07, 0xFE, 0x03, 0xFF, 0x01, 0xF0, 0x63, 0x03, 0xFE, 0x07, 0xF8, 0x0F, 0x80, 0x1C,
    0x00, 0x00, 0x0F, 0x80, 0x3E, 0x00, 0xF8, 0x03, 0xE0, 0x0F, 0x80, 0x3E, 0x00, 0xF8, 0x03, 0xE0,
    0x0F, 0xFE, 0x3F, 0xFC, 0xFF, 0xFB, 0xFF, 0xEF, 0x9F, 0xBE, 0x3F, 0xF8, 0xFF, 0xE3, 0xFF, 0x8F,
    0xFE, 0x3F, 0xF8, 0xFF, 0xE3, 0xFF, 0x8F, 0xFE, 0x3F, 0xF8, 0xFC, 0xFC, 0x1F, 0x83, 0xF0, 0x7E,
    0x07, 0x80, 0x0F, 0xC3, 0xE1, 0xF0, 0xF8, 0x78, 0x00, 0x1F, 0x03, 0xF8, 0x3F, 0xC7, 0xBE, 0xF1,
    0xF0, 0x3E, 0x3B, 0xFF, 0x9F, 0xFC, 0xE7, 0xC0, 0xFF, 0xFF, 0xFF, 0xFF, 0xFF, 0x70, 0xE7, 0xFE,
    0x7F, 0xE7, 0xFC, 0x1F, 0x80, 0x7B, 0xFF, 0xDE, 0x20, 0xC7, 0x9E, 0xF9, 0xF7, 0x9E, 0x7C, 0xFE,
    0xEF, 0xE7, 0xEF, 0xFE, 0x7C, 0x1F, 0x7C, 0xFB, 0xE7, 0xCF, 0x1E, 0x78, 0xF3, 0xC0, 0xF0, 0xFF,
    0x9F, 0x7F, 0xE3, 0xFC, 0x1F, 0x80, 0x1F, 0x87, 0xF9, 0xFF, 0x3D, 0xF7, 0x1E, 0x3C, 0xF7, 0xDE,
    0x7B, 0xEF, 0xBE, 0x7D, 0xE7, 0x9E, 0xF0, 0x38, 0x3C, 0x3E, 0x0E, 0xFE, 0xFE, 0xFC, 0x19, 0xE7,
    0x38, 0xF3, 0xFF, 0xDF, 0x06, 0x00, 0x1E, 0x00, 0x3E, 0x00, 0x3E, 0x00, 0x3C, 0x00, 0x30, 0x00,
    0x00, 0x00, 0x00, 0xFF, 0xFD, 0xFF, 0xFB, 0xFF, 0xF7, 0xFF, 0xEF, 0x80, 0x1F, 0x00, 0x3E, 0x00,
    0x7F, 0xFC, 0xFF, 0xF9, 0xFF, 0xF3, 0xFF, 0xE7, 0xC0, 0x0F, 0x80, 0x1F, 0x00, 0x3E, 0x00, 0x7C,
    0x00, 0xFF, 0xFF, 0xFF, 0xFF, 0xFF, 0xFF, 0xFF, 0xF0, 0x3C, 0xF0, 0xF9, 0xF1, 0xF3, 0xE1, 0xE7,
    0x80, 0x00, 0x00, 0x00, 0x3F, 0xFF, 0x7F, 0xFE, 0xFF, 0xFD, 0xFF, 0xFB, 0xE0, 0x07, 0xC0, 0x0F,
    0x80, 0x1F, 0xFF, 0x3F, 0xFE, 0x7F, 0xFC, 0xFF, 0xF9, 0xF0, 0x03, 0xE0, 0x07, 0xC0, 0x0F, 0x80,
    0x1F, 0x00, 0x3F, 0xFF, 0xFF, 0xFF, 0xFF, 0xFF, 0xFF, 0xFC, 0xFF, 0xFF, 0xC1, 0xFF, 0xFF, 0x83,
    0xFF, 0xFF, 0x07, 0xFF, 0xFE, 0x00, 0x3E, 0x00, 0x00, 0x7C, 0x00, 0x00, 0xF8, 0x00, 0x01, 0xFF,
    0xF0, 0x03, 0xFF, 0xF0, 0x07, 0xFF, 0xF0, 0x0F, 0xFF, 0xF0, 0x1F, 0x0F, 0xE0, 0x3E, 0x07, 0xE0,
    0x7C, 0x07, 0xC0, 0xF8, 0x1F, 0x81, 0xF0, 0x7E, 0x03, 0xE7, 0xFC, 0x07, 0xCF, 0xF8, 0x0F, 0x9F,
    0xE0, 0x1F, 0x3F, 0x00, 0x01, 0xC0, 0x07, 0xC0, 0x1F, 0x80, 0x7E, 0x00, 0xF8, 0x00, 0xC0, 0x00,
    0x00, 0x00, 0x00, 0xFF, 0xFD, 0xFF, 0xFB, 0xFF, 0xF7, 0xFF, 0xEF, 0x80, 0x1F, 0x00, 0x3E, 0x00,
    0x7C, 0x00, 0xF8, 0x01, 0xF0, 0x03, 0xE0, 0x07, 0xC0, 0x0F, 0x80, 0x1F, 0x00, 0x3E, 0x00, 0x7C,
    0x00, 0xF8, 0x01, 0xF0, 0x03, 0xE0, 0x07, 0xC0, 0x00, 0x03, 0xFF, 0x03, 0xFF, 0xF1, 0xFF, 0xF8,
    0xFF, 0xFE, 0x7F, 0xCF, 0x9F, 0x80, 0x07, 0xC0, 0x03, 0xF0, 0x00, 0xFF, 0xFC, 0x3F, 0xFF, 0x0F,
    0xFF, 0xC3, 0xFF, 0xF0, 0xFC, 0x00, 0x1F, 0x00, 0x07, 0xE0, 0x11, 0xFE, 0x3E, 0x3F, 0xFF, 0x87,
    0xFF, 0xF0, 0xFF, 0xFC, 0x0F, 0xFC, 0x0F, 0xF8, 0x7F, 0xF9, 0xFF, 0xF3, 0xFF, 0xCF, 0xE3, 0x9F,
    0x00, 0x3F, 0x00, 0x7F, 0x80, 0x7F, 0xE0, 0x7F, 0xF0, 0x7F, 0xF0, 0x3F, 0xE0, 0x0F, 0xE0, 0x0F,
    0xC0, 0x0F, 0xBC, 0x7F, 0xFF, 0xFF, 0xFF, 0xFB, 0xFF, 0xE1, 0xFF, 0x80, 0xFF, 0xFF, 0xFF, 0xFF,
    0xFF, 0xFF, 0xFF, 0xFF, 0xFF, 0xFF, 0xFF, 0xFF, 0xF0, 0xF1, 0xEF, 0xBE, 0xFB, 0xEF, 0x1E, 0x00,
    0x00, 0x00, 0x1F, 0x01, 0xF0, 0x1F, 0x01, 0xF0, 0x1F, 0x01, 0xF0, 0x1F, 0x01, 0xF0, 0x1F, 0x01,
    0xF0, 0x1F, 0x01, 0xF0, 0x1F, 0x01, 0xF0, 0x1F, 0x01, 0xF0, 0x1F, 0x01, 0xF0, 0x1F, 0x01, 0xF0,
    0x00, 0xFC, 0x03, 0xF0, 0x0F, 0xC0, 0x3F, 0x00, 0xFC, 0x03, 0xF0, 0x0F, 0xC0, 0x3F, 0x00, 0xFC,
    0x03, 0xF0, 0x0F, 0xC0, 0x3F, 0x00, 0xFC, 0x03, 0xF0, 0x0F, 0xDE, 0x7E, 0x7F, 0xFB, 0xFF, 0xEF,
    0xFF, 0x0F, 0xF0, 0x03, 0xFF, 0xF8, 0x00, 0x03, 0xFF, 0xF8, 0x00, 0x03, 0xFF, 0xF8, 0x00, 0x03,
    0xFF, 0xF8, 0x00, 0x03, 0xE0, 0xF8, 0x00, 0x03, 0xE0, 0xF8, 0x00, 0x03, 0xE0, 0xF8, 0x00, 0x03,
    0xE0, 0xFF, 0xF0, 0x03, 0xE0, 0xFF, 0xFC, 0x03, 0xE0, 0xFF, 0xFE, 0x03, 0xE0, 0xFF, 0xFE, 0x07,
    0xE0, 0xF8, 0xFF, 0x07, 0xE0, 0xF8, 0x3F, 0x07, 0xC0, 0xF8, 0x3F, 0x0F, 0xC0, 0xF8, 0x3F, 0x7F,
    0x80, 0xF8, 0xFF, 0xFF, 0x80, 0xFF, 0xFE, 0xFF, 0x00, 0xFF, 0xFE, 0x7E, 0x00, 0xFF, 0xF8, 0x78,
    0x00, 0xFF, 0xF0, 0xF8, 0x0F, 0x80, 0x0F, 0x80, 0xF8, 0x00, 0xF8, 0x0F, 0x80, 0x0F, 0x80, 0xF8,
    0x00, 0xF8, 0x0F, 0x80, 0x0F, 0x80, 0xF8, 0x00, 0xF8, 0x0F, 0x80, 0x0F, 0x80, 0xFF, 0xF0, 0xFF,
    0xFF, 0xFF, 0xCF, 0xFF, 0xFF, 0xFE, 0xFF, 0xFF, 0xFF, 0xFF, 0xFF, 0xF8, 0xFF, 0xF8, 0x0F, 0x81,
    0xFF, 0x80, 0xF8, 0x1F, 0xF8, 0x0F, 0x81, 0xFF, 0x80, 0xF8, 0x7F, 0xF8, 0x0F, 0xFF, 0xFF, 0x80,
    0xFF, 0xFE, 0xF8, 0x0F, 0xFF, 0xCF, 0x80, 0xFF, 0xF0, 0xFF, 0xFF, 0xC3, 0xFF, 0xFF, 0x0F, 0xFF,
    0xFC, 0x3F, 0xFF, 0xF0, 0x03, 0xE0, 0x00, 0x0F, 0x80, 0x00, 0x3E, 0x00, 0x00, 0xFF, 0xF0, 0x03,
    0xFF, 0xF0, 0x0F, 0xFF, 0xC0, 0x3F, 0xFF, 0x80, 0xF8, 0xFE, 0x03, 0xE0, 0xF8, 0x0F, 0x83, 0xF0,
    0x3E, 0x0F, 0xC0, 0xF8, 0x3F, 0x03, 0xE0, 0xFC, 0x0F, 0x83, 0xF0, 0x3E, 0x0F, 0xC0, 0xF8, 0x3F,
    0x00, 0x30, 0x00, 0x1E, 0x00, 0x0F, 0x80, 0x07, 0xC0, 0x01, 0xE0, 0x00, 0x30, 0x00, 0x00, 0x00,
    0x00, 0x00, 0xF8, 0x1F, 0xBE, 0x0F, 0xCF, 0x87, 0xE3, 0xE3, 0xF0, 0xF9, 0xFC, 0x3E, 0xFE, 0x0F,
    0xFF, 0x03, 0xFF, 0x80, 0xFF, 0xC0, 0x3F, 0xE0, 0x0F, 0xFC, 0x03, 0xFF, 0x80, 0xFB, 0xF0, 0x3E,
    0x7E, 0x0F, 0x9F, 0xC3, 0xE3, 0xF8, 0xF8, 0x7E, 0x3E, 0x0F, 0xCF, 0x81, 0xFB, 0xE0, 0x7F, 0x01,
    0x80, 0x01, 0xF0, 0x00, 0x7E, 0x00, 0x07, 0xC0, 0x00, 0xF0, 0x00, 0x18, 0x00, 0x00, 0x00, 0x00,
    0x00, 0xF8, 0x07, 0xFE, 0x03, 0xFF, 0x81, 0xFF, 0xE0, 0xFF, 0xF8, 0x3F, 0xFE, 0x1F, 0xFF, 0x8F,
    0xFF, 0xE7, 0xFF, 0xF9, 0xF7, 0xFE, 0xFD, 0xFF, 0xFE, 0x7F, 0xFF, 0x1F, 0xFF, 0x87, 0xFF, 0xE1,
    0xFF, 0xF0, 0x7F, 0xF8, 0x1F, 0xFE, 0x07, 0xFF, 0x01, 0xFF, 0x80, 0x7F, 0xE0, 0x1F, 0x07, 0x8E,
    0x00, 0xFB, 0xC0, 0x1F, 0xF8, 0x01, 0xFE, 0x00, 0x1F, 0x80, 0x00, 0x00, 0x3F, 0x01, 0xFB, 0xF0,
    0x3E, 0x7E, 0x07, 0xC7, 0xE1, 0xF8, 0xFC, 0x3E, 0x0F, 0x87, 0xC1, 0xF9, 0xF8, 0x1F, 0x3E, 0x03,
    0xF7, 0xC0, 0x3F, 0xF0, 0x03, 0xFE, 0x00, 0x7F, 0x80, 0x07, 0xF0, 0x00, 0xFE, 0x00, 0x1F, 0x80,
    0x67, 0xF0, 0x1F, 0xFC, 0x03, 0xFF, 0x00, 0x7F, 0xC0, 0x0F, 0xF0, 0x00, 0xF8, 0x0F, 0xFC, 0x07,
    0xFE, 0x03, 0xFF, 0x01, 0xFF, 0x80, 0xFF, 0xC0, 0x7F, 0xE0, 0x3F, 0xF0, 0x1F, 0xF8, 0x0F, 0xFC,
    0x07, 0xFE, 0x03, 0xFF, 0x01, 0xFF, 0x80, 0xFF, 0xC0, 0x7F, 0xE0, 0x3F, 0xF0, 0x1F, 0xFF, 0xFF,
    0xFF, 0xFF, 0xFF, 0xFF, 0xFF, 0xFF, 0xF0, 0x3E, 0x00, 0x1F, 0x00, 0x0F, 0x80, 0x07, 0xC0, 0x03,
    0xE0, 0x00, 0x00, 0xF8, 0x00, 0x0F, 0xE0, 0x00, 0x7F, 0x00, 0x07, 0xFC, 0x00, 0x3F, 0xE0, 0x03,
    0xFF, 0x00, 0x1F, 0x7C, 0x00, 0xFB, 0xE0, 0x0F, 0x8F, 0x80, 0x7C, 0x7C, 0x07, 0xC3, 0xF0, 0x3E,
    0x0F, 0x81, 0xFF, 0xFC, 0x1F, 0xFF, 0xF0, 0xFF, 0xFF, 0x87, 0xFF, 0xFC, 0x7E, 0x03, 0xF3, 0xE0,
    0x0F, 0xBF, 0x00, 0x7D, 0xF8, 0x03, 0xF0, 0xFF, 0xFC, 0xFF, 0xFC, 0xFF, 0xFC, 0xFF, 0xFC, 0xF8,
    0x00, 0xF8, 0x00, 0xF8, 0x00, 0xFF, 0xF0, 0xFF, 0xFC, 0xFF, 0xFE, 0xFF, 0xFE, 0xF8, 0xFF, 0xF8,
    0x3F, 0xF8, 0x1F, 0xF8, 0x3F, 0xF8, 0xFF, 0xFF, 0xFE, 0xFF, 0xFE, 0xFF, 0xFC, 0xFF, 0xF0, 0xFF,
    0xF0, 0x7F, 0xFE, 0x3F, 0xFF, 0x9F, 0xFF, 0xCF, 0x87, 0xF7, 0xC1, 0xFB, 0xE1, 0xF9, 0xFF, 0xFC,
    0xFF, 0xFC, 0x7F, 0xFF, 0x3F, 0xFF, 0xDF, 0x0F, 0xEF, 0x81, 0xF7, 0xC0, 0xFF, 0xE0, 0x7D, 0xF0,
    0xFE, 0xFF, 0xFF, 0x7F, 0xFF, 0x3F, 0xFF, 0x1F, 0xFE, 0x00, 0xFF, 0xFD, 0xFF, 0xFB, 0xFF, 0xF7,
    0xFF, 0xEF, 0x80, 0x1F, 0x00, 0x3E, 0x00, 0x7C, 0x00, 0xF8, 0x01, 0xF0, 0x03, 0xE0, 0x07, 0xC0,
    0x0F, 0x80, 0x1F, 0x00, 0x3E, 0x00, 0x7C, 0x00, 0xF8, 0x01, 0xF0, 0x03, 0xE0, 0x07, 0xC0, 0x00,
    0x03, 0xFF, 0xF0, 0x03, 0xFF, 0xF0, 0x03, 0xFF, 0xF0, 0x03, 0xFF, 0xF0, 0x03, 0xE1, 0xF0, 0x03,
    0xE1, 0xF0, 0x03, 0xE1, 0xF0, 0x03, 0xE1, 0xF0, 0x03, 0xE1, 0xF0, 0x03, 0xE1, 0xF0, 0x07, 0xC1,
    0xF0, 0x07, 0xC1, 0xF0, 0x07, 0xC1, 0xF0, 0x0F, 0xC1, 0xF0, 0x0F, 0x81, 0xF0, 0x1F, 0x81, 0xF0,
    0xFF, 0xFF, 0xFF, 0xFF, 0xFF, 0xFF, 0xFF, 0xFF, 0xFF, 0xFF, 0xFF, 0xFF, 0xF8, 0x00, 0x1F, 0xF8,
    0x00, 0x1F, 0xF8, 0x00, 0x1F, 0xF8, 0x00, 0x1F, 0xF8, 0x00, 0x1F, 0xFF, 0xFD, 0xFF, 0xFB, 0xFF,
    0xF7, 0xFF, 0xEF, 0x80, 0x1F, 0x00, 0x3E, 0x00, 0x7F, 0xFC, 0xFF, 0xF9, 0xFF, 0xF3, 0xFF, 0xE7,
    0xC0, 0x0F, 0x80, 0x1F, 0x00, 0x3E, 0x00, 0x7C, 0x00, 0xFF, 0xFF, 0xFF, 0xFF, 0xFF, 0xFF, 0xFF,
    0xF0, 0xFE, 0x0F, 0x83, 0xF3, 0xF0, 0x7C, 0x3F, 0x0F, 0xC3, 0xE3, 0xF8, 0x3F, 0x1F, 0x3F, 0x81,
    0xFC, 0xF9, 0xF8, 0x07, 0xF7, 0xDF, 0x80, 0x1F, 0xFF, 0xF8, 0x00, 0x7F, 0xFF, 0xC0, 0x01, 0xFF,
    0xFC, 0x00, 0x07, 0xFF, 0xC0, 0x00, 0x7F, 0xFF, 0x00, 0x07, 0xFF, 0xFC, 0x00, 0x7E, 0xFF, 0xF0,
    0x07, 0xE7, 0xDF, 0x80, 0x7F, 0x3E, 0x7E, 0x03, 0xF1, 0xF1, 0xF8, 0x3F, 0x0F, 0x8F, 0xC3, 0xF0,
    0x7C, 0x3F, 0x1F, 0x83, 0xE0, 0xFD, 0xF8, 0x1F, 0x07, 0xE0, 0x1F, 0xF8, 0x3F, 0xFE, 0x1F, 0xFF,
    0x87, 0xFF, 0xE3, 0xC7, 0xF0, 0x01, 0xF8, 0x01, 0xFC, 0x1F, 0xFC, 0x0F, 0xFC, 0x07, 0xFF, 0x03,
    0xFF, 0xC0, 0x0F, 0xE0, 0x01, 0xF8, 0x00, 0xFC, 0x00, 0x7E, 0xF8, 0xFF, 0x7F, 0xFF, 0x3F, 0xFF,
    0x9F, 0xFF, 0x83, 0xFF, 0x00, 0xF8, 0x07, 0xFE, 0x03, 0xFF, 0x81, 0xFF, 0xE0, 0xFF, 0xF8, 0x3F,
    0xFE, 0x1F, 0xFF, 0x8F, 0xFF, 0xE7, 0xFF, 0xF9, 0xF7, 0xFE, 0xFD, 0xFF, 0xFE, 0x7F, 0xFF, 0x1F,
    0xFF, 0x87, 0xFF, 0xE1, 0xFF, 0xF0, 0x7F, 0xF8, 0x1F, 0xFE, 0x07, 0xFF, 0x01, 0xFF, 0x80, 0x7F,
    0xE0, 0x1F, 0x07, 0x1C, 0x03, 0xEF, 0x80, 0xFF, 0xC0, 0x1F, 0xF0, 0x03, 0xF0, 0x00, 0x00, 0x00,
    0x00, 0x03, 0xE0, 0x1F, 0xF8, 0x0F, 0xFE, 0x07, 0xFF, 0x83, 0xFF, 0xE0, 0xFF, 0xF8, 0x7F, 0xFE,
    0x3F, 0xFF, 0x9F, 0xFF, 0xE7, 0xDF, 0xFB, 0xF7, 0xFF, 0xF9, 0xFF, 0xFC, 0x7F, 0xFE, 0x1F, 0xFF,
    0x87, 0xFF, 0xC1, 0xFF, 0xE0, 0x7F, 0xF8, 0x1F, 0xFC, 0x07, 0xFE, 0x01, 0xFF, 0x80, 0x7C, 0xF8,
    0x1F, 0xBE, 0x0F, 0xCF, 0x87, 0xE3, 0xE3, 0xF0, 0xF9, 0xFC, 0x3E, 0xFE, 0x0F, 0xFF, 0x03, 0xFF,
    0x80, 0xFF, 0xC0, 0x3F, 0xE0, 0x0F, 0xFC, 0x03, 0xFF, 0x80, 0xFB, 0xF0, 0x3E, 0x7E, 0x0F, 0x9F,
    0xC3, 0xE3, 0xF8, 0xF8, 0x7E, 0x3E, 0x0F, 0xCF, 0x81, 0xFB, 0xE0, 0x7F, 0x03, 0xFF, 0xF8, 0x1F,
    0xFF, 0xC0, 0xFF, 0xFE, 0x07, 0xFF, 0xF0, 0x3E, 0x0F, 0x81, 0xF0, 0x7C, 0x0F, 0x83, 0xE0, 0x7C,
    0x1F, 0x03, 0xE0, 0xF8, 0x1F, 0x07, 0xC0, 0xF8, 0x3E, 0x0F, 0xC1, 0xF0, 0x7E, 0x0F, 0x83, 0xE0,
    0x7C, 0x3F, 0x03, 0xEF, 0xF0, 0x1F, 0xFF, 0x80, 0xFF, 0xF8, 0x07, 0xDF, 0x80, 0x3E, 0xF0, 0x01,
    0xF0, 0x3E, 0x00, 0x7C, 0x3F, 0x00, 0xFC, 0x3F, 0x00, 0xFC, 0x3F, 0x81, 0xFC, 0x7F, 0x81, 0xFE,
    0x7F, 0xC3, 0xFE, 0x7F, 0xC3, 0xFE, 0x7F, 0xE7, 0xFE, 0x7F, 0xE7, 0xFE, 0x7D, 0xFF, 0xBE, 0x7D,
    0xFF, 0xBE, 0x7C, 0xFF, 0x3E, 0x7C, 0xFF, 0x3E, 0x7C, 0xFF, 0x3E, 0x7C, 0x7E, 0x3E, 0x7C, 0x7E,
    0x3E, 0x7C, 0x3C, 0x3E, 0xFC, 0x00, 0x3F, 0xFC, 0x00, 0x3F, 0xFC, 0x00, 0x3F, 0xF8, 0x0F, 0xFC,
    0x07, 0xFE, 0x03, 0xFF, 0x01, 0xFF, 0x80, 0xFF, 0xC0, 0x7F, 0xE0, 0x3F, 0xF0, 0x1F, 0xFF, 0xFF,
    0xFF, 0xFF, 0xFF, 0xFF, 0xFF, 0xFF, 0xFF, 0x80, 0xFF, 0xC0, 0x7F, 0xE0, 0x3F, 0xF0, 0x1F, 0xF8,
    0x0F, 0xFC, 0x07, 0xFE, 0x03, 0xFF, 0x01, 0xF0, 0x03, 0xFE, 0x00, 0x7F, 0xFC, 0x07, 0xFF, 0xF0,
    0x7F, 0xFF, 0xC3, 0xF8, 0xFE, 0x3F, 0x01, 0xF9, 0xF0, 0x07, 0xDF, 0x80, 0x3F, 0xFC, 0x01, 0xFF,
    0xE0, 0x0F, 0xFF, 0x00, 0x7F, 0xF8, 0x03, 0xFF, 0xC0, 0x1F, 0xBE, 0x00, 0xF9, 0xF8, 0x0F, 0xCF,
    0xF1, 0xFC, 0x3F, 0xFF, 0xE0, 0xFF, 0xFE, 0x03, 0xFF, 0xE0, 0x07, 0xFC, 0x00, 0xFF, 0xFF, 0xFF,
    0xFF, 0xFF, 0xFF, 0xFF, 0xFF, 0xFF, 0x80, 0xFF, 0xC0, 0x7F, 0xE0, 0x3F, 0xF0, 0x1F, 0xF8, 0x0F,
    0xFC, 0x07, 0xFE, 0x03, 0xFF, 0x01, 0xFF, 0x80, 0xFF, 0xC0, 0x7F, 0xE0, 0x3F, 0xF0, 0x1F, 0xF8,
    0x0F, 0xFC, 0x07, 0xFE, 0x03, 0xFF, 0x01, 0xF0, 0xFF, 0xF0, 0xFF, 0xFC, 0xFF, 0xFE, 0xFF, 0xFE,
    0xF8, 0xFF, 0xF8, 0x3F, 0xF8, 0x1F, 0xF8, 0x3F, 0xF8, 0xFF, 0xFF, 0xFE, 0xFF, 0xFE, 0xFF, 0xFC,
    0xFF, 0xF0, 0xF8, 0x00, 0xF8, 0x00, 0xF8, 0x00, 0xF8, 0x00, 0xF8, 0x00, 0xF8, 0x00, 0xF8, 0x00,
    0x03, 0xFF, 0x03, 0xFF, 0xE1, 0xFF, 0xF8, 0xFF, 0xFE, 0x3F, 0x8F, 0x1F, 0x80, 0x07, 0xC0, 0x03,
    0xF0, 0x00, 0xFC, 0x00, 0x3F, 0x00, 0x0F, 0xC0, 0x03, 0xF0, 0x00, 0xFC, 0x00, 0x1F, 0x00, 0x07,
    0xE0, 0x01, 0xFF, 0x1E, 0x3F, 0xFF, 0x87, 0xFF, 0xE0, 0xFF, 0xF8, 0x0F, 0xFC, 0xFF, 0xFF, 0xFF,
    0xFF, 0xFF, 0xFF, 0xFF, 0xFF, 0xFF, 0x03, 0xF0, 0x00, 0xFC, 0x00, 0x3F, 0x00, 0x0F, 0xC0, 0x03,
    0xF0, 0x00, 0xFC, 0x00, 0x3F, 0x00, 0x0F, 0xC0, 0x03, 0xF0, 0x00, 0xFC, 0x00, 0x3F, 0x00, 0x0F,
    0xC0, 0x03, 0xF0, 0x00, 0xFC, 0x00, 0x3F, 0x00, 0x0F, 0xC0, 0xFC, 0x07, 0xEF, 0xC0, 0xF9, 0xF8,
    0x1F, 0x1F, 0x87, 0xE3, 0xF0, 0xF8, 0x3E, 0x1F, 0x07, 0xE7, 0xE0, 0x7C, 0xF8, 0x0F, 0xDF, 0x00,
    0xFF, 0xC0, 0x0F, 0xF8, 0x01, 0xFE, 0x00, 0x1F, 0xC0, 0x03, 0xF8, 0x00, 0x7E, 0x01, 0x9F, 0xC0,
    0x7F, 0xF0, 0x0F, 0xFC, 0x01, 0xFF, 0x00, 0x3F, 0xC0, 0x00, 0x00, 0x7C, 0x00, 0x00, 0xF8, 0x00,
    0x0F, 0xFF, 0x00, 0x7F, 0xFF, 0x01, 0xFF, 0xFF, 0x87, 0xFF, 0xFF, 0x9F, 0xFF, 0x7F, 0x3F, 0x3E,
    0x3F, 0xFC, 0x7C, 0x3F, 0xF0, 0xF8, 0x7F, 0xE1, 0xF0, 0xFF, 0xC3, 0xE1, 0xFF, 0xC7, 0xC3, 0xFF,
    0x8F, 0x8F, 0xDF, 0xFF, 0x7F, 0x1F, 0xFF, 0xFE, 0x3F, 0xFF, 0xF8, 0x1F, 0xFF, 0xE0, 0x1F, 0xFF,
    0x00, 0x03, 0xE0, 0x00, 0x07, 0xC0, 0x00, 0xFE, 0x07, 0xE7, 0xE0, 0xFC, 0x3F, 0x0F, 0xC3, 0xF9,
    0xF8, 0x1F, 0xBF, 0x00, 0xFF, 0xF0, 0x0F, 0xFE, 0x00, 0x7F, 0xC0, 0x03, 0xFC, 0x00, 0x3F, 0x80,
    0x03, 0xF8, 0x00, 0x3F, 0xC0, 0x07, 0xFE, 0x00, 0xFF, 0xF0, 0x1F, 0xFF, 0x01, 0xF9, 0xF8, 0x3F,
    0x1F, 0xC7, 0xE0, 0xFC, 0x7E, 0x07, 0xEF, 0xC0, 0x7E, 0xF8, 0x0F, 0x87, 0xC0, 0x7C, 0x3E, 0x03,
    0xE1, 0xF0, 0x1F, 0x0F, 0x80, 0xF8, 0x7C, 0x07, 0xC3, 0xE0, 0x3E, 0x1F, 0x01, 0xF0, 0xF8, 0x0F,
    0x87, 0xC0, 0x7C, 0x3E, 0x03, 0xE1, 0xF0, 0x1F, 0x0F, 0x80, 0xF8, 0x7C, 0x07, 0xC3, 0xE0, 0x3E,
    0x1F, 0x01, 0xF0, 0xFF, 0xFF, 0xFF, 0xFF, 0xFF, 0xFF, 0xFF, 0xFF, 0xFF, 0xFF, 0xF0, 0x00, 0x0F,
    0x80, 0x00, 0x7C, 0x00, 0x03, 0xE0, 0x00, 0x1F, 0x00, 0x00, 0xF8, 0xF8, 0x1F, 0xFC, 0x0F, 0xFE,
    0x07, 0xFF, 0x03, 0xFF, 0x81, 0xFF, 0xC0, 0xFF, 0xE0, 0x7F, 0xF0, 0x3F, 0xFC, 0x1F, 0xFF, 0x0F,
    0xDF, 0xFF, 0xEF, 0xFF, 0xF3, 0xFF, 0xF8, 0xFF, 0xFC, 0x00, 0x7E, 0x00, 0x3F, 0x00, 0x1F, 0x80,
    0x0F, 0xC0, 0x07, 0xE0, 0x03, 0xF0, 0xF8, 0x3E, 0x0F, 0xFE, 0x0F, 0x83, 0xFF, 0x83, 0xE0, 0xFF,
    0xE0, 0xF8, 0x3F, 0xF8, 0x3E, 0x0F, 0xFE, 0x0F, 0x83, 0xFF, 0x83, 0xE0, 0xFF, 0xE0, 0xF8, 0x3F,
    0xF8, 0x3E, 0x0F, 0xFE, 0x0F, 0x83, 0xFF, 0x83, 0xE0, 0xFF, 0xE0, 0xF8, 0x3F, 0xF8, 0x3E, 0x0F,
    0xFE, 0x0F, 0x83, 0xFF, 0x83, 0xE0, 0xFF, 0xE0, 0xF8, 0x3F, 0xFF, 0xFF, 0xFF, 0xFF, 0xFF, 0xFF,
    0xFF, 0xFF, 0xFF, 0xFF, 0xFF, 0xFF, 0xFF, 0xF8, 0x3E, 0x0F, 0xC7, 0xC1, 0xF0, 0x7E, 0x3E, 0x0F,
    0x83, 0xF1, 0xF0, 0x7C, 0x1F, 0x8F, 0x83, 0xE0, 0xFC, 0x7C, 0x1F, 0x07, 0xE3, 0xE0, 0xF8, 0x3F,
    0x1F, 0x07, 0xC1, 0xF8, 0xF8, 0x3E, 0x0F, 0xC7, 0xC1, 0xF0, 0x7E, 0x3E, 0x0F, 0x83, 0xF1, 0xF0,
    0x7C, 0x1F, 0x8F, 0x83, 0xE0, 0xFC, 0x7C, 0x1F, 0x07, 0xE3, 0xE0, 0xF8, 0x3F, 0x1F, 0x07, 0xC1,
    0xF8, 0xFF, 0xFF, 0xFF, 0xFF, 0xFF, 0xFF, 0xFF, 0xFF, 0xFF, 0xFF, 0xFF, 0xFF, 0xFF, 0xFF, 0xF0,
    0x00, 0x00, 0x0F, 0x80, 0x00, 0x00, 0x7C, 0x00, 0x00, 0x03, 0xE0, 0x00, 0x00, 0x1F, 0x00, 0x00,
    0x00, 0xF8, 0xFF, 0xE0, 0x03, 0xFF, 0x80, 0x0F, 0xFE, 0x00, 0x3F, 0xF8, 0x00, 0x07, 0xE0, 0x00,
    0x1F, 0x80, 0x00, 0x7E, 0x00, 0x01, 0xFF, 0xE0, 0x07, 0xFF, 0xE0, 0x1F, 0xFF, 0xC0, 0x7F, 0xFF,
    0x81, 0xF9, 0xFE, 0x07, 0xE0, 0xF8, 0x1F, 0x83, 0xE0, 0x7E, 0x0F, 0x81, 0xF8, 0xFE, 0x07, 0xFF,
    0xF8, 0x1F, 0xFF, 0xC0, 0x7F, 0xFE, 0x01, 0xFF, 0xE0, 0xF8, 0x00, 0x3F, 0xF0, 0x00, 0x7F, 0xE0,
    0x00, 0xFF, 0xC0, 0x01, 0xFF, 0x80, 0x03, 0xFF, 0x00, 0x07, 0xFE, 0x00, 0x0F, 0xFF, 0xF8, 0x1F,
    0xFF, 0xFC, 0x3F, 0xFF, 0xFC, 0x7F, 0xFF, 0xF8, 0xFF, 0xC7, 0xF9, 0xFF, 0x83, 0xF3, 0xFF, 0x07,
    0xE7, 0xFE, 0x0F, 0xCF, 0xFC, 0x7F, 0x9F, 0xFF, 0xFE, 0x3F, 0xFF, 0xF8, 0x7F, 0xFF, 0xE0, 0xFF,
    0xFF, 0x81, 0xF0, 0xF8, 0x00, 0xF8, 0x00, 0xF8, 0x00, 0xF8, 0x00, 0xF8, 0x00, 0xF8, 0x00, 0xF8,
    0x00, 0xFF, 0xF0, 0xFF, 0xFC, 0xFF, 0xFE, 0xFF, 0xFF, 0xF8, 0xFF, 0xF8, 0x3F, 0xF8, 0x1F, 0xF8,
    0x3F, 0xF8, 0xFF, 0xFF, 0xFE, 0xFF, 0xFE, 0xFF, 0xFC, 0xFF, 0xF0, 0x3F, 0xF0, 0x3F, 0xFF, 0x0F,
    0xFF, 0xE1, 0xFF, 0xFC, 0x78, 0xFF, 0x00, 0x07, 0xE0, 0x00, 0xF8, 0x00, 0x3E, 0x0F, 0xFF, 0xC3,
    0xFF, 0xF0, 0xFF, 0xFC, 0x3F, 0xFF, 0x00, 0x0F, 0x80, 0x03, 0xE4, 0x01, 0xF9, 0xF3, 0xFC, 0xFF,
    0xFF, 0x3F, 0xFF, 0x8F, 0xFF, 0xC0, 0xFF, 0xC0, 0xF8, 0x03, 0xFC, 0x0F, 0x80, 0xFF, 0xF0, 0xF8,
    0x1F, 0xFF, 0x8F, 0x83, 0xFF, 0xFC, 0xF8, 0x7F, 0x9F, 0xEF, 0x87, 0xE0, 0x7E, 0xF8, 0xFC, 0x03,
    0xFF, 0xFF, 0xC0, 0x3F, 0xFF, 0xFC, 0x01, 0xFF, 0xFF, 0x80, 0x1F, 0xFF, 0xF8, 0x01, 0xFF, 0x8F,
    0xC0, 0x1F, 0xF8, 0xFC, 0x01, 0xFF, 0x87, 0xC0, 0x3F, 0xF8, 0x7E, 0x07, 0xEF, 0x83, 0xF9, 0xFE,
    0xF8, 0x3F, 0xFF, 0xCF, 0x81, 0xFF, 0xF8, 0xF8, 0x0F, 0xFF, 0x0F, 0x80, 0x3F, 0xC0, 0x07, 0xFF,
    0x8F, 0xFF, 0xCF, 0xFF, 0xE7, 0xFF, 0xF7, 0xF8, 0xFB, 0xF0, 0x7D, 0xF0, 0x3E, 0xFC, 0x1F, 0x7F,
    0x0F, 0x9F, 0xFF, 0xCF, 0xFF, 0xE3, 0xFF, 0xF0, 0xFF, 0xF8, 0xFC, 0x7C, 0x7E, 0x3E, 0x7E, 0x1F,
    0x3E, 0x0F, 0xBF, 0x07, 0xFF, 0x03, 0xFF, 0x81, 0xF0, 0x7F, 0xE1, 0xFF, 0xC7, 0xFF, 0x9F, 0xFE,
    0x31, 0xF8, 0x01, 0xF3, 0xFF, 0xDF, 0xFF, 0xFF, 0xFF, 0xF1, 0xFF, 0x87, 0xFF, 0xFF, 0xFF, 0xFD,
    0xFF, 0xF3, 0xFF, 0x80, 0x00, 0x7C, 0x03, 0xFC, 0x0F, 0xFE, 0x1F, 0xFE, 0x3F, 0xFC, 0x3F, 0x00,
    0x7E, 0x00, 0x7C, 0x00, 0xFF, 0xF0, 0xFF, 0xF8, 0xFF, 0xFC, 0xFF, 0xFE, 0xFE, 0x7E, 0xF8, 0x3E,
    0xF8, 0x3E, 0xF8, 0x3E, 0xF8, 0x3E, 0xFC, 0x3E, 0x7E, 0xFE, 0x7F, 0xFE, 0x3F, 0xFC, 0x3F, 0xF8,
    0x0F, 0xF0, 0xFF, 0xE1, 0xFF, 0xF3, 0xFF, 0xE7, 0xFF, 0xEF, 0x8F, 0xDF, 0x1F, 0x3F, 0xFE, 0x7F,
    0xFC, 0xFF, 0xFD, 0xF0, 0xFB, 0xE3, 0xF7, 0xFF, 0xEF, 0xFF, 0xDF, 0xFF, 0x3F, 0xFC, 0x00, 0xFF,
    0xFF, 0xFF, 0xFF, 0xFF, 0xFF, 0x81, 0xF0, 0x3E, 0x07, 0xC0, 0xF8, 0x1F, 0x03, 0xE0, 0x7C, 0x0F,
    0x81, 0xF0, 0x3E, 0x00, 0x0F, 0xFF, 0x80, 0xFF, 0xF8, 0x0F, 0xFF, 0x80, 0xFF, 0xF8, 0x0F, 0x8F,
    0x80, 0xF8, 0xF8, 0x0F, 0x8F, 0x80, 0xF8, 0xF8, 0x1F, 0x0F, 0x81, 0xF0, 0xF8, 0x3F, 0x0F, 0x8F,
    0xFF, 0xFE, 0xFF, 0xFF, 0xEF, 0xFF, 0xFE, 0xFF, 0xFF, 0xEF, 0x80, 0x1E, 0xF8, 0x01, 0xEF, 0x80,
    0x1E, 0xF8, 0x01, 0xE0, 0x0F, 0xE0, 0x3F, 0xF0, 0xFF, 0xF3, 0xFF, 0xE7, 0xEF, 0xFF, 0x07, 0xFF,
    0xFF, 0xFF, 0xFF, 0xFF, 0xFF, 0xF0, 0x03, 0xF8, 0xF3, 0xFF, 0xE3, 0xFF, 0xC7, 0xFF, 0x83, 0xFF,
    0x00, 0x7E, 0x3E, 0x3F, 0x3F, 0x1F, 0x3F, 0x0F, 0xCF, 0xBF, 0x03, 0xF7, 0xFF, 0x80, 0xFF, 0xFF,
    0x80, 0x3F, 0xFF, 0x80, 0x0F, 0xFF, 0x80, 0x0F, 0xFF, 0xC0, 0x0F, 0xFF, 0xF0, 0x07, 0xFF, 0xFC,
    0x07, 0xEF, 0xBF, 0x07, 0xE7, 0xCF, 0xC7, 0xE3, 0xE7, 0xE3, 0xF1, 0xF1, 0xFB, 0xF0, 0xF8, 0x7C,
    0x7F, 0xE1, 0xFF, 0xC7, 0xFF, 0x9F, 0xFE, 0x39, 0xF8, 0x03, 0xE1, 0xFF, 0x07, 0xFC, 0x1F, 0xF8,
    0x03, 0xF7, 0x8F, 0xDF, 0xFF, 0x7F, 0xF9, 0xFF, 0xE7, 0xFE, 0x00, 0xF8, 0x7F, 0xE1, 0xFF, 0x8F,
    0xFE, 0x7F, 0xFB, 0xFF, 0xEF, 0xFF, 0xFF, 0xFF, 0xFF, 0xFF, 0xFF, 0xFD, 0xFF, 0xE7, 0xFF, 0x9F,
    0xFC, 0x7F, 0xE1, 0xFF, 0x87, 0xC0, 0x3C, 0x70, 0xF3, 0xC3, 0xFF, 0x07, 0xF8, 0x0F, 0xC0, 0x00,
    0x00, 0x00, 0x3E, 0x1F, 0xF8, 0x7F, 0xE3, 0xFF, 0x9F, 0xFE, 0xFF, 0xFB, 0xFF, 0xFF, 0xFF, 0xFF,
    0xFF, 0xFF, 0xFF, 0x7F, 0xF9, 0xFF, 0xE7, 0xFF, 0x1F, 0xF8, 0x7F, 0xE1, 0xF0, 0xF8, 0xFF, 0xF3,
    0xFB, 0xEF, 0xE7, 0xFF, 0x0F, 0xFC, 0x1F, 0xF0, 0x3F, 0xC0, 0x7F, 0xC0, 0xFF, 0xC1, 0xFF, 0xC3,
    0xEF, 0xC7, 0xCF, 0x8F, 0x9F, 0x9F, 0x1F, 0xBE, 0x1F, 0x80, 0x0F, 0xFF, 0x87, 0xFF, 0xC3, 0xFF,
    0xE1, 0xFF, 0xF0, 0xF9, 0xF8, 0x7C, 0xFC, 0x3E, 0x7E, 0x1F, 0x3F, 0x0F, 0x9F, 0x8F, 0xCF, 0xDF,
    0xC7, 0xFF, 0xE3, 0xFF, 0xE1, 0xFF, 0xE0, 0xFF, 0xE0, 0x7E, 0x7C, 0x03, 0xE7, 0xE0, 0x7E, 0x7E,
    0x07, 0xE7, 0xF0, 0xFE, 0x7F, 0x0F, 0xE7, 0xF9, 0xFE, 0x7F, 0x9F, 0xE7, 0xFF, 0xFE, 0x7F, 0xFF,
    0xE7, 0xFF, 0xFE, 0x79, 0xFB, 0xE7, 0x9F, 0x9F, 0xF8, 0xF1, 0xFF, 0x80, 0x1F, 0xF8, 0x01, 0xF0,
    0xF8, 0xFF, 0xE3, 0xFF, 0x8F, 0xFE, 0x3F, 0xF8, 0xFF, 0xFF, 0xFF, 0xFF, 0xFF, 0xFF, 0xFF, 0xFF,
    0xE3, 0xFF, 0x8F, 0xFE, 0x3F, 0xF8, 0xFF, 0xE3, 0xFF, 0x8F, 0xC0, 0x0F, 0xF0, 0x1F, 0xF8, 0x3F,
    0xFC, 0x7F, 0xFE, 0xFE, 0xFE, 0xFC, 0x3E, 0xF8, 0x3F, 0xF8, 0x3F, 0xF8, 0x3F, 0xFC, 0x3E, 0xFE,
    0x7E, 0x7F, 0xFE, 0x3F, 0xFC, 0x1F, 0xF8, 0x0F, 0xF0, 0xFF, 0xFF, 0xFF, 0xFF, 0xFF, 0xFF, 0xFF,
    0xF8, 0xFF, 0xE3, 0xFF, 0x8F, 0xFE, 0x3F, 0xF8, 0xFF, 0xE3, 0xFF, 0x8F, 0xFE, 0x3F, 0xF8, 0xFF,
    0xE3, 0xFF, 0x8F, 0xC0, 0xFF, 0xC1, 0xFF, 0xE3, 0xFF, 0xE7, 0xFF, 0xEF, 0x9F, 0xDF, 0x0F, 0xBE,
    0x1F, 0xFC, 0x3F, 0xF8, 0x7F, 0xF0, 0xFB, 0xF3, 0xF7, 0xFF, 0xEF, 0xFF, 0x9F, 0xFE, 0x3F, 0xF8,
    0x7C, 0x00, 0xF8, 0x01, 0xF0, 0x03, 0xE0, 0x07, 0xC0, 0x00, 0x0F, 0xF0, 0xFF, 0xCF, 0xFC, 0xFF,
    0xE7, 0xF3, 0x7E, 0x03, 0xE0, 0x1F, 0x00, 0xF8, 0x07, 0xE0, 0x3F, 0x8C, 0xFF, 0xF7, 0xFF, 0x9F,
    0xFC, 0x3F, 0xE0, 0xFF, 0xFF, 0xFF, 0xFF, 0xFF, 0xFF, 0xFF, 0xF0, 0x7C, 0x00, 0xF8, 0x01, 0xF0,
    0x03, 0xE0, 0x07, 0xC0, 0x0F, 0x80, 0x1F, 0x00, 0x3E, 0x00, 0x7C, 0x00, 0xF8, 0x01, 0xF0, 0x00,
    0xF8, 0x1F, 0xFC, 0x3E, 0x7C, 0x3E, 0x7C, 0x3E, 0x7E, 0x7C, 0x3E, 0x7C, 0x3E, 0x7C, 0x1F, 0xF8,
    0x1F, 0xF8, 0x1F, 0xF8, 0x0F, 0xF0, 0x0F, 0xF0, 0x07, 0xE0, 0x07, 0xE0, 0x07, 0xE0, 0x4F, 0xC0,
    0xFF, 0xC0, 0xFF, 0x80, 0xFF, 0x00, 0xFE, 0x00, 0x00, 0xF8, 0x00, 0x07, 0xC0, 0x00, 0x3E, 0x00,
    0x01, 0xF0, 0x00, 0x0F, 0x80, 0x00, 0x7C, 0x00, 0x03, 0xE0, 0x00, 0x1F, 0x00, 0x07, 0xFF, 0x00,
    0xFF, 0xFE, 0x0F, 0xFF, 0xF8, 0xFF, 0xFF, 0xE7, 0xFF, 0xFF, 0x7E, 0x7C, 0xFF, 0xE3, 0xE3, 0xFF,
    0x1F, 0x1F, 0xF8, 0xF8, 0xFF, 0xE7, 0xCF, 0xDF, 0xFE, 0xFC, 0xFF, 0xFF, 0xE3, 0xFF, 0xFE, 0x0F,
    0xFF, 0xE0, 0x1F, 0xFC, 0x00, 0x1F, 0x00, 0x00, 0xF8, 0x00, 0x07, 0xC0, 0x00, 0x3E, 0x00, 0x01,
    0xF0, 0x00, 0xFC, 0x3F, 0x7E, 0x3E, 0x3E, 0x7C, 0x1F, 0xF8, 0x1F, 0xF8, 0x0F, 0xF0, 0x07, 0xE0,
    0x07, 0xE0, 0x0F, 0xF0, 0x0F, 0xF0, 0x1F, 0xF8, 0x3E, 0xFC, 0x7E, 0x7E, 0x7C, 0x3E, 0xF8, 0x3F,
    0xF8, 0xFC, 0xF8, 0xFC, 0xF8, 0xFC, 0xF8, 0xFC, 0xF8, 0xFC, 0xF8, 0xFC, 0xF8, 0xFC, 0xF8, 0xFC,
    0xF8, 0xFC, 0xF8, 0xFC, 0xF8, 0xFC, 0xFF, 0xFF, 0xFF, 0xFF, 0xFF, 0xFF, 0xFF, 0xFF, 0x00, 0x0F,
    0x00, 0x0F, 0x00, 0x0F, 0x00, 0x0F, 0xF8, 0x7F, 0xE1, 0xFF, 0x87, 0xFE, 0x1F, 0xF8, 0x7F, 0xF1,
    0xFF, 0xFF, 0xDF, 0xFF, 0x7F, 0xFC, 0x7F, 0xF0, 0x07, 0xC0, 0x1F, 0x00, 0x7C, 0x01, 0xF0, 0x07,
    0xC0, 0xF8, 0xF8, 0xFF, 0xC7, 0xC7, 0xFE, 0x3E, 0x3F, 0xF1, 0xF1, 0xFF, 0x8F, 0x8F, 0xFC, 0x7C,
    0x7F, 0xE3, 0xE3, 0xFF, 0x1F, 0x1F, 0xF8, 0xF8, 0xFF, 0xC7, 0xC7, 0xFE, 0x3E, 0x3F, 0xFF, 0xFF,
    0xFF, 0xFF, 0xFF, 0xFF, 0xFF, 0xFF, 0xFF, 0xFF, 0xE0, 0xF8, 0xF8, 0xF8, 0xF8, 0xF8, 0xF8, 0xF8,
    0xF8, 0xF8, 0xF8, 0xF8, 0xF8, 0xF8, 0xF8, 0xF8, 0xF8, 0xF8, 0xF8, 0xF8, 0xF8, 0xF8, 0xF8, 0xF8,
    0xF8, 0xF8, 0xF8, 0xF8, 0xF8, 0xF8, 0xF8, 0xF8, 0xF8, 0xF8, 0xFF, 0xFF, 0xFF, 0xFF, 0xFF, 0xFF,
    0xFF, 0xFF, 0xFF, 0xFF, 0xFF, 0xFF, 0x00, 0x00, 0x1F, 0x00, 0x00, 0x1F, 0x00, 0x00, 0x1F, 0x00,
    0x00, 0x1F, 0xFF, 0x80, 0x3F, 0xE0, 0x0F, 0xF8, 0x03, 0xFE, 0x00, 0x0F, 0x80, 0x03, 0xFF, 0x80,
    0xFF, 0xF0, 0x3F, 0xFE, 0x0F, 0xFF, 0xC3, 0xE3, 0xF0, 0xF8, 0xFC, 0x3F, 0xFF, 0x0F, 0xFF, 0x83,
    0xFF, 0xE0, 0xFF, 0xE0, 0xF8, 0x01, 0xFF, 0x80, 0x1F, 0xF8, 0x01, 0xFF, 0x80, 0x1F, 0xF8, 0x01,
    0xFF, 0xFE, 0x1F, 0xFF, 0xF1, 0xFF, 0xFF, 0x9F, 0xFF, 0xF9, 0xFF, 0x8F, 0xDF, 0xF8, 0xFD, 0xFF,
    0xFF, 0xDF, 0xFF, 0xF9, 0xFF, 0xFF, 0x1F, 0xFF, 0xE1, 0xF0, 0xF8, 0x03, 0xE0, 0x0F, 0x80, 0x3E,
    0x00, 0xF8, 0x03, 0xFF, 0x8F, 0xFF, 0x3F, 0xFE, 0xFF, 0xFB, 0xE3, 0xFF, 0x8F, 0xFF, 0xFF, 0xFF,
    0xFB, 0xFF, 0xCF, 0xFE, 0x00, 0x7F, 0xC0, 0xFF, 0xE1, 0xFF, 0xE3, 0xFF, 0xC3, 0x9F, 0xC0, 0x0F,
    0x83, 0xFF, 0x07, 0xFE, 0x0F, 0xFC, 0x00, 0xF9, 0xE7, 0xF3, 0xFF, 0xC7, 0xFF, 0x8F, 0xFE, 0x1F,
    0xF0, 0x00, 0xF8, 0x1F, 0xC3, 0xE1, 0xFF, 0xCF, 0x8F, 0xFF, 0xBE, 0x3F, 0xFE, 0xF9, 0xFD, 0xFF,
    0xFF, 0xE1, 0xFF, 0xFF, 0x07, 0xFF, 0xFC, 0x1F, 0xFF, 0xF0, 0x7F, 0xE7, 0xE1, 0xFF, 0x8F, 0xDF,
    0xFE, 0x3F, 0xFE, 0xF8, 0x7F, 0xFB, 0xE0, 0xFF, 0xCF, 0x81, 0xFC, 0x00, 0x0F, 0xFE, 0x3F, 0xFC,
    0xFF, 0xF9, 0xFF, 0xF7, 0xE3, 0xEF, 0xC7, 0xDF, 0xFF, 0x9F, 0xFF, 0x1F, 0xFE, 0x1F, 0xFC, 0x7C,
    0xF9, 0xF9, 0xF3, 0xE3, 0xEF, 0xC7, 0xDF, 0x0F, 0x80, 0x07, 0x00, 0x1F, 0x00, 0x3F, 0x00, 0x3F,
    0x00, 0x3E, 0x00, 0x18, 0x00, 0x00, 0x00, 0x00, 0x0F, 0xE0, 0x3F, 0xF0, 0xFF, 0xF3, 0xFF, 0xE7,
    0xEF, 0xFF, 0x07, 0xFF, 0xFF, 0xFF, 0xFF, 0xFF, 0xFF, 0xF0, 0x03, 0xF8, 0xF3, 0xFF, 0xE3, 0xFF,
    0xC7, 0xFF, 0x83, 0xFF, 0x00, 0x3C, 0x78, 0x7D, 0xF0, 0xFB, 0xE1, 0xE3, 0xC0, 0x00, 0x00, 0x00,
    0x03, 0xF8, 0x0F, 0xFC, 0x3F, 0xFC, 0xFF, 0xF9, 0xFB, 0xFF, 0xC1, 0xFF, 0xFF, 0xFF, 0xFF, 0xFF,
    0xFF, 0xFC, 0x00, 0xFE, 0x3C, 0xFF, 0xF8, 0xFF, 0xF1, 0xFF, 0xE0, 0xFF, 0xC0, 0x3E, 0x00, 0x3E,
    0x00, 0x3E, 0x00, 0xFF, 0xE0, 0xFF, 0xE0, 0xFF, 0xE0, 0x3E, 0x00, 0x3E, 0x00, 0x3F, 0xF8, 0x3F,
    0xFC, 0x3F, 0xFE, 0x3F, 0xFE, 0x3E, 0x7F, 0x3E, 0x1F, 0x3E, 0x1F, 0x3E, 0x1F, 0x3E, 0x1F, 0x3E,
    0x1F, 0x3E, 0x1F, 0x3E, 0x1F, 0x3E, 0x1F, 0x3E, 0x1F, 0x3E, 0x1F, 0x00, 0x3F, 0x00, 0xFF, 0x01,
    0xFE, 0x01, 0xFE, 0x01, 0xFC, 0x07, 0x01, 0xF0, 0x7E, 0x1F, 0x83, 0xE0, 0x30, 0x00, 0x00, 0x00,
    0xFF, 0xFF, 0xFF, 0xFF, 0xFF, 0xFF, 0x81, 0xF0, 0x3E, 0x07, 0xC0, 0xF8, 0x1F, 0x03, 0xE0, 0x7C,
    0x0F, 0x81, 0xF0, 0x3E, 0x00, 0x0F, 0xF8, 0xFF, 0xE7, 0xFF, 0x9F, 0xFE, 0xFE, 0x73, 0xE0, 0x0F,
    0xFE, 0x3F, 0xF8, 0xFF, 0xE3, 0xE0, 0x0F, 0xE7, 0x9F, 0xFE, 0x7F, 0xF8, 0xFF, 0xF0, 0xFF, 0x80,
    0x1F, 0xE7, 0xFE, 0x7F, 0xEF, 0xCE, 0xFC, 0x0F, 0xF8, 0x7F, 0xE3, 0xFF, 0x0F, 0xF0, 0x1F, 0xF1,
    0xFF, 0xFF, 0xFF, 0xFF, 0xFE, 0xFF, 0xC0, 0x7B, 0xFF, 0xFF, 0x78, 0x00, 0x00, 0x7D, 0xF7, 0xDF,
    0x7D, 0xF7, 0xDF, 0x7D, 0xF7, 0xDF, 0x7D, 0xF7, 0xC0, 0x79, 0xEF, 0x9F, 0xF9, 0xF7, 0x9E, 0x00,
    0x00, 0x00, 0x0F, 0x80, 0xF8, 0x0F, 0x80, 0xF8, 0x0F, 0x80, 0xF8, 0x0F, 0x80, 0xF8, 0x0F, 0x80,
    0xF8, 0x0F, 0x80, 0xF8, 0x0F, 0x80, 0xF8, 0x0F, 0x80, 0x07, 0x83, 0xF0, 0xFC, 0x3F, 0x07, 0x80,
    0x00, 0x00, 0x00, 0x07, 0xC1, 0xF0, 0x7C, 0x1F, 0x07, 0xC1, 0xF0, 0x7C, 0x1F, 0x07, 0xC1, 0xF0,
    0x7C, 0x1F, 0x07, 0xC1, 0xF0, 0x7C, 0x3F, 0x7F, 0x9F, 0xE7, 0xF1, 0xF8, 0x0F, 0xFF, 0x80, 0x03,
    0xFF, 0xE0, 0x00, 0xFF, 0xF8, 0x00, 0x3F, 0xFE, 0x00, 0x0F, 0x9F, 0x80, 0x03, 0xE7, 0xFF, 0x80,
    0xF9, 0xFF, 0xF0, 0x3E, 0x7F, 0xFE, 0x0F, 0x9F, 0xFF, 0x87, 0xE7, 0xE7, 0xE7, 0xF1, 0xF8, 0xFB,
    0xFC, 0x7F, 0xFE, 0xFE, 0x1F, 0xFF, 0xBF, 0x07, 0xFF, 0xCF, 0x80, 0xFF, 0xE0, 0xF8, 0xFC, 0x01,
    0xF1, 0xF8, 0x03, 0xE3, 0xF0, 0x07, 0xC7, 0xE0, 0x0F, 0x8F, 0xC0, 0x1F, 0xFF, 0xFE, 0x3F, 0xFF,
    0xFE, 0x7F, 0xFF, 0xFE, 0xFF, 0xFF, 0xFD, 0xF1, 0xF9, 0xFB, 0xE3, 0xF1, 0xF7, 0xC7, 0xFF, 0xEF,
    0x8F, 0xFF, 0xDF, 0x1F, 0xFF, 0x3E, 0x1F, 0xFC, 0x00, 0x3E, 0x00, 0x3E, 0x00, 0x3E, 0x00, 0xFF,
    0xE0, 0xFF, 0xE0, 0xFF, 0xE0, 0x3E, 0x00, 0x3E, 0x00, 0x3F, 0xF8, 0x3F, 0xFC, 0x3F, 0xFE, 0x3F,
    0xFE, 0x3E, 0x7F, 0x3E, 0x1F, 0x3E, 0x1F, 0x3E, 0x1F, 0x3E, 0x1F, 0x3E, 0x1F, 0x3E, 0x1F, 0x3E,
    0x1F, 0x3E, 0x1F, 0x3E, 0x1F, 0x3E, 0x1F, 0x01, 0xC0, 0x07, 0xC0, 0x1F, 0x80, 0x7E, 0x00, 0xF8,
    0x00, 0xC0, 0x00, 0x00, 0x00, 0x00, 0xF8, 0xFF, 0xF3, 0xFB, 0xEF, 0xE7, 0xFF, 0x0F, 0xFC, 0x1F,
    0xF0, 0x3F, 0xC0, 0x7F, 0xC0, 0xFF, 0xC1, 0xFF, 0xC3, 0xEF, 0xC7, 0xCF, 0x8F, 0x9F, 0x9F, 0x1F,
    0xBE, 0x1F, 0x80, 0x0C, 0x00, 0xF8, 0x03, 0xF0, 0x03, 0xE0, 0x07, 0x80, 0x0C, 0x00, 0x00, 0x00,
    0x00, 0xF8, 0x7F, 0xE1, 0xFF, 0x8F, 0xFE, 0x7F, 0xFB, 0xFF, 0xEF, 0xFF, 0xFF, 0xFF, 0xFF, 0xFF,
    0xFF, 0xFD, 0xFF, 0xE7, 0xFF, 0x9F, 0xFC, 0x7F, 0xE1, 0xFF, 0x87, 0xC0, 0x1C, 0x70, 0x1E, 0x78,
    0x1F, 0xF8, 0x0F, 0xF0, 0x07, 0xE0, 0x00, 0x00, 0x00, 0x00, 0xF8, 0x1F, 0xFC, 0x3E, 0x7C, 0x3E,
    0x7C, 0x3E, 0x7E, 0x7C, 0x3E, 0x7C, 0x3E, 0x7C, 0x1F, 0xF8, 0x1F, 0xF8, 0x1F, 0xF8, 0x0F, 0xF0,
    0x0F, 0xF0, 0x07, 0xE0, 0x07, 0xE0, 0x07, 0xE0, 0x4F, 0xC0, 0xFF, 0xC0, 0xFF, 0x80, 0xFF, 0x00,
    0xFE, 0x00, 0xF8, 0xFF, 0xE3, 0xFF, 0x8F, 0xFE, 0x3F, 0xF8, 0xFF, 0xE3, 0xFF, 0x8F, 0xFE, 0x3F,
    0xF8, 0xFF, 0xE3, 0xFF, 0x8F, 0xFF, 0xFF, 0xFF, 0xFF, 0xFF, 0xFF, 0xFF, 0xC3, 0xE0, 0x0F, 0x80,
    0x3E, 0x00, 0xF8, 0x00, 0x07, 0xC0, 0x00, 0x3E, 0x00, 0x3F, 0xFF, 0xC1, 0xFF, 0xFE, 0x0F, 0xFF,
    0xF0, 0x7F, 0xFF, 0x80, 0x1F, 0x00, 0x00, 0xF8, 0x00, 0x07, 0xFF, 0x00, 0x3F, 0xFE, 0x01, 0xFF,
    0xF8, 0x0F, 0xFF, 0xE0, 0x7C, 0xFF, 0x03, 0xE0, 0xFC, 0x1F, 0x07, 0xE0, 0xF8, 0x3F, 0x07, 0xC1,
    0xF8, 0x3E, 0x0F, 0x81, 0xF1, 0xFC, 0x0F, 0xFF, 0xE0, 0x7F, 0xFE, 0x03, 0xFF, 0xE0, 0x1F, 0xFC,
    0x00, 0x0F, 0x80, 0x07, 0xE0, 0x01, 0xF8, 0x00, 0x7E, 0x00, 0x1F, 0x80, 0x07, 0xE0, 0x01, 0xF8,
    0x00, 0x7E, 0x00, 0xFF, 0xFC, 0x3F, 0xFF, 0x0F, 0xFF, 0xC3, 0xFF, 0xF0, 0x1F, 0x80, 0x07, 0xE0,
    0x01, 0xFF, 0xE0, 0x7F, 0xFC, 0x1F, 0xFF, 0x87, 0xE7, 0xE1, 0xF8, 0xF8, 0x7F, 0xFE, 0x1F, 0xFF,
    0x87, 0xFF, 0xC0, 0xFF, 0xE0, 0x03, 0xFE, 0x00, 0x7F, 0xFC, 0x07, 0xFF, 0xF0, 0x7F, 0xFF, 0xC3,
    0xF9, 0xFE, 0x3F, 0x01, 0xF9, 0xF0, 0x07, 0xDF, 0xFF, 0x3F, 0xFF, 0xFF, 0xFF, 0xFF, 0xFF, 0xFF,
    0xFF, 0xFF, 0xFC, 0xFF, 0xFF, 0xC0, 0x1F, 0xBE, 0x01, 0xF9, 0xF8, 0x0F, 0xCF, 0xF1, 0xFC, 0x3F,
    0xFF, 0xE0, 0xFF, 0xFE, 0x03, 0xFF, 0xE0, 0x07, 0xFC, 0x00, 0x0F, 0xF0, 0x1F, 0xF8, 0x3F, 0xFC,
    0x7F, 0xFE, 0xFE, 0xFE, 0xF8, 0x3E, 0xFF, 0xBF, 0xFF, 0xFF, 0xFB, 0xFF, 0xF8, 0x3E, 0xFE, 0x7E,
    0x7F, 0xFE, 0x3F, 0xFC, 0x1F, 0xF8, 0x0F, 0xF0, 0xFC, 0x00, 0xFE, 0xFC, 0x01, 0xFF, 0x7C, 0x01,
    0xFE, 0x7E, 0x03, 0xFE, 0x3E, 0x03, 0xE4, 0x3E, 0x07, 0xE0, 0x3F, 0x07, 0xC0, 0x1F, 0x07, 0xC0,
    0x1F, 0x0F, 0x80, 0x1F, 0x8F, 0x80, 0x0F, 0x8F, 0x80, 0x0F, 0xDF, 0x00, 0x07, 0xDF, 0x00, 0x07,
    0xFF, 0x00, 0x07, 0xFE, 0x00, 0x03, 0xFE, 0x00, 0x03, 0xFC, 0x00, 0x01, 0xFC, 0x00, 0x01, 0xFC,
    0x00, 0x00, 0xF8, 0x00, 0xF8, 0x0F, 0xFF, 0x07, 0xF7, 0xC3, 0xFD, 0xF0, 0xFE, 0x7E, 0x7C, 0x8F,
    0x9F, 0x03, 0xE7, 0x80, 0x7F, 0xE0, 0x1F, 0xF8, 0x07, 0xFC, 0x00, 0xFF, 0x00, 0x3F, 0x80, 0x07,
    0xE0, 0x01, 0xF8, 0x00, 0x3C, 0x00, 0x0F, 0x1C, 0x00, 0x7D, 0xF0, 0x03, 0xFF, 0x00, 0x0F, 0xF0,
    0x00, 0x3F, 0x00, 0x00, 0x00, 0x00, 0x00, 0x00, 0x1F, 0x00, 0xF8, 0xF8, 0x0F, 0xC7, 0xC0, 0xFE,
    0x3E, 0x0F, 0xF1, 0xF0, 0x7F, 0x8F, 0x87, 0xFC, 0x7C, 0x7F, 0xE3, 0xE7, 0xFF, 0x1F, 0x3E, 0xF8,
    0xFB, 0xF7, 0xC7, 0xFF, 0x3E, 0x3F, 0xF1, 0xF1, 0xFF, 0x0F, 0x8F, 0xF8, 0x7C, 0x7F, 0x83, 0xE3,
    0xF8, 0x1F, 0x1F, 0xC0, 0xFF, 0xFC, 0x07, 0xFF, 0xC0, 0x3F, 0xFE, 0x01, 0xFE, 0x00, 0x03, 0xE0,
    0x00, 0x1F, 0x00, 0x01, 0xF0, 0x00, 0x0F, 0x80, 0x00, 0x38, 0x3C, 0x78, 0x1F, 0x7C, 0x07, 0xFC,
    0x03, 0xFE, 0x00, 0xFE, 0x00, 0x00, 0x00, 0x00, 0x01, 0xF0, 0x7C, 0xF8, 0x7E, 0x7C, 0x7F, 0x3E,
    0x7F, 0x9F, 0x3F, 0xCF, 0xBF, 0xE7, 0xFF, 0xF3, 0xFF, 0xF9, 0xFF, 0x7C, 0xFF, 0x3E, 0x7F, 0x9F,
    0x3F, 0x8F, 0xFF, 0x87, 0xFF, 0xC3, 0xFF, 0xC1, 0xFC, 0x00, 0x3E, 0x00, 0x3E, 0x00, 0x1F, 0x00,
    0x0F, 0x00, 0x03, 0x00, 0x3E, 0x00, 0x0F, 0x80, 0x0F, 0xFE, 0x03, 0xFF, 0x80, 0xFF, 0xE0, 0x0F,
    0x80, 0x03, 0xE0, 0x00, 0xFF, 0xF0, 0x3F, 0xFF, 0x0F, 0xFF, 0xE3, 0xFF, 0xFC, 0xF8, 0xFF, 0x3E,
    0x07, 0xCF, 0x81, 0xF3, 0xE0, 0x7C, 0xF8, 0xFF, 0x3F, 0xFF, 0xCF, 0xFF, 0xE3, 0xFF, 0xF0, 0xFF,
    0xF0, 0x3E, 0x00, 0xFF, 0xE0, 0xFF, 0xE0, 0xFF, 0xE0, 0x3E, 0x00, 0x3E, 0x00, 0x3F, 0xF8, 0x3F,
    0xFC, 0x3F, 0xFE, 0x3E, 0x7F, 0x3E, 0x1F, 0x3E, 0x3F, 0x3F, 0xFF, 0x3F, 0xFE, 0x3F, 0xFC, 0x3F,
    0xF8, 0xFF, 0xF0, 0xFF, 0xFC, 0xFF, 0xFE, 0xFF, 0xFF, 0xF8, 0x7F, 0xF8, 0x9F, 0xF9, 0xDF, 0xFB,
    0xDF, 0xFB, 0xFF, 0xFF, 0xFF, 0xFF, 0xFE, 0xFF, 0xFC, 0xFF, 0xF8, 0xF8, 0x7C, 0xF8, 0x3C, 0xF8,
    0x38, 0xF8, 0x00, 0xF8, 0x00, 0xF8, 0x00, 0xF8, 0x00, 0xFF, 0xE1, 0xFF, 0xE3, 0xFF, 0xE7, 0xFF,
    0xEF, 0x8F, 0xDF, 0x0F, 0xFE, 0x0F, 0xFC, 0x1F, 0xFB, 0xBF, 0xFF, 0xFF, 0xFF, 0xF7, 0xFF, 0xEF,
    0xFF, 0x9F, 0xFF, 0x3F, 0xFE, 0x7C, 0x3C, 0xF8, 0x7D, 0xF0, 0x63, 0xE0, 0x07, 0xC0, 0x00, 0x00,
    0x7C, 0x00, 0xF8, 0x01, 0xF0, 0x03, 0xEF, 0xFF, 0xDF, 0xFF, 0xBF, 0xFF, 0x7F, 0xFE, 0xF8, 0x01,
    0xF0, 0x03, 0xE0, 0x07, 0xC0, 0x0F, 0x80, 0x1F, 0x00, 0x3E, 0x00, 0x7C, 0x00, 0xF8, 0x01, 0xF0,
    0x03, 0xE0, 0x07, 0xC0, 0x0F, 0x80, 0x1F, 0x00, 0x3E, 0x00, 0x7C, 0x00, 0x01, 0xE0, 0x3C, 0x07,
    0x80, 0xFF, 0xFF, 0xFF, 0xFF, 0xFF, 0xFF, 0xF8, 0x1F, 0x03, 0xE0, 0x7C, 0x0F, 0x81, 0xF0, 0x3E,
    0x07, 0xC0, 0xF8, 0x1F, 0x03, 0xE0, 0x00, 0x1F, 0xFF, 0x8F, 0xFF, 0xC7, 0xFF, 0xE3, 0xFF, 0xF1,
    0xF0, 0x00, 0xF8, 0x00, 0x7C, 0x00, 0x3E, 0x00, 0xFF, 0xF8, 0x7F, 0xFC, 0x3F, 0xFE, 0x1F, 0xFF,
    0x01, 0xF0, 0x00, 0xF8, 0x00, 0x7C, 0x00, 0x3E, 0x00, 0x1F, 0x00, 0x0F, 0x80, 0x07, 0xC0, 0x03,
    0xE0, 0x00, 0x3F, 0xFC, 0xFF, 0xF3, 0xFF, 0xCF, 0xFF, 0x3F, 0x00, 0xFC, 0x03, 0xF0, 0x3F, 0xF8,
    0xFF, 0xE3, 0xFF, 0x83, 0xF0, 0x0F, 0xC0, 0x3F, 0x00, 0xFC, 0x03, 0xF0, 0x00, 0xFF, 0xFC, 0x7F,
    0xFE, 0x3F, 0xFF, 0x1F, 0xFF, 0x8F, 0x80, 0x07, 0xC0, 0x03, 0xE0, 0x01, 0xFF, 0xE0, 0xFF, 0xFC,
    0x7F, 0xFF, 0x3F, 0xFF, 0x9F, 0x1F, 0xEF, 0x81, 0xF7, 0xC0, 0xFB, 0xE0, 0x3F, 0xF0, 0x1F, 0xF8,
    0x0F, 0xFC, 0x0F, 0xFE, 0x07, 0xDF, 0x07, 0xE0, 0x07, 0xF0, 0x1F, 0xF0, 0x0F, 0xF8, 0x07, 0xF0,
    0x03, 0xF0, 0x00, 0xFF, 0xF3, 0xFF, 0xCF, 0xFF, 0x3F, 0xFC, 0xF8, 0x03, 0xE0, 0x0F, 0xFC, 0x3F,
    0xFC, 0xFF, 0xFB, 0xFF, 0xEF, 0x9F, 0xBE, 0x1F, 0xF8, 0x7F, 0xE1, 0xFF, 0x87, 0xC0, 0x7F, 0x07,
    0xF8, 0x1F, 0xE0, 0x7F, 0x01, 0xF8, 0xFE, 0x0F, 0x83, 0xF1, 0xF8, 0x3E, 0x1F, 0x83, 0xF0, 0xF8,
    0xFE, 0x07, 0xE3, 0xE7, 0xF0, 0x1F, 0xCF, 0x9F, 0x80, 0x3F, 0xBE, 0xFC, 0x00, 0x7F, 0xFF, 0xE0,
    0x00, 0xFF, 0xFF, 0x80, 0x01, 0xFF, 0xFC, 0x00, 0x03, 0xFF, 0xE0, 0x00, 0x1F, 0xFF, 0xC0, 0x00,
    0xFF, 0xFF, 0x80, 0x07, 0xEF, 0xFF, 0x00, 0x3F, 0x3E, 0xFC, 0x01, 0xFC, 0xFB, 0xF8, 0x07, 0xE3,
    0xE7, 0xF0, 0x3F, 0x0F, 0x8F, 0xF9, 0xF8, 0x3E, 0x1F, 0xE7, 0xE0, 0xF8, 0x3F, 0xBF, 0x03, 0xE0,
    0xFE, 0x00, 0x00, 0x00, 0xF8, 0x00, 0x00, 0x03, 0xE0, 0x00, 0x00, 0x0F, 0x80, 0x00, 0x00, 0x3E,
    0x00, 0x00, 0x00, 0xF8, 0x7E, 0x3E, 0x3F, 0x3F, 0x1F, 0x3F, 0x0F, 0xCF, 0xBF, 0x03, 0xF7, 0xFF,
    0x80, 0xFF, 0xFF, 0x80, 0x3F, 0xFF, 0x80, 0x0F, 0xFF, 0x80, 0x0F, 0xFF, 0xE0, 0x0F, 0xFF, 0xF0,
    0x07, 0xFF, 0xFC, 0x07, 0xEF, 0xFF, 0x07, 0xE7, 0xDF, 0xF7, 0xE3, 0xE7, 0xFB, 0xF1, 0xF1, 0xFF,
    0xF0, 0xF8, 0x7E, 0x00, 0x00, 0x0F, 0x00, 0x00, 0x07, 0x80, 0x00, 0x03, 0xC0, 0x00, 0x01, 0xE0,
    0x1F, 0xF8, 0x3F, 0xFE, 0x1F, 0xFF, 0x87, 0xFF, 0xE3, 0xC7, 0xF0, 0x01, 0xF8, 0x01, 0xFC, 0x1F,
    0xFC, 0x0F, 0xFC, 0x07, 0xFF, 0x03, 0xFF, 0xC0, 0x0F, 0xE0, 0x01, 0xF8, 0x00, 0xFC, 0x00, 0x7E,
    0xF8, 0xFF, 0x7F, 0xFF, 0x3F, 0xFF, 0x9F, 0xFF, 0x87, 0xFF, 0x00, 0x3C, 0x00, 0x1F, 0x00, 0x07,
    0x80, 0x0B, 0xE0, 0x07, 0xE0, 0x07, 0xF0, 0x03, 0xF0, 0x00, 0x7F, 0xE1, 0xFF, 0xC7, 0xFF, 0x9F,
    0xFE, 0x39, 0xF8, 0x03, 0xE1, 0xFF, 0x07, 0xFC, 0x1F, 0xF8, 0x03, 0xF7, 0x8F, 0xDF, 0xFF, 0x7F,
    0xF9, 0xFF, 0xE7, 0xFE, 0x01, 0xE0, 0x07, 0x80, 0x0F, 0x00, 0xBC, 0x07, 0xF0, 0x1F, 0xC0, 0x7E,
    0x00, 0xF8, 0x1F, 0x9F, 0x07, 0xE3, 0xE1, 0xF8, 0x7C, 0x7F, 0x0F, 0x9F, 0xC1, 0xF7, 0xF0, 0x3F,
    0xFC, 0x07, 0xFF, 0x00, 0xFF, 0xC0, 0x1F, 0xF0, 0x03, 0xFF, 0x00, 0x7F, 0xF0, 0x0F, 0xFF, 0x01,
    0xFF, 0xF0, 0x3E, 0x7F, 0x07, 0xC7, 0xF0, 0xF8, 0x7F, 0xFF, 0x07, 0xFF, 0xE0, 0x7F, 0xFC, 0x0F,
    0xF0, 0x00, 0x3E, 0x00, 0x07, 0xC0, 0x00, 0xF8, 0x00, 0x1F, 0x00, 0x03, 0xE0, 0xF8, 0xFF, 0xF3,
    0xFB, 0xEF, 0xE7, 0xFF, 0x8F, 0xFC, 0x1F, 0xF0, 0x3F, 0xC0, 0x7F, 0xC0, 0xFF, 0xC1, 0xFF, 0xC3,
    0xEF, 0xC7, 0xCF, 0xFF, 0x9F, 0xFF, 0x1F, 0xFE, 0x1F, 0x80, 0x0F, 0x00, 0x1E, 0x00, 0x3C, 0x00,
    0x78, 0xF8, 0x03, 0xF7, 0xC0, 0x3F, 0xBE, 0x01, 0xF9, 0xF7, 0x1F, 0x8F, 0xB9, 0xF8, 0x7D, 0xDF,
    0x83, 0xEF, 0xF8, 0x1F, 0xFF, 0x80, 0xFF, 0xF8, 0x07, 0xFF, 0xE0, 0x3F, 0xFF, 0x81, 0xF7, 0xFE,
    0x0F, 0xBB, 0xF8, 0x7D, 0xCF, 0xC3, 0xEE, 0x7F, 0x1F, 0x01, 0xF8, 0xF8, 0x07, 0xE7, 0xC0, 0x3F,
    0xBE, 0x00, 0xFD, 0xF0, 0x07, 0xF0, 0xF8, 0x1F, 0xBE, 0x07, 0xCF, 0x83, 0xF3, 0xFD, 0xF8, 0xFF,
    0xFC, 0x3F, 0xFE, 0x0F, 0xFF, 0x03, 0xFF, 0xC0, 0xFF, 0xF8, 0x3F, 0xFF, 0x0F, 0xF7, 0xE3, 0xE0,
    0xFC, 0xF8, 0x1F, 0x3E, 0x07, 0xEF, 0x80, 0xFC, 0x3F, 0x00, 0x01, 0xF8, 0x1F, 0xBF, 0xF1, 0xF9,
    0xFF, 0x9F, 0xCF, 0xFD, 0xFC, 0x1F, 0x9F, 0xC0, 0xFD, 0xFC, 0x07, 0xFF, 0xC0, 0x3F, 0xFC, 0x01,
    0xFF, 0xC0, 0x0F, 0xFC, 0x00, 0x7F, 0xE0, 0x03, 0xFF, 0xC0, 0x1F, 0xFF, 0x00, 0xFD, 0xF8, 0x07,
    0xE7, 0xE0, 0x3F, 0x1F, 0x81, 0xF8, 0x7E, 0x0F, 0xC3, 0xF8, 0x7E, 0x0F, 0xC3, 0xF0, 0x3F, 0x00,
    0x3E, 0x00, 0x3F, 0xE7, 0xEF, 0xFB, 0xF3, 0xFF, 0xFC, 0xFF, 0xFE, 0x0F, 0xFF, 0x03, 0xFF, 0x80,
    0xFF, 0xC0, 0x3F, 0xE0, 0x0F, 0xFC, 0x03, 0xFF, 0x80, 0xFB, 0xF0, 0x3E, 0x7E, 0x0F, 0x8F, 0xC3,
    0xE3, 0xF0, 0xF8, 0x7E, 0xFF, 0xE0, 0xFD, 0xFF, 0xC3, 0xFB, 0xFF, 0x8F, 0xE7, 0xFF, 0x3F, 0x80,
    0x7E, 0x7E, 0x00, 0xFD, 0xF8, 0x01, 0xFF, 0xE0, 0x03, 0xFF, 0x80, 0x07, 0xFE, 0x00, 0x0F, 0xFC,
    0x00, 0x1F, 0xFC, 0x00, 0x3F, 0xFC, 0x00, 0x7F, 0xFC, 0x00, 0xFD, 0xF8, 0x01, 0xF9, 0xF8, 0x03,
    0xF1, 0xF8, 0x07, 0xE1, 0xF8, 0x0F, 0xC3, 0xF8, 0x1F, 0x83, 0xF0, 0x3F, 0x03, 0xF0, 0xFF, 0x8F,
    0xFF, 0xF1, 0xFB, 0xFE, 0x7E, 0x7F, 0xDF, 0x80, 0xFF, 0xE0, 0x1F, 0xF8, 0x03, 0xFE, 0x00, 0x7F,
    0xE0, 0x0F, 0xFE, 0x01, 0xF7, 0xC0, 0x3E, 0xFC, 0x07, 0xCF, 0xC0, 0xF8, 0xFC, 0x1F, 0x1F, 0x83,
    0xE1, 0xF8, 0xF8, 0x0F, 0x87, 0xC0, 0x7C, 0x3E, 0x03, 0xE1, 0xF0, 0x1F, 0x0F, 0x80, 0xF8, 0x7C,
    0x07, 0xC3, 0xE0, 0x3E, 0x1F, 0x01, 0xF0, 0xFF, 0xFF, 0x87, 0xFF, 0xFC, 0x3F, 0xFF, 0xE1, 0xFF,
    0xFF, 0x0F, 0x80, 0xF8, 0x7C, 0x07, 0xC3, 0xE0, 0x3E, 0x1F, 0x01, 0xF0, 0xF8, 0x0F, 0xFF, 0xC0,
    0x7F, 0xFE, 0x03, 0xFF, 0xF0, 0x1F, 0xF0, 0x00, 0x0F, 0x80, 0x00, 0x7C, 0x00, 0x03, 0xE0, 0x00,
    0x1F, 0x00, 0x00, 0xF8, 0xF8, 0xFC, 0xF8, 0xFC, 0xF8, 0xFC, 0xF8, 0xFC, 0xF8, 0xFC, 0xFF, 0xFC,
    0xFF, 0xFC, 0xFF, 0xFC, 0xFF, 0xFC, 0xF8, 0xFC, 0xF8, 0xFC, 0xF8, 0xFF, 0xF8, 0xFF, 0xF8, 0xFF,
    0xF8, 0xFF, 0x00, 0x0F, 0x00, 0x0F, 0x00, 0x0F, 0x00, 0x0F, 0xF8, 0x0F, 0xFF, 0xE0, 0x3F, 0xFF,
    0x80, 0xFF, 0xFE, 0x03, 0xFF, 0xF8, 0x0F, 0x83, 0xE0, 0x3E, 0x0F, 0x80, 0xF8, 0x3E, 0x03, 0xE0,
    0xFF, 0xFF, 0x83, 0xFF, 0xFE, 0x0F, 0xFF, 0xF8, 0x3F, 0xFF, 0xE0, 0xF8, 0x0F, 0x83, 0xE0, 0x3E,
    0x0F, 0x80, 0xF8, 0x3E, 0x03, 0xE0, 0xF8, 0x0F, 0x83, 0xE0, 0x3E, 0x0F, 0x80, 0xF8, 0x3E, 0x03,
    0xE0, 0xF8, 0xFF, 0xFC, 0x7F, 0xFE, 0x3F, 0xFF, 0x1F, 0xFF, 0x8F, 0xC7, 0xFF, 0xE3, 0xFF, 0xF1,
    0xFF, 0xF8, 0xFF, 0xFC, 0x7C, 0x7E, 0x3E, 0x3F, 0x1F, 0x1F, 0x8F, 0x8F, 0xC7, 0xC7, 0xE3, 0xE3,
    0xF0, 0xFF, 0xFF, 0x80, 0x07, 0xFF, 0xFC, 0x00, 0x3F, 0xFF, 0xE0, 0x01, 0xFF, 0xFF, 0x00, 0x0F,
    0x80, 0xF8, 0x00, 0x7C, 0x07, 0xC0, 0x03, 0xE0, 0x3E, 0x00, 0x1F, 0x01, 0xFF, 0xE0, 0xF8, 0x0F,
    0xFF, 0xC7, 0xC0, 0x7F, 0xFF, 0x3E, 0x03, 0xFF, 0xFD, 0xF0, 0x1F, 0x1F, 0xEF, 0x80, 0xF8, 0x1F,
    0xFC, 0x07, 0xC0, 0x7F, 0xE0, 0x3E, 0x03, 0xFF, 0x01, 0xF0, 0x1F, 0xF8, 0x0F, 0x80, 0xFF, 0xC0,
    0x7C, 0x07, 0xFE, 0x03, 0xE0, 0x3F, 0xF0, 0x1F, 0x03, 0xF0, 0x00, 0x00, 0x7F, 0x00, 0x00, 0x1F,
    0xF8, 0x00, 0x00, 0xFF, 0x80, 0x00, 0x07, 0xF8, 0x00, 0x00, 0x3F, 0x00, 0xFF, 0xFC, 0x01, 0xFF,
    0xF8, 0x03, 0xFF, 0xF0, 0x07, 0xFF, 0xE0, 0x0F, 0x8F, 0xC0, 0x1F, 0x1F, 0x80, 0x3E, 0x3F, 0xF8,
    0x7C, 0x7F, 0xFC, 0xF8, 0xFF, 0xF9, 0xF1, 0xFF, 0xFB, 0xE3, 0xF3, 0xF7, 0xC7, 0xE1, 0xFF, 0x8F,
    0xC3, 0xFF, 0x1F, 0x87, 0xFE, 0x3F, 0x0F, 0x80, 0x00, 0x7E, 0x00, 0x03, 0xFC, 0x00, 0x07, 0xF8,
    0x00, 0x1F, 0xE0, 0x00, 0x3F, 0x00, 0x03, 0xFF, 0x00, 0x3F, 0xFC, 0x01, 0xFF, 0xF0, 0x0F, 0xFF,
    0x80, 0x3F, 0xC6, 0x01, 0xF8, 0x00, 0x07, 0xC1, 0xFE, 0x3F, 0x0F, 0xFC, 0xFC, 0x7F, 0xFB, 0xF3,
    0xFF, 0xEF, 0xCF, 0xDF, 0xBF, 0x3E, 0x3F, 0xFC, 0xF8, 0xFD, 0xF3, 0xE3, 0xE7, 0xEF, 0x8F, 0x9F,
    0xFE, 0xFE, 0x3F, 0xFF, 0xF0, 0x7F, 0xFF, 0x80, 0xFF, 0xFC, 0x00, 0xFF, 0xC0, 0x00, 0x3F, 0xE0,
    0x00, 0x7F, 0xE0, 0x00, 0xFF, 0x80, 0x01, 0xFE, 0x00, 0x00, 0xF0, 0x0F, 0xF0, 0x0F, 0xF8, 0x0F,
    0xFC, 0x0F, 0xC6, 0x07, 0x80, 0x07, 0xC7, 0xF3, 0xC7, 0xFD, 0xE3, 0xFF, 0xFB, 0xEF, 0xFD, 0xE3,
    0xFF, 0xF3, 0xEF, 0xFF, 0xE7, 0xFF, 0xF1, 0xFF, 0xF0, 0x3F, 0xE0, 0x01, 0xFC, 0x00, 0xFF, 0x80,
    0x1F, 0x80, 0x07, 0xC0, 0x03, 0xFF, 0x03, 0xFF, 0xE1, 0xFF, 0xF8, 0xFF, 0xFE, 0x7F, 0x8F, 0x1F,
    0x80, 0x07, 0xC0, 0x03, 0xF0, 0x00, 0xFC, 0x00, 0x3F, 0x00, 0x0F, 0xC0, 0x03, 0xF0, 0x00, 0xFC,
    0x00, 0x1F, 0x00, 0x07, 0xE0, 0x01, 0xFF, 0x1E, 0x3F, 0xFF, 0x87, 0xFF, 0xE0, 0xFF, 0xF8, 0x0F,
    0xFC, 0x00, 0xF0, 0x00, 0x3E, 0x00, 0x17, 0x80, 0x0F, 0xE0, 0x03, 0xF8, 0x00, 0xFC, 0x00, 0x0F,
    0xF0, 0xFF, 0xCF, 0xFC, 0xFF, 0xEF, 0xF3, 0x7E, 0x03, 0xE0, 0x1F, 0x00, 0xF8, 0x07, 0xE0, 0x1F,
    0x8C, 0xFF, 0xF3, 0xFF, 0x8F, 0xFC, 0x1F, 0xE0, 0xF8, 0x03, 0xC0, 0x5E, 0x03, 0xF0, 0x3F, 0x81,
    0xF8, 0x00, 0xFF, 0xFF, 0xFF, 0xFF, 0xFF, 0xFF, 0xFF, 0xFF, 0xFF, 0x03, 0xF0, 0x00, 0xFC, 0x00,
    0x3F, 0x00, 0x0F, 0xC0, 0x03, 0xF0, 0x00, 0xFC, 0x00, 0x3F, 0x00, 0x0F, 0xC0, 0x03, 0xF0, 0x00,
    0xFC, 0x00, 0x3F, 0x00, 0x0F, 0xC0, 0x03, 0xFE, 0x00, 0xFF, 0x80, 0x3F, 0xE0, 0x0F, 0xF8, 0x00,
    0x3E, 0x00, 0x0F, 0x80, 0x03, 0xE0, 0x00, 0xF8, 0x00, 0x3E, 0x00, 0xFF, 0xFF, 0xFF, 0xFF, 0xFF,
    0xFF, 0xFF, 0xF0, 0x7C, 0x00, 0xF8, 0x01, 0xF0, 0x03, 0xE0, 0x07, 0xC0, 0x0F, 0x80, 0x1F, 0x00,
    0x3F, 0xC0, 0x7F, 0x80, 0xFF, 0x01, 0xFE, 0x00, 0x7C, 0x00, 0xF8, 0x01, 0xF0, 0x03, 0xE0, 0xFC,
    0x07, 0xE7, 0xE0, 0x7E, 0x7E, 0x0F, 0xC3, 0xF0, 0xFC, 0x3F, 0x1F, 0x81, 0xF9, 0xF0, 0x1F, 0xBF,
    0x00, 0xFF, 0xE0, 0x07, 0xFE, 0x00, 0x7F, 0xC0, 0x03, 0xF8, 0x00, 0x3F, 0x80, 0x01, 0xF0, 0x00,
    0x1F, 0x00, 0x01, 0xF0, 0x00, 0x1F, 0x00, 0x01, 0xF0, 0x00, 0x1F, 0x00, 0x01, 0xF0, 0x00, 0x1F,
    0x00, 0xF8, 0x3F, 0xFC, 0x3F, 0x7C, 0x3E, 0x7C, 0x3E, 0x7E, 0x7E, 0x3E, 0x7C, 0x3F, 0xFC, 0x1F,
    0xF8, 0x1F, 0xF8, 0x0F, 0xF8, 0x0F, 0xF0, 0x0F, 0xF0, 0x07, 0xE0, 0x07, 0xE0, 0x07, 0xE0, 0x07,
    0xE0, 0x07, 0xE0, 0x07, 0xE0, 0x07, 0xE0, 0x07, 0xE0, 0xFC, 0x07, 0xE7, 0xE0, 0x7E, 0x7E, 0x0F,
    0xC3, 0xF0, 0xFC, 0x3F, 0x1F, 0x81, 0xF9, 0xF0, 0x1F, 0xBF, 0x00, 0xFF, 0xE0, 0x0F, 0xFE, 0x00,
    0x7F, 0xC0, 0x03, 0xFC, 0x00, 0x3F, 0x80, 0x1F, 0xFF, 0x01, 0xFF, 0xF0, 0x1F, 0xFF, 0x00, 0x1F,
    0x00, 0x01, 0xF0, 0x00, 0x1F, 0x00, 0x01, 0xF0, 0x00, 0x1F, 0x00, 0xF8, 0x3F, 0xFC, 0x3F, 0x7C,
    0x3E, 0x7C, 0x3E, 0x7E, 0x7E, 0x3E, 0x7C, 0x3E, 0xFC, 0x1F, 0xF8, 0x1F, 0xF8, 0x0F, 0xF8, 0x0F,
    0xF0, 0x0F, 0xF0, 0x3F, 0xFC, 0x3F, 0xFC, 0x3F, 0xFC, 0x07, 0xE0, 0x07, 0xE0, 0x07, 0xE0, 0x07,
    0xE0, 0x07, 0xE0, 0xFE, 0x07, 0xE3, 0xF8, 0x7E, 0x0F, 0xC3, 0xF0, 0x7F, 0x3F, 0x01, 0xFF, 0xF0,
    0x07, 0xFF, 0x80, 0x3F, 0xF8, 0x00, 0xFF, 0x80, 0x03, 0xFC, 0x00, 0x1F, 0xC0, 0x00, 0xFF, 0x00,
    0x07, 0xF8, 0x00, 0x7F, 0xE0, 0x07, 0xFF, 0x80, 0x7F, 0xFC, 0x03, 0xF3, 0xF0, 0x3F, 0x1F, 0xFB,
    0xF0, 0x7F, 0xDF, 0x81, 0xFF, 0xF8, 0x0F, 0xF0, 0x00, 0x1F, 0x80, 0x00, 0xFC, 0x00, 0x07, 0xE0,
    0x00, 0x3F, 0x00, 0x01, 0xF8, 0x00, 0x07, 0x80, 0xFC, 0x3F, 0x3F, 0x1F, 0x0F, 0xDF, 0x03, 0xFF,
    0x01, 0xFF, 0x80, 0x7F, 0x80, 0x1F, 0x80, 0x0F, 0xC0, 0x0F, 0xF0, 0x07, 0xFC, 0x07, 0xFF, 0x07,
    0xFF, 0xF7, 0xE7, 0xFB, 0xE1, 0xFF, 0xE0, 0xFE, 0x00, 0x1F, 0x00, 0x0F, 0x80, 0x07, 0xC0, 0x03,
    0xE0, 0xFF, 0xFF, 0x3E, 0x1F, 0xFF, 0xE7, 0xC3, 0xFF, 0xFC, 0xF8, 0x7F, 0xFF, 0x9F, 0x00, 0x7E,
    0x03, 0xE0, 0x0F, 0xC0, 0x7C, 0x01, 0xF8, 0x0F, 0x80, 0x3F, 0x01, 0xF0, 0x07, 0xE0, 0x3E, 0x00,
    0xFC, 0x07, 0xC0, 0x1F, 0x80, 0xF8, 0x03, 0xF0, 0x1F, 0x00, 0x7E, 0x03, 0xE0, 0x0F, 0xC0, 0x7C,
    0x01, 0xF8, 0x0F, 0x80, 0x3F, 0x01, 0xF0, 0x07, 0xFF, 0xFF, 0xE0, 0xFF, 0xFF, 0xFC, 0x1F, 0xFF,
    0xFF, 0x83, 0xFF, 0xFF, 0xF0, 0x00, 0x00, 0x3E, 0x00, 0x00, 0x07, 0xC0, 0x00, 0x00, 0xF8, 0x00,
    0x00, 0x1F, 0x00, 0x00, 0x03, 0xE0, 0xFF, 0xEF, 0x8F, 0xFE, 0xF8, 0xFF, 0xEF, 0x8F, 0xFE, 0xF8,
    0x1F, 0x0F, 0x81, 0xF0, 0xF8, 0x1F, 0x0F, 0x81, 0xF0, 0xF8, 0x1F, 0x0F, 0x81, 0xF0, 0xF8, 0x1F,
    0x0F, 0x81, 0xFF, 0xFF, 0x1F, 0xFF, 0xF1, 0xFF, 0xFF, 0x1F, 0xFF, 0xF0, 0x00, 0x0F, 0x00, 0x00,
    0xF0, 0x00, 0x0F, 0x00, 0x00, 0xF0, 0xF8, 0x0F, 0x8F, 0x80, 0xF8, 0xF8, 0x0F, 0x8F, 0x80, 0xF8,
    0xF8, 0x0F, 0x8F, 0x80, 0xF8, 0xF8, 0x0F, 0x8F, 0x80, 0xF8, 0xFC, 0x0F, 0x8F, 0xF1, 0xF8, 0x7F,
    0xFF, 0x87, 0xFF, 0xF8, 0x3F, 0xFF, 0x80, 0xFF, 0xF8, 0x00, 0x0F, 0x80, 0x00, 0xF8, 0x00, 0x0F,
    0xF0, 0x00, 0xFF, 0x00, 0x0F, 0xF0, 0x00, 0xFF, 0x00, 0x03, 0xF0, 0x00, 0x3F, 0x00, 0x03, 0xF0,
    0x00, 0x3F, 0x00, 0x03, 0xF0, 0xFC, 0x7C, 0x7E, 0x3E, 0x3F, 0x1F, 0x1F, 0x8F, 0x87, 0xC7, 0xC3,
    0xF3, 0xE1, 0xFF, 0xF0, 0xFF, 0xF8, 0x3F, 0xFC, 0x0F, 0xFE, 0x00, 0x1F, 0x00, 0x0F, 0xF0, 0x07,
    0xF8, 0x03, 0xFC, 0x01, 0xFE, 0x00, 0x0F, 0x00, 0x07, 0x80, 0x03, 0xC0, 0x01, 0xE0, 0xF8, 0x1F,
    0xFC, 0x0F, 0xFE, 0x07, 0xFF, 0x03, 0xFF, 0x81, 0xFF, 0xC0, 0xFF, 0xE7, 0x7F, 0xFB, 0xBF, 0xFF,
    0xDF, 0xBF, 0xFF, 0xDF, 0xFF, 0xE7, 0xFF, 0xF1, 0xFF, 0xF8, 0x0E, 0xFC, 0x07, 0x7E, 0x03, 0xBF,
    0x00, 0x1F, 0x80, 0x0F, 0xC0, 0x07, 0xE0, 0x03, 0xF0, 0xFC, 0x3F, 0xF8, 0x7F, 0xF0, 0xFF, 0xE1,
    0xF7, 0xDF, 0xEF, 0xFF, 0xDF, 0xFF, 0xBF, 0xFF, 0x3F, 0xFE, 0x3F, 0xFC, 0x07, 0xF8, 0x0F, 0xF0,
    0x03, 0xE0, 0x07, 0xC0, 0x0F, 0x80, 0xF8, 0x00, 0x7C, 0x00, 0x3E, 0x00, 0x1F, 0x00, 0x0F, 0x80,
    0x07, 0xC0, 0x03, 0xFF, 0xE1, 0xFF, 0xFC, 0xFF, 0xFF, 0x7F, 0xFF, 0xBF, 0x1F, 0xFF, 0x03, 0xFF,
    0x80, 0xFF, 0xC0, 0x7F, 0xE0, 0x3F, 0xF0, 0x1F, 0xF8, 0x0F, 0xFC, 0x07, 0xFE, 0x03, 0xFF, 0x01,
    0xF0, 0xF8, 0x03, 0xE0, 0x0F, 0x80, 0x3E, 0x00, 0xF8, 0x03, 0xE0, 0x0F, 0x80, 0x3E, 0x00, 0xFF,
    0xE3, 0xFF, 0xCF, 0xFF, 0xBF, 0xFE, 0xF9, 0xFB, 0xE3, 0xFF, 0x8F, 0xFE, 0x3F, 0xF8, 0xFF, 0xE3,
    0xFF, 0x8F, 0xFE, 0x3F, 0xF8, 0xFF, 0xE3, 0xFF, 0x8F, 0xC0, 0x00, 0x1F, 0xE0, 0x00, 0x3F, 0xFC,
    0x00, 0x3F, 0xFF, 0x1E, 0x3F, 0xFF, 0xCF, 0x3F, 0xCF, 0xE7, 0x9F, 0x81, 0xFB, 0xFF, 0x80, 0x7D,
    0xFF, 0xFF, 0xFE, 0x7F, 0xFF, 0xFF, 0x1F, 0xFF, 0xFF, 0x83, 0xFF, 0xFF, 0xC0, 0x7C, 0x00, 0x00,
    0x3E, 0x00, 0x00, 0x1F, 0x80, 0x00, 0x0F, 0xC0, 0x00, 0x03, 0xFC, 0x78, 0x01, 0xFF, 0xFE, 0x00,
    0x7F, 0xFF, 0x00, 0x1F, 0xFF, 0x80, 0x03, 0xFF, 0x00, 0x00, 0x7F, 0x0E, 0x1F, 0xF8, 0xF3, 0xFF,
    0xCF, 0x3F, 0xFE, 0xF7, 0xE7, 0xEF, 0xFC, 0x1E, 0x7F, 0xFF, 0xF7, 0xFF, 0xFF, 0x1F, 0xFF, 0xF0,
    0x7C, 0x00, 0x07, 0xF1, 0xC0, 0x7F, 0xFC, 0x03, 0xFF, 0xC0, 0x1F, 0xFE, 0x00, 0x7F, 0xC0, 0x00,
    0x1F, 0xE0, 0x00, 0x3F, 0xFC, 0x00, 0x3F, 0xFF, 0x1E, 0x3F, 0xFF, 0xCF, 0x3F, 0xCF, 0xE7, 0x9F,
    0x81, 0xFB, 0xFF, 0x80, 0x7D, 0xFF, 0xFF, 0xFE, 0x7F, 0xFF, 0xFF, 0x1F, 0xFF, 0xFF, 0x83, 0xFF,
    0xFF, 0xC0, 0x7C, 0x00, 0x00, 0x3E, 0x00, 0x00, 0x1F, 0x80, 0x00, 0x0F, 0xC0, 0x00, 0x03, 0xFC,
    0x78, 0x01, 0xFF, 0xFE, 0x00, 0x7F, 0xFF, 0x00, 0x1F, 0xFF, 0x80, 0x03, 0xFF, 0x00, 0x00, 0x7C,
    0x00, 0x00, 0x3E, 0x00, 0x00, 0x1F, 0x00, 0x00, 0x0F, 0x80, 0x00, 0x07, 0xC0, 0x00, 0x00, 0x7F,
    0x0E, 0x1F, 0xF8, 0xF3, 0xFF, 0xCF, 0x3F, 0xFE, 0xF7, 0xE7, 0xEF, 0xFC, 0x1E, 0x7F, 0xFF, 0xF7,
    0xFF, 0xFF, 0x1F, 0xFF, 0xF0, 0x7C, 0x00, 0x07, 0xF1, 0xC0, 0x7F, 0xFC, 0x03, 0xFF, 0xC0, 0x1F,
    0xFE, 0x00, 0xFF, 0xC0, 0x03, 0xE0, 0x00, 0x3E, 0x00, 0x03, 0xE0, 0x00, 0x3E, 0x00, 0xFF, 0xFF,
    0xFF, 0xFF, 0xFF, 0xFF, 0xFF, 0xFF, 0xFF, 0xFF, 0xFF, 0xFF, 0xF0, 0x00, 0x38, 0xE0, 0x00, 0x03,
    0xEF, 0x80, 0x00, 0x1F, 0xF8, 0x00, 0x00, 0x7F, 0x80, 0x00, 0x01, 0xF8, 0x00, 0x00, 0x00, 0x00,
    0x03, 0xF8, 0x3E, 0x0F, 0xCF, 0xC1, 0xF0, 0xFC, 0x3F, 0x0F, 0x8F, 0xE0, 0xFC, 0x7C, 0xFE, 0x07,
    0xF3, 0xE7, 0xE0, 0x1F, 0xDF, 0x7E, 0x00, 0x7F, 0xFF, 0xE0, 0x01, 0xFF, 0xFF, 0x00, 0x07, 0xFF,
    0xF0, 0x00, 0x1F, 0xFF, 0x00, 0x01, 0xFF, 0xFC, 0x00, 0x1F, 0xFF, 0xF0, 0x01, 0xFB, 0xFF, 0xC0,
    0x1F, 0x9F, 0x7E, 0x01, 0xFC, 0xF9, 0xF8, 0x0F, 0xC7, 0xC7, 0xE0, 0xFC, 0x3E, 0x3F, 0x0F, 0xC1,
    0xF0, 0xFC, 0x7E, 0x0F, 0x83, 0xF7, 0xE0, 0x7C, 0x1F, 0x80, 0x00, 0xE3, 0x80, 0x00, 0xFB, 0xE0,
    0x00, 0x7F, 0xE0, 0x00, 0x1F, 0xE0, 0x00, 0x07, 0xE0, 0x00, 0x00, 0x00, 0x00, 0x00, 0x00, 0x00,
    0xFC, 0x7C, 0x7E, 0x7E, 0x3E, 0x7E, 0x1F, 0x9F, 0x7E, 0x07, 0xEF, 0xFF, 0x01, 0xFF, 0xFF, 0x00,
    0x7F, 0xFF, 0x00, 0x1F, 0xFF, 0x00, 0x1F, 0xFF, 0x80, 0x1F, 0xFF, 0xE0, 0x0F, 0xFF, 0xF8, 0x0F,
    0xDF, 0x7E, 0x0F, 0xCF, 0x9F, 0x8F, 0xC7, 0xCF, 0xC7, 0xE3, 0xE3, 0xF7, 0xE1, 0xF0, 0xF8, 0xF8,
    0x1F, 0xFC, 0x1F, 0xBE, 0x1F, 0x9F, 0x1F, 0xCF, 0x8F, 0xC7, 0xCF, 0xC3, 0xEF, 0xC1, 0xFF, 0xC0,
    0xFF, 0xE0, 0x7F, 0xF8, 0x3F, 0xFF, 0x1F, 0xFF, 0xCF, 0x8F, 0xF7, 0xC1, 0xFB, 0xE0, 0x7F, 0xF0,
    0x1F, 0xF8, 0x0F, 0xFC, 0x07, 0xFE, 0x03, 0xFF, 0x03, 0xF0, 0x01, 0xF0, 0x03, 0xF8, 0x0F, 0xF8,
    0x07, 0xF8, 0x03, 0xF8, 0x00, 0xF8, 0xFF, 0xE7, 0xEF, 0x9F, 0x3E, 0xF8, 0xFF, 0xC3, 0xFE, 0x0F,
    0xFE, 0x3F, 0xFC, 0xFF, 0xFB, 0xE7, 0xEF, 0x87, 0xFE, 0x1F, 0xF8, 0x7F, 0xE1, 0xFF, 0x87, 0xC0,
    0x1F, 0x00, 0xF8, 0x1F, 0xE0, 0x7F, 0x01, 0xF8, 0x03, 0xFF, 0xF8, 0x03, 0xFF, 0xF8, 0x03, 0xFF,
    0xF8, 0x03, 0xFF, 0xF8, 0x03, 0xE1, 0xF8, 0x03, 0xE1, 0xF8, 0x03, 0xE1, 0xF8, 0x03, 0xE1, 0xF8,
    0x03, 0xE1, 0xF8, 0x03, 0xE1, 0xF8, 0x07, 0xE1, 0xF8, 0x07, 0xC1, 0xF8, 0x07, 0xC1, 0xF8, 0x0F,
    0xC1, 0xF8, 0x1F, 0xC1, 0xF8, 0x7F, 0x81, 0xF8, 0xFF, 0x81, 0xFF, 0xFF, 0x01, 0xFF, 0xFE, 0x01,
    0xFF, 0xF8, 0x01, 0xFE, 0x00, 0x00, 0x3E, 0x00, 0x00, 0x3E, 0x00, 0x00, 0x7C, 0x00, 0x00, 0x78,
    0x00, 0x00, 0x38, 0x0F, 0xFF, 0x81, 0xFF, 0xF0, 0x3F, 0xFE, 0x07, 0xFF, 0xC0, 0xF9, 0xF8, 0x1F,
    0x3F, 0x03, 0xE7, 0xE0, 0x7C, 0xFC, 0x0F, 0x9F, 0x83, 0xF3, 0xF1, 0xFC, 0x7E, 0x7F, 0x8F, 0xFF,
    0xE1, 0xFF, 0xF8, 0x3F, 0xFE, 0x07, 0xF8, 0x00, 0x1F, 0x00, 0x07, 0xC0, 0x00, 0xF8, 0x00, 0x1E,
    0x00, 0x01, 0x80, 0xF8, 0x0F, 0xFC, 0x07, 0xFE, 0x03, 0xFF, 0x01, 0xFF, 0x80, 0xFF, 0xC0, 0x7F,
    0xE0, 0x3F, 0xF0, 0x1F, 0xFF, 0xFF, 0xFF, 0xFF, 0xFF, 0xFF, 0xFF, 0xFF, 0xFF, 0x80, 0xFF, 0xC0,
    0x7F, 0xE0, 0x3F, 0xF0, 0x1F, 0xF8, 0x0F, 0xFC, 0x07, 0xFE, 0x03, 0xFF, 0x01, 0xF0, 0x01, 0xF8,
    0x03, 0xFC, 0x01, 0xFE, 0x00, 0xFE, 0x00, 0x7E, 0x00, 0xF8, 0x7F, 0xE1, 0xFF, 0x87, 0xFE, 0x1F,
    0xF8, 0x7F, 0xFF, 0xFF, 0xFF, 0xFF, 0xFF, 0xFF, 0xFF, 0xE1, 0xFF, 0x87, 0xFE, 0x1F, 0xF8, 0x7F,
    0xE1, 0xFF, 0x87, 0xC0, 0x3F, 0x07, 0xF8, 0x1F, 0xE0, 0x7F, 0x81, 0xF8, 0xF8, 0x0F, 0x87, 0xC0,
    0x7C, 0x3E, 0x03, 0xE1, 0xF0, 0x1F, 0x0F, 0x80, 0xF8, 0x7C, 0x07, 0xC3, 0xE0, 0x3E, 0x1F, 0x01,
    0xF0, 0xFF, 0xFF, 0x87, 0xFF, 0xFC, 0x3F, 0xFF, 0xE1, 0xFF, 0xFF, 0x0F, 0x80, 0xF8, 0x7C, 0x07,
    0xC3, 0xE0, 0x3E, 0x1F, 0x01, 0xF0, 0xF8, 0x0F, 0xFF, 0xC0, 0x7F, 0xBE, 0x03, 0xFD, 0xF0, 0x1F,
    0xE0, 0x00, 0x1F, 0x00, 0x01, 0xF0, 0x00, 0x1F, 0x80, 0x00, 0xF8, 0x00, 0x01, 0x80, 0xF8, 0xFC,
    0xF8, 0xFC, 0xF8, 0xFC, 0xF8, 0xFC, 0xF8, 0xFC, 0xFF, 0xFC, 0xFF, 0xFC, 0xFF, 0xFC, 0xFF, 0xFC,
    0xF8, 0xFC, 0xF8, 0xFC, 0xF8, 0xFF, 0xF8, 0xFF, 0xF8, 0xFF, 0xF8, 0xFE, 0x00, 0x1E, 0x00, 0x3E,
    0x00, 0x7C, 0x00, 0x7C, 0x00, 0x18, 0xF8, 0x1F, 0xFC, 0x0F, 0xFE, 0x07, 0xFF, 0x03, 0xFF, 0x81,
    0xFF, 0xC0, 0xFF, 0xE0, 0x7F, 0xF0, 0x3F, 0xFC, 0x1F, 0xFF, 0x0F, 0xDF, 0xFF, 0xEF, 0xFF, 0xF3,
    0xFF, 0xF8, 0xFF, 0xFC, 0x00, 0x7E, 0x00, 0x3F, 0x00, 0xFF, 0x80, 0x7F, 0xC0, 0x3F, 0xE0, 0x1F,
    0xF0, 0x0F, 0x80, 0x07, 0xC0, 0x03, 0xE0, 0x01, 0xF0, 0x00, 0xF8, 0x00, 0xF8, 0x7F, 0xE1, 0xFF,
    0x87, 0xFE, 0x1F, 0xF8, 0x7F, 0xF1, 0xFF, 0xFF, 0xDF, 0xFF, 0x7F, 0xFC, 0x7F, 0xF0, 0x07, 0xC0,
    0x1F, 0x03, 0xFC, 0x0F, 0xF0, 0x3F, 0xC0, 0xF0, 0x03, 0xC0, 0x0F, 0x00, 0x3C, 0x00, 0x3E, 0x00,
    0x7C, 0x07, 0xE0, 0x1F, 0x80, 0xFC, 0x03, 0xF0, 0x1F, 0xC0, 0xFE, 0x07, 0xF8, 0x1F, 0xE0, 0xFF,
    0x87, 0xFC, 0x1F, 0xF0, 0xFF, 0x83, 0xFF, 0x3F, 0xF0, 0x7F, 0xE7, 0xFE, 0x0F, 0xBF, 0xF7, 0xC1,
    0xF7, 0xFE, 0xF8, 0x3E, 0x7F, 0x9F, 0x07, 0xCF, 0xF3, 0xE0, 0xF9, 0xFE, 0x7C, 0x1F, 0x1F, 0x8F,
    0x83, 0xE3, 0xF1, 0xF0, 0x7C, 0x3C, 0x3F, 0xFF, 0x80, 0x07, 0xFF, 0xF0, 0x00, 0xFF, 0x7E, 0x00,
    0x1F, 0xE0, 0x00, 0x00, 0x7C, 0x00, 0x00, 0x1F, 0x00, 0x00, 0x03, 0xE0, 0x00, 0x00, 0xF8, 0x00,
    0x00, 0x06, 0x00, 0x7C, 0x07, 0xC1, 0xF8, 0x1F, 0x07, 0xE0, 0xFE, 0x1F, 0xC3, 0xF8, 0x7F, 0x1F,
    0xE1, 0xFE, 0x7F, 0x87, 0xFB, 0xFE, 0x1F, 0xFF, 0xF8, 0xFB, 0xFF, 0xE3, 0xEF, 0xEF, 0x8F, 0x9F,
    0xBE, 0x3E, 0x7C, 0xFF, 0xF8, 0xF3, 0xFF, 0xE0, 0x0F, 0xFF, 0x80, 0x3F, 0xC0, 0x00, 0x1E, 0x00,
    0x00, 0xF8, 0x00, 0x03, 0xC0, 0x00, 0x1F, 0x00, 0x00, 0x18, 0xFF, 0xFF, 0xFF, 0xFF, 0xFF, 0xFF,
    0xFF, 0xFF, 0xFF, 0xFF, 0xFF, 0xFF, 0xF0, 0x03, 0x8E, 0x00, 0x3E, 0xF8, 0x01, 0xFF, 0x80, 0x07,
    0xFC, 0x00, 0x1F, 0x80, 0x00, 0x00, 0x00, 0x03, 0xE0, 0x00, 0x3F, 0x80, 0x01, 0xFC, 0x00, 0x1F,
    0xF0, 0x00, 0xFF, 0x80, 0x0F, 0xFC, 0x00, 0x7D, 0xF0, 0x03, 0xEF, 0x80, 0x3E, 0x3E, 0x01, 0xF1,
    0xF0, 0x1F, 0x0F, 0xC0, 0xF8, 0x3E, 0x07, 0xFF, 0xF0, 0x7F, 0xFF, 0xC3, 0xFF, 0xFE, 0x1F, 0xFF,
    0xF1, 0xF8, 0x0F, 0xCF, 0x80, 0x3E, 0xFC, 0x01, 0xF7, 0xE0, 0x0F, 0xC0, 0x38, 0x70, 0xF3, 0xC3,
    0xFF, 0x07, 0xF8, 0x0F, 0xC0, 0x00, 0x00, 0x00, 0x1F, 0xF8, 0x7F, 0xF1, 0xFF, 0xE7, 0xFF, 0x8C,
    0x7E, 0x00, 0x7C, 0xFF, 0xF7, 0xFF, 0xFF, 0xFF, 0xFC, 0x7F, 0xE1, 0xFF, 0xFF, 0xFF, 0xFF, 0x7F,
    0xFC, 0xFF, 0xE0, 0x07, 0x8E, 0x00, 0x3E, 0xF8, 0x01, 0xF7, 0xC0, 0x0F, 0x1C, 0x00, 0x00, 0x00,
    0x00, 0x00, 0x00, 0x03, 0xE0, 0x00, 0x3F, 0x80, 0x01, 0xFC, 0x00, 0x1F, 0xF0, 0x00, 0xFF, 0x80,
    0x0F, 0xFC, 0x00, 0x7D, 0xF0, 0x03, 0xEF, 0x80, 0x3E, 0x3E, 0x01, 0xF1, 0xF0, 0x1F, 0x0F, 0xC0,
    0xF8, 0x3E, 0x07, 0xFF, 0xF0, 0x7F, 0xFF, 0xC3, 0xFF, 0xFE, 0x1F, 0xFF, 0xF1, 0xF8, 0x0F, 0xCF,
    0x80, 0x3E, 0xFC, 0x01, 0xF7, 0xE0, 0x0F, 0xC0, 0x78, 0xF1, 0xF7, 0xC7, 0xDF, 0x1E, 0x3C, 0x00,
    0x00, 0x00, 0x07, 0xFE, 0x1F, 0xFC, 0x7F, 0xF9, 0xFF, 0xE3, 0x1F, 0x80, 0x1F, 0x3F, 0xFD, 0xFF,
    0xFF, 0xFF, 0xFF, 0x1F, 0xF8, 0x7F, 0xFF, 0xFF, 0xFF, 0xDF, 0xFF, 0x3F, 0xF8, 0x00, 0x0F, 0xFF,
    0xF0, 0x01, 0xFF, 0xFF, 0x00, 0x1F, 0xFF, 0xF0, 0x03, 0xFF, 0xFF, 0x00, 0x7F, 0xE0, 0x00, 0x07,
    0xFE, 0x00, 0x00, 0xFF, 0xE0, 0x00, 0x1F, 0xBF, 0xFE, 0x01, 0xF3, 0xFF, 0xE0, 0x3F, 0x3F, 0xFE,
    0x07, 0xE3, 0xFF, 0xE0, 0x7C, 0x3E, 0x00, 0x0F, 0xFF, 0xE0, 0x00, 0xFF, 0xFE, 0x00, 0x1F, 0xFF,
    0xE0, 0x03, 0xFF, 0xFE, 0x00, 0x3F, 0x03, 0xFF, 0xF7, 0xE0, 0x3F, 0xFF, 0x7C, 0x03, 0xFF, 0xFF,
    0xC0, 0x3F, 0xFF, 0x7F, 0xC7, 0xF0, 0x7F, 0xFF, 0xF8, 0x7F, 0xFF, 0xFC, 0x7F, 0xFF, 0xFE, 0x31,
    0xFE, 0x7E, 0x00, 0x7C, 0x3E, 0x3F, 0xFF, 0xFE, 0x7F, 0xFF, 0xFE, 0xFF, 0xFF, 0xFE, 0xFC, 0x7C,
    0x00, 0xF8, 0x7F, 0x1C, 0xFF, 0xFF, 0xFC, 0xFF, 0xFF, 0xFC, 0x7F, 0xFF, 0xFC, 0x3F, 0xEF, 0xFC,
    0x1C, 0x70, 0x7D, 0xF0, 0xFF, 0xC0, 0xFF, 0x00, 0xFC, 0x00, 0x00, 0x3F, 0xFF, 0x7F, 0xFE, 0xFF,
    0xFD, 0xFF, 0xFB, 0xE0, 0x07, 0xC0, 0x0F, 0x80, 0x1F, 0xFF, 0x3F, 0xFE, 0x7F, 0xFC, 0xFF, 0xF9,
    0xF0, 0x03, 0xE0, 0x07, 0xC0, 0x0F, 0x80, 0x1F, 0x00, 0x3F, 0xFF, 0xFF, 0xFF, 0xFF, 0xFF, 0xFF,
    0xFC, 0x1C, 0x70, 0x3D, 0xF0, 0x7F, 0xE0, 0x7F, 0x80, 0x7E, 0x00, 0x00, 0x00, 0x00, 0x07, 0xF0,
    0x1F, 0xF8, 0x7F, 0xF9, 0xFF, 0xF3, 0xF7, 0xFF, 0x83, 0xFF, 0xFF, 0xFF, 0xFF, 0xFF, 0xFF, 0xF8,
    0x01, 0xFC, 0x79, 0xFF, 0xF1, 0xFF, 0xE3, 0xFF, 0xC1, 0xFF, 0x80, 0x0F, 0xF8, 0x07, 0xFF, 0xC0,
    0xFF, 0xFC, 0x1F, 0xFF, 0xC3, 0xE3, 0xFC, 0x00, 0x1F, 0x80, 0x01, 0xF8, 0x00, 0x3F, 0x00, 0x03,
    0xFF, 0xFF, 0xFF, 0xFF, 0xFF, 0xFF, 0xFF, 0xFF, 0xFF, 0xFF, 0xF8, 0x0F, 0xDF, 0x01, 0xF3, 0xF8,
    0xFE, 0x3F, 0xFF, 0x87, 0xFF, 0xF0, 0x7F, 0xF8, 0x03, 0xFE, 0x00, 0x7F, 0xE0, 0xFF, 0xE1, 0xFF,
    0xE3, 0xFF, 0xE7, 0x9F, 0xE0, 0x07, 0xFF, 0xFF, 0xFF, 0xFF, 0xFF, 0xFF, 0xF0, 0x7F, 0xF3, 0xF3,
    0xFF, 0xE7, 0xFF, 0x87, 0xFE, 0x03, 0xF8, 0x00, 0x0F, 0x3C, 0x03, 0xE7, 0xC0, 0x7C, 0xF8, 0x07,
    0x9E, 0x00, 0x00, 0x00, 0x00, 0x00, 0x03, 0xFE, 0x01, 0xFF, 0xF0, 0x3F, 0xFF, 0x07, 0xFF, 0xF0,
    0xF8, 0xFF, 0x00, 0x07, 0xE0, 0x00, 0x7E, 0x00, 0x0F, 0xC0, 0x00, 0xFF, 0xFF, 0xFF, 0xFF, 0xFF,
    0xFF, 0xFF, 0xFF, 0xFF, 0xFF, 0xFE, 0x03, 0xF7, 0xC0, 0x7C, 0xFE, 0x3F, 0x8F, 0xFF, 0xE1, 0xFF,
    0xFC, 0x1F, 0xFE, 0x00, 0xFF, 0x80, 0x3C, 0x78, 0x7D, 0xF0, 0xFB, 0xE1, 0xE3, 0xC0, 0x00, 0x00,
    0x00, 0x1F, 0xF8, 0x3F, 0xF8, 0x7F, 0xF8, 0xFF, 0xF9, 0xE7, 0xF8, 0x01, 0xFF, 0xFF, 0xFF, 0xFF,
    0xFF, 0xFF, 0xFC, 0x1F, 0xFC, 0xFC, 0xFF, 0xF9, 0xFF, 0xE1, 0xFF, 0x80, 0xFE, 0x00, 0x00, 0x78,
    0xE0, 0x00, 0x03, 0xEF, 0x80, 0x00, 0x1F, 0x7C, 0x00, 0x00, 0xF1, 0xC0, 0x00, 0x00, 0x00, 0x00,
    0x00, 0x00, 0x00, 0x03, 0xF8, 0x3E, 0x0F, 0xCF, 0xC1, 0xF0, 0xFC, 0x3F, 0x0F, 0x8F, 0xE0, 0xFC,
    0x7C, 0xFE, 0x07, 0xF3, 0xE7, 0xE0, 0x1F, 0xDF, 0x7E, 0x00, 0x7F, 0xFF, 0xE0, 0x01, 0xFF, 0xFF,
    0x00, 0x07, 0xFF, 0xF0, 0x00, 0x1F, 0xFF, 0x00, 0x01, 0xFF, 0xFC, 0x00, 0x1F, 0xFF, 0xF0, 0x01,
    0xFB, 0xFF, 0xC0, 0x1F, 0x9F, 0x7E, 0x01, 0xFC, 0xF9, 0xF8, 0x0F, 0xC7, 0xC7, 0xE0, 0xFC, 0x3E,
    0x3F, 0x0F, 0xC1, 0xF0, 0xFC, 0x7E, 0x0F, 0x83, 0xF7, 0xE0, 0x7C, 0x1F, 0x80, 0x01, 0xE3, 0xC0,
    0x00, 0xFB, 0xE0, 0x00, 0x7D, 0xF0, 0x00, 0x3C, 0x78, 0x00, 0x00, 0x00, 0x00, 0x00, 0x00, 0x01,
    0xF8, 0xF8, 0xFC, 0xFC, 0x7C, 0xFC, 0x3F, 0x3E, 0xFC, 0x0F, 0xDF, 0xFE, 0x03, 0xFF, 0xFE, 0x00,
    0xFF, 0xFE, 0x00, 0x3F, 0xFE, 0x00, 0x3F, 0xFF, 0x00, 0x3F, 0xFF, 0xC0, 0x1F, 0xFF, 0xF0, 0x1F,
    0xBE, 0xFC, 0x1F, 0x9F, 0x3F, 0x1F, 0x8F, 0x9F, 0x8F, 0xC7, 0xC7, 0xEF, 0xC3, 0xE1, 0xF0, 0x1E,
    0x78, 0x1F, 0x3E, 0x0F, 0x9F, 0x03, 0xCF, 0x00, 0x00, 0x00, 0x00, 0x00, 0x7F, 0xE0, 0xFF, 0xF8,
    0x7F, 0xFE, 0x1F, 0xFF, 0x8F, 0x1F, 0xC0, 0x07, 0xE0, 0x07, 0xF0, 0x7F, 0xF0, 0x3F, 0xF0, 0x1F,
    0xFC, 0x0F, 0xFF, 0x00, 0x3F, 0x80, 0x07, 0xE0, 0x03, 0xF0, 0x01, 0xFB, 0xE3, 0xFD, 0xFF, 0xFC,
    0xFF, 0xFE, 0x7F, 0xFE, 0x0F, 0xFC, 0x00, 0x78, 0xF1, 0xF7, 0xC7, 0xDF, 0x1E, 0x3C, 0x00, 0x00,
    0x00, 0x07, 0xFE, 0x1F, 0xFC, 0x7F, 0xF9, 0xFF, 0xE3, 0x9F, 0x80, 0x3E, 0x1F, 0xF0, 0x7F, 0xC1,
    0xFF, 0x80, 0x3F, 0x78, 0xFD, 0xFF, 0xF7, 0xFF, 0x9F, 0xFE, 0x7F, 0xE0, 0x7F, 0xFF, 0x3F, 0xFF,
    0x9F, 0xFF, 0xCF, 0xFF, 0xE0, 0x07, 0xE0, 0x07, 0xE0, 0x07, 0xE0, 0x07, 0xE0, 0x07, 0xF8, 0x03,
    0xFF, 0x01, 0xFF, 0xC0, 0x1F, 0xE0, 0x01, 0xF0, 0x00, 0xFC, 0x80, 0x7E, 0xF8, 0xFE, 0x7F, 0xFF,
    0x7F, 0xFF, 0x3F, 0xFF, 0x03, 0xFF, 0x00, 0x7F, 0xFD, 0xFF, 0xF7, 0xFF, 0xDF, 0xFE, 0x01, 0xF8,
    0x0F, 0xC0, 0x7E, 0x03, 0xF0, 0x1F, 0xE0, 0x7F, 0xC1, 0xFF, 0x80, 0x7F, 0x00, 0x7C, 0x01, 0xF0,
    0x07, 0xDC, 0x7F, 0xFF, 0xFF, 0xFF, 0xEF, 0xFF, 0x1F, 0xF8, 0x0F, 0xFE, 0x03, 0xFF, 0x80, 0xFF,
    0xE0, 0x00, 0x00, 0x00, 0x00, 0x3E, 0x01, 0xFF, 0x80, 0xFF, 0xE0, 0x7F, 0xF8, 0x3F, 0xFE, 0x0F,
    0xFF, 0x87, 0xFF, 0xE3, 0xFF, 0xF9, 0xFF, 0xFE, 0x7D, 0xFF, 0xBF, 0x7F, 0xFF, 0x9F, 0xFF, 0xC7,
    0xFF, 0xE1, 0xFF, 0xF8, 0x7F, 0xFC, 0x1F, 0xFE, 0x07, 0xFF, 0x81, 0xFF, 0xC0, 0x7F, 0xE0, 0x1F,
    0xF8, 0x07, 0xC0, 0x3F, 0xF0, 0xFF, 0xC3, 0xFF, 0x00, 0x00, 0x00, 0x00, 0x00, 0x0F, 0x87, 0xFE,
    0x1F, 0xF8, 0xFF, 0xE7, 0xFF, 0xBF, 0xFE, 0xFF, 0xFF, 0xFF, 0xFF, 0xFF, 0xFF, 0xFF, 0xDF, 0xFE,
    0x7F, 0xF9, 0xFF, 0xC7, 0xFE, 0x1F, 0xF8, 0x7C, 0x0F, 0x1C, 0x03, 0xEF, 0x80, 0xFB, 0xE0, 0x3C,
    0x70, 0x00, 0x00, 0x00, 0x00, 0x0F, 0x80, 0x7F, 0xE0, 0x3F, 0xF8, 0x1F, 0xFE, 0x0F, 0xFF, 0x83,
    0xFF, 0xE1, 0xFF, 0xF8, 0xFF, 0xFE, 0x7F, 0xFF, 0x9F, 0x7F, 0xEF, 0xDF, 0xFF, 0xE7, 0xFF, 0xF1,
    0xFF, 0xF8, 0x7F, 0xFE, 0x1F, 0xFF, 0x07, 0xFF, 0x81, 0xFF, 0xE0, 0x7F, 0xF0, 0x1F, 0xF8, 0x07,
    0xFE, 0x01, 0xF0, 0x3C, 0xF1, 0xF3, 0xE7, 0xCF, 0x8F, 0x3C, 0x00, 0x00, 0x00, 0x0F, 0x87, 0xFE,
    0x1F, 0xF8, 0xFF, 0xE7, 0xFF, 0xBF, 0xFE, 0xFF, 0xFF, 0xFF, 0xFF, 0xFF, 0xFF, 0xFF, 0xDF, 0xFE,
    0x7F, 0xF9, 0xFF, 0xC7, 0xFE, 0x1F, 0xF8, 0x7C, 0x07, 0x8F, 0x00, 0x3E, 0xF8, 0x01, 0xF7, 0xC0,
    0x0F, 0x1E, 0x00, 0x00, 0x00, 0x00, 0x00, 0x00, 0x0F, 0xF8, 0x01, 0xFF, 0xF0, 0x1F, 0xFF, 0xC1,
    0xFF, 0xFF, 0x0F, 0xE3, 0xF8, 0xFC, 0x07, 0xE7, 0xC0, 0x1F, 0x7E, 0x00, 0xFF, 0xF0, 0x07, 0xFF,
    0x80, 0x3F, 0xFC, 0x01, 0xFF, 0xE0, 0x0F, 0xFF, 0x00, 0x7E, 0xF8, 0x03, 0xE7, 0xE0, 0x3F, 0x3F,
    0xC7, 0xF0, 0xFF, 0xFF, 0x83, 0xFF, 0xF8, 0x0F, 0xFF, 0x80, 0x1F, 0xF0, 0x00, 0x1E, 0x78, 0x3E,
    0x7C, 0x3E, 0x7C, 0x1E, 0x78, 0x00, 0x00, 0x00, 0x00, 0x0F, 0xF0, 0x1F, 0xF8, 0x3F, 0xFC, 0x7F,
    0xFE, 0xFE, 0xFE, 0xFC, 0x3E, 0xF8, 0x3F, 0xF8, 0x3F, 0xF8, 0x3F, 0xFC, 0x3E, 0xFE, 0x7E, 0x7F,
    0xFE, 0x3F, 0xFC, 0x1F, 0xF8, 0x0F, 0xF0, 0x03, 0xFE, 0x00, 0x7F, 0xFC, 0x07, 0xFF, 0xF0, 0x7F,
    0xFF, 0xC3, 0xF8, 0xFE, 0x3F, 0x01, 0xF9, 0xF8, 0x0F, 0xDF, 0x80, 0x3F, 0xFC, 0x01, 0xFF, 0xFF,
    0xFF, 0xFF, 0xFF, 0xFF, 0xFF, 0xFF, 0xFF, 0xC0, 0x1F, 0xBE, 0x00, 0xF9, 0xF8, 0x0F, 0xCF, 0xF1,
    0xFC, 0x3F, 0xFF, 0xE0, 0xFF, 0xFE, 0x03, 0xFF, 0xE0, 0x07, 0xFC, 0x00, 0x0F, 0xF0, 0x1F, 0xF8,
    0x3F, 0xFC, 0x7F, 0xFE, 0xFE, 0x7E, 0xF8, 0x3E, 0xFF, 0xFF, 0xFF, 0xFF, 0xF8, 0x3F, 0xFC, 0x3E,
    0xFE, 0x7E, 0x7F, 0xFE, 0x3F, 0xFC, 0x1F, 0xF8, 0x0F, 0xF0, 0x07, 0x8F, 0x00, 0x3E, 0xF8, 0x01,
    0xF7, 0xC0, 0x0F, 0x1E, 0x00, 0x00, 0x00, 0x00, 0x00, 0x00, 0x0F, 0xF8, 0x01, 0xFF, 0xF0, 0x1F,
    0xFF, 0xC1, 0xFF, 0xFF, 0x0F, 0xE3, 0xF8, 0xFC, 0x07, 0xE7, 0xE0, 0x3F, 0x7E, 0x00, 0xFF, 0xF0,
    0x07, 0xFF, 0xFF, 0xFF, 0xFF, 0xFF, 0xFF, 0xFF, 0xFF, 0xFF, 0x00, 0x7E, 0xF8, 0x03, 0xE7, 0xE0,
    0x3F, 0x3F, 0xC7, 0xF0, 0xFF, 0xFF, 0x83, 0xFF, 0xF8, 0x0F, 0xFF, 0x80, 0x1F, 0xF0, 0x00, 0x3C,
    0x78, 0x3E, 0xF8, 0x3E, 0xF8, 0x3C, 0x78, 0x00, 0x00, 0x00, 0x00, 0x0F, 0xF0, 0x1F, 0xF8, 0x3F,
    0xFC, 0x7F, 0xFE, 0xFE, 0x7E, 0xF8, 0x3E, 0xFF, 0xFF, 0xFF, 0xFF, 0xF8, 0x3F, 0xFC, 0x3E, 0xFE,
    0x7E, 0x7F, 0xFE, 0x3F, 0xFC, 0x1F, 0xF8, 0x0F, 0xF0, 0x1E, 0x78, 0x0F, 0x9F, 0x03, 0xE7, 0xC0,
    0x79, 0xE0, 0x00, 0x00, 0x00, 0x00, 0x03, 0xFF, 0x03, 0xFF, 0xF0, 0xFF, 0xFE, 0x1F, 0xFF, 0xC7,
    0x8F, 0xF0, 0x00, 0x7E, 0x00, 0x0F, 0x80, 0x03, 0xE0, 0xFF, 0xFC, 0x3F, 0xFF, 0x0F, 0xFF, 0xC3,
    0xFF, 0xF0, 0x00, 0xF8, 0x00, 0x3E, 0x40, 0x1F, 0x9F, 0x3F, 0xCF, 0xFF, 0xF3, 0xFF, 0xF8, 0xFF,
    0xFC, 0x0F, 0xFC, 0x00, 0x3C, 0xF0, 0xF9, 0xF1, 0xF3, 0xE1, 0xE7, 0x80, 0x00, 0x00, 0x00, 0x1F,
    0xF0, 0x3F, 0xF8, 0x7F, 0xF8, 0xFF, 0xF0, 0xE7, 0xF0, 0x03, 0xE0, 0xFF, 0xC1, 0xFF, 0x83, 0xFF,
    0x00, 0x3E, 0x79, 0xFC, 0xFF, 0xF1, 0xFF, 0xE3, 0xFF, 0x87, 0xFC, 0x00, 0x07, 0xFE, 0x00, 0xFF,
    0xC0, 0x1F, 0xF8, 0x00, 0x00, 0x00, 0x00, 0x01, 0xF8, 0x0F, 0xDF, 0x81, 0xF3, 0xF0, 0x3E, 0x3F,
    0x0F, 0xC7, 0xE1, 0xF0, 0x7C, 0x3E, 0x0F, 0xCF, 0xC0, 0xF9, 0xF0, 0x1F, 0xBE, 0x01, 0xFF, 0x80,
    0x1F, 0xF0, 0x03, 0xFC, 0x00, 0x3F, 0x80, 0x07, 0xF0, 0x00, 0xFC, 0x03, 0x3F, 0x80, 0xFF, 0xE0,
    0x1F, 0xF8, 0x03, 0xFE, 0x00, 0x7F, 0x80, 0x00, 0x1F, 0xF8, 0x1F, 0xF8, 0x1F, 0xF8, 0x00, 0x00,
    0x00, 0x00, 0x00, 0x00, 0xF8, 0x1F, 0xFC, 0x3E, 0x7C, 0x3E, 0x7C, 0x3E, 0x7E, 0x7C, 0x3E, 0x7C,
    0x3E, 0x7C, 0x1F, 0xF8, 0x1F, 0xF8, 0x1F, 0xF8, 0x0F, 0xF0, 0x0F, 0xF0, 0x07, 0xE0, 0x07, 0xE0,
    0x07, 0xE0, 0x4F, 0xC0, 0xFF, 0xC0, 0xFF, 0x80, 0xFF, 0x00, 0xFE, 0x00, 0x07, 0x9E, 0x01, 0xF3,
    0xE0, 0x3E, 0x7C, 0x03, 0xCF, 0x00, 0x00, 0x00, 0x00, 0x00, 0x3F, 0x01, 0xFB, 0xF0, 0x3E, 0x7E,
    0x07, 0xC7, 0xE1, 0xF8, 0xFC, 0x3E, 0x0F, 0x87, 0xC1, 0xF9, 0xF8, 0x1F, 0x3E, 0x03, 0xF7, 0xC0,
    0x3F, 0xF0, 0x03, 0xFE, 0x00, 0x7F, 0x80, 0x07, 0xF0, 0x00, 0xFE, 0x00, 0x1F, 0x80, 0x67, 0xF0,
    0x1F, 0xFC, 0x03, 0xFF, 0x00, 0x7F, 0xC0, 0x0F, 0xF0, 0x00, 0x1E, 0x78, 0x3E, 0x7C, 0x3E, 0x7C,
    0x1E, 0x78, 0x00, 0x00, 0x00, 0x00, 0xF8, 0x1F, 0xFC, 0x3E, 0x7C, 0x3E, 0x7C, 0x3E, 0x7E, 0x7C,
    0x3E, 0x7C, 0x3E, 0x7C, 0x1F, 0xF8, 0x1F, 0xF8, 0x1F, 0xF8, 0x0F, 0xF0, 0x0F, 0xF0, 0x07, 0xE0,
    0x07, 0xE0, 0x07, 0xE0, 0x4F, 0xC0, 0xFF, 0xC0, 0xFF, 0x80, 0xFF, 0x00, 0xFE, 0x00, 0x01, 0x86,
    0x00, 0x3C, 0xF0, 0x0F, 0xBE, 0x03, 0xEF, 0x80, 0x79, 0xE0, 0x0E, 0x38, 0x00, 0x00, 0x00, 0x00,
    0x00, 0xFC, 0x07, 0xEF, 0xC0, 0xF9, 0xF8, 0x1F, 0x1F, 0x87, 0xE3, 0xF0, 0xF8, 0x3E, 0x1F, 0x07,
    0xE7, 0xE0, 0x7C, 0xF8, 0x0F, 0xDF, 0x00, 0xFF, 0xC0, 0x0F, 0xF8, 0x01, 0xFE, 0x00, 0x1F, 0xC0,
    0x03, 0xF8, 0x00, 0x7E, 0x01, 0x9F, 0xC0, 0x7F, 0xF0, 0x0F, 0xFC, 0x01, 0xFF, 0x00, 0x3F, 0xC0,
    0x00, 0x03, 0x18, 0x07, 0x9E, 0x0F, 0xBE, 0x1F, 0x7C, 0x1E, 0x78, 0x1C, 0x70, 0x00, 0x00, 0x00,
    0x00, 0xF8, 0x1F, 0xFC, 0x3E, 0x7C, 0x3E, 0x7C, 0x3E, 0x7E, 0x7C, 0x3E, 0x7C, 0x3E, 0x7C, 0x1F,
    0xF8, 0x1F, 0xF8, 0x1F, 0xF8, 0x0F, 0xF0, 0x0F, 0xF0, 0x07, 0xE0, 0x07, 0xE0, 0x07, 0xE0, 0x4F,
    0xC0, 0xFF, 0xC0, 0xFF, 0x80, 0xFF, 0x00, 0xFE, 0x00, 0x1E, 0x3C, 0x0F, 0xBE, 0x07, 0xDF, 0x03,
    0xC7, 0x80, 0x00, 0x00, 0x00, 0x03, 0xE0, 0x7F, 0xF0, 0x3F, 0xF8, 0x1F, 0xFC, 0x0F, 0xFE, 0x07,
    0xFF, 0x03, 0xFF, 0x81, 0xFF, 0xC0, 0xFF, 0xF0, 0x7F, 0xFC, 0x3F, 0x7F, 0xFF, 0xBF, 0xFF, 0xCF,
    0xFF, 0xE3, 0xFF, 0xF0, 0x01, 0xF8, 0x00, 0xFC, 0x00, 0x7E, 0x00, 0x3F, 0x00, 0x1F, 0x80, 0x0F,
    0xC0, 0x3C, 0xF1, 0xF3, 0xE7, 0xCF, 0x8F, 0x3C, 0x00, 0x00, 0x00, 0x0F, 0x87, 0xFE, 0x1F, 0xF8,
    0x7F, 0xE1, 0xFF, 0x87, 0xFF, 0x1F, 0xFF, 0xFD, 0xFF, 0xF7, 0xFF, 0xC7, 0xFF, 0x00, 0x7C, 0x01,
    0xF0, 0x07, 0xC0, 0x1F, 0x00, 0x7C, 0xFF, 0xFD, 0xFF, 0xFB, 0xFF, 0xF7, 0xFF, 0xEF, 0x80, 0x1F,
    0x00, 0x3E, 0x00, 0x7C, 0x00, 0xF8, 0x01, 0xF0, 0x03, 0xE0, 0x07, 0xC0, 0x0F, 0x80, 0x1F, 0x00,
    0x3E, 0x00, 0x7C, 0x00, 0xFF, 0x81, 0xFF, 0x03, 0xFE, 0x07, 0xFC, 0x00, 0xF8, 0x01, 0xF0, 0x03,
    0xE0, 0x07, 0xC0, 0x0F, 0x80, 0xFF, 0xFF, 0xFF, 0xFF, 0xFF, 0xFF, 0x81, 0xF0, 0x3E, 0x07, 0xC0,
    0xF8, 0x1F, 0x03, 0xE0, 0x7F, 0x8F, 0xF1, 0xFE, 0x3F, 0xC0, 0xF8, 0x1F, 0x03, 0xE0, 0x7C, 0x00,
    0x03, 0xC7, 0x80, 0x07, 0xDF, 0x00, 0x0F, 0xBE, 0x00, 0x1E, 0x3C, 0x00, 0x00, 0x00, 0x00, 0x00,
    0x00, 0x3E, 0x00, 0x0F, 0xFC, 0x00, 0x1F, 0xF8, 0x00, 0x3F, 0xF0, 0x00, 0x7F, 0xE0, 0x00, 0xFF,
    0xC0, 0x01, 0xFF, 0x80, 0x03, 0xFF, 0xFE, 0x07, 0xFF, 0xFF, 0x0F, 0xFF, 0xFF, 0x1F, 0xFF, 0xFE,
    0x3F, 0xF1, 0xFE, 0x7F, 0xE0, 0xFC, 0xFF, 0xC1, 0xF9, 0xFF, 0x83, 0xF3, 0xFF, 0x1F, 0xE7, 0xFF,
    0xFF, 0x8F, 0xFF, 0xFE, 0x1F, 0xFF, 0xF8, 0x3F, 0xFF, 0xE0, 0x7C, 0x07, 0x9E, 0x00, 0xF9, 0xF0,
    0x0F, 0x9F, 0x00, 0x79, 0xE0, 0x00, 0x00, 0x00, 0x00, 0x00, 0xF8, 0x01, 0xFF, 0x80, 0x1F, 0xF8,
    0x01, 0xFF, 0x80, 0x1F, 0xF8, 0x01, 0xFF, 0xFE, 0x1F, 0xFF, 0xF1, 0xFF, 0xFF, 0x9F, 0xFF, 0xF9,
    0xFF, 0x8F, 0xDF, 0xF8, 0xFD, 0xFF, 0xFF, 0xDF, 0xFF, 0xF9, 0xFF, 0xFF, 0x1F, 0xFF, 0xE1, 0xF0,
    0x7F, 0x03, 0xE7, 0xE0, 0x7C, 0x7E, 0x0F, 0x8F, 0xE1, 0xF0, 0xFC, 0x7E, 0x0F, 0xCF, 0x81, 0xFD,
    0xF0, 0x7F, 0xFE, 0x1F, 0xFF, 0x87, 0xFF, 0xE0, 0xF9, 0xF8, 0x3F, 0x3F, 0x07, 0xC3, 0xF0, 0xF8,
    0x3E, 0x1F, 0x07, 0xE3, 0xE0, 0x7E, 0x7C, 0x07, 0xDF, 0x80, 0xFC, 0x3F, 0xF0, 0x1F, 0xFC, 0x0F,
    0xFF, 0x07, 0xFF, 0x80, 0x07, 0xE0, 0x01, 0xF0, 0x00, 0xF8, 0x00, 0x7C, 0x00, 0x3E, 0x00, 0x1F,
    0x00, 0x0F, 0x80, 0x07, 0xC0, 0x03, 0xE0, 0x01, 0xF1, 0xFF, 0xFE, 0xFF, 0xFF, 0x7F, 0xFF, 0xBF,
    0xFF, 0xC0, 0x3F, 0x03, 0xFC, 0x3F, 0xC3, 0xFE, 0x07, 0xE0, 0x3E, 0x03, 0xE0, 0x3E, 0x03, 0xE0,
    0x3E, 0x03, 0xE0, 0x3E, 0x07, 0xE1, 0xFE, 0xFF, 0xEF, 0xFE, 0xF9, 0xFF, 0x1F, 0x00, 0x00, 0xFF,
    0xFE, 0xFF, 0xFE, 0xFF, 0xFE, 0xFF, 0xFE, 0x00, 0xF8, 0x01, 0xF8, 0x01, 0xF8, 0x01, 0xF8, 0x01,
    0xF8, 0x01, 0xF8, 0x01, 0xF8, 0x01, 0xF8, 0x01, 0xF8, 0x01, 0xF8, 0x01, 0xF8, 0x01, 0xF8, 0x01,
    0xF8, 0x01, 0xF8, 0x7F, 0xFC, 0x7F, 0xFF, 0x3F, 0xFF, 0xDF, 0xFF, 0xE0, 0x01, 0xF8, 0x00, 0x7C,
    0x00, 0x3E, 0x00, 0x1F, 0xFC, 0x0F, 0xFE, 0x07, 0xFF, 0x03, 0xFF, 0x81, 0xFF, 0xC0, 0xFF, 0xE0,
    0x7F, 0xF0, 0x3F, 0xF8, 0x1F, 0xFC, 0x0F, 0xFE, 0x07, 0xC0, 0xFF, 0xFF, 0xFF, 0xF3, 0xE7, 0xCF,
    0x9F, 0x3E, 0x7C, 0xF9, 0xF3, 0xE7, 0xCF, 0x9F, 0x3E, 0x7C, 0xFF, 0xBF, 0xEF, 0xFB, 0xFE, 0x1F,
    0x0F, 0x87, 0xC1, 0xF0, 0x7C, 0x1F, 0x07, 0xC1, 0xF0, 0x7C, 0x1F, 0x07, 0xE1, 0xF8, 0x3E, 0x0F,
    0x80, 0x7F, 0xFF, 0x0F, 0xFF, 0xF1, 0xFF, 0xFF, 0x3F, 0xFF, 0xE1, 0xE0, 0x7C, 0x7C, 0x0F, 0xCF,
    0x81, 0xF9, 0xF0, 0x3F, 0x3E, 0x07, 0xE7, 0xC0, 0xFC, 0xF8, 0x1F, 0x9F, 0x03, 0xF3, 0xE0, 0x7E,
    0x7C, 0x0F, 0xCF, 0x81, 0xF9, 0xF0, 0x3F, 0x3E, 0x07, 0xE7, 0xC0, 0xFC, 0xF8, 0xFC, 0x3E, 0x7F,
    0xCF, 0x9F, 0xF3, 0xE7, 0xFE, 0xF8, 0x1F, 0xBE, 0x03, 0xEF, 0x80, 0xFB, 0xE0, 0x3E, 0xF8, 0x0F,
    0xBE, 0x03, 0xEF, 0x80, 0xFB, 0xF0, 0x3E, 0x7C, 0x1F, 0x9F, 0x8F, 0xC7, 0xFF, 0xF0, 0xFF, 0xF8,
    0x1F, 0xFC, 0x01, 0xFE, 0x00, 0xFF, 0xFF, 0xFF, 0xF3, 0xE7, 0xCF, 0x9F, 0x3E, 0x7C, 0x70, 0xFF,
    0xE1, 0xFF, 0xE3, 0xFF, 0xE7, 0xFF, 0xE0, 0x0F, 0xC0, 0x0F, 0x80, 0x1F, 0x00, 0x3E, 0x00, 0x7C,
    0x00, 0xF8, 0x01, 0xF0, 0x03, 0xE0, 0x07, 0xC0, 0x0F, 0x80, 0x1F, 0x00, 0x3E, 0x00, 0x7C, 0x00,
    0xF8, 0x01, 0xF0, 0x03, 0xE0, 0x07, 0xC0, 0x0F, 0x80, 0x1F, 0x00, 0x7F, 0xC0, 0xFF, 0xE1, 0xFF,
    0xE3, 0xFF, 0xC0, 0x0F, 0xC0, 0x0F, 0x80, 0x1F, 0x80, 0x3F, 0x00, 0x3E, 0x00, 0x7C, 0x01, 0xF8,
    0x03, 0xF0, 0x07, 0xC0, 0x1F, 0x9F, 0xFF, 0x3F, 0xFC, 0x7F, 0xF0, 0xFF, 0x80, 0x78, 0x00, 0xFC,
    0x00, 0xFC, 0x00, 0xFC, 0x00, 0xFC, 0x00, 0xFF, 0xFF, 0xFF, 0xFF, 0xFF, 0xFE, 0xFF, 0xFE, 0x00,
    0x3E, 0x00, 0x7C, 0x00, 0x7C, 0x00, 0xFC, 0x00, 0xF8, 0x00, 0xF8, 0x01, 0xF8, 0x01, 0xF0, 0x01,
    0xF0, 0x03, 0xF0, 0x03, 0xE0, 0x03, 0xE0, 0x07, 0xE0, 0x07, 0xC0, 0xFF, 0xFE, 0x3F, 0xFF, 0xCF,
    0xFF, 0xFB, 0xFF, 0xFF, 0x3E, 0x0F, 0xCF, 0x81, 0xF7, 0xE0, 0x7D, 0xF8, 0x1F, 0x7E, 0x07, 0xDF,
    0x81, 0xF7, 0xE0, 0x7D, 0xF8, 0x1F, 0x7E, 0x07, 0xDF, 0x81, 0xF7, 0xFF, 0xFD, 0xFF, 0xFF, 0x7F,
    0xFF, 0xDF, 0xFF, 0xF0, 0x7C, 0x7F, 0x07, 0xCF, 0xF8, 0x7D, 0xFF, 0xC3, 0xFF, 0xFE, 0x3F, 0xC7,
    0xE3, 0xF8, 0x3F, 0x1F, 0x81, 0xF1, 0xF0, 0x1F, 0x1F, 0x01, 0xF1, 0xF0, 0x1F, 0x1F, 0x01, 0xF3,
    0xF0, 0x3F, 0x3E, 0x03, 0xE3, 0xE0, 0x7E, 0x3E, 0x7F, 0xE3, 0xE7, 0xFC, 0x7E, 0x7F, 0x87, 0xE7,
    0xF0, 0xFF, 0xFF, 0xFF, 0xF3, 0xE7, 0xCF, 0x9F, 0x3E, 0x7C, 0xF9, 0xF3, 0xE7, 0xCF, 0x9F, 0x3E,
    0x7C, 0xF9, 0xF3, 0xE7, 0xCF, 0x80, 0x7E, 0x3F, 0x9F, 0xEF, 0xF0, 0xF8, 0x7C, 0x3E, 0x1F, 0x0F,
    0x87, 0xC3, 0xE1, 0xF0, 0xF8, 0x7F, 0xFF, 0xFF, 0xFF, 0xFF, 0xC0, 0xFF, 0xFC, 0x3F, 0xFF, 0xCF,
    0xFF, 0xF3, 0xFF, 0xFE, 0x3E, 0x0F, 0x9F, 0x03, 0xF7, 0xC0, 0x7D, 0xF0, 0x1F, 0x7C, 0x07, 0xFF,
    0x01, 0xF7, 0xC0, 0x7D, 0xF0, 0x3F, 0x7C, 0x0F, 0x9F, 0x87, 0xE3, 0xFF, 0xF8, 0xFF, 0xFC, 0x1F,
    0xFE, 0x01, 0xFE, 0x00, 0x04, 0x00, 0x1F, 0x81, 0xF3, 0xE0, 0xFC, 0xF8, 0x3F, 0x3E, 0x0F, 0x8F,
    0x83, 0xE3, 0xF0, 0xF8, 0x7C, 0x3E, 0x1F, 0x0F, 0x87, 0xC3, 0xE1, 0xF0, 0xF8, 0x3E, 0x7C, 0x0F,
    0x9F, 0x03, 0xEF, 0xC0, 0xFF, 0xE0, 0xFF, 0xF0, 0x7F, 0xF8, 0x3F, 0xFC, 0x0F, 0xF8, 0x01, 0xC0,
    0x00, 0x1F, 0xF0, 0x1F, 0xFE, 0x1F, 0xFF, 0x9F, 0xFF, 0xCF, 0xC3, 0xF7, 0xC0, 0xFB, 0xE0, 0x7D,
    0xF0, 0x3F, 0xFE, 0x1F, 0xBF, 0x0F, 0xDF, 0x87, 0xE3, 0xC3, 0xF0, 0x01, 0xF8, 0x00, 0xFC, 0x00,
    0x7E, 0x00, 0x3F, 0x00, 0x1F, 0x80, 0x0F, 0xC0, 0x07, 0xE0, 0x03, 0xF0, 0x01, 0xF8, 0x00, 0xFC,
    0x00, 0x7E, 0x1F, 0xF0, 0x1F, 0xFC, 0x1F, 0xFF, 0x1F, 0xFF, 0xCF, 0xC3, 0xF7, 0xC0, 0xFB, 0xE0,
    0x7D, 0xF0, 0x3F, 0xFE, 0x1F, 0xBF, 0x0F, 0xDF, 0x87, 0xC3, 0xC3, 0xE0, 0x03, 0xF0, 0x03, 0xFB,
    0xFF, 0xF9, 0xFF, 0xF8, 0xFF, 0xF8, 0x7F, 0xF0, 0x00, 0xFC, 0x1F, 0x3E, 0x0F, 0x9F, 0x87, 0xC7,
    0xC3, 0xE3, 0xF1, 0xF0, 0xF8, 0xF8, 0x7C, 0xF8, 0x3F, 0x7C, 0x0F, 0xFE, 0x07, 0xFE, 0x03, 0xFE,
    0x00, 0xFE, 0x00, 0x7C, 0x00, 0x3F, 0x00, 0x0F, 0x80, 0x07, 0xC0, 0x03, 0xE0, 0x00, 0xF8, 0x00,
    0x7C, 0x00, 0x3E, 0x00, 0x1F, 0x80, 0x07, 0xC0, 0x03, 0xE0, 0x7E, 0x1F, 0xBF, 0x0F, 0x8F, 0xC7,
    0xC3, 0xE3, 0xE1, 0xF9, 0xF0, 0x7C, 0xF8, 0x3F, 0xFC, 0x0F, 0xFC, 0x03, 0xFC, 0x01, 0xFE, 0x00,
    0x7E, 0x00, 0x3F, 0x00, 0x0F, 0xC0, 0x03, 0xE1, 0xFF, 0xF8, 0xFF, 0xFE, 0x7F, 0xFE, 0x3F, 0xFF,
    0x00, 0xFF, 0xFF, 0xFF, 0xFF, 0xFF, 0xFF, 0xFB, 0xFF, 0xFE, 0x00, 0x0F, 0x80, 0x07, 0xE0, 0x01,
    0xF1, 0xF0, 0x7C, 0x7C, 0x1F, 0x1F, 0x0F, 0x87, 0xC3, 0xE1, 0xF0, 0xF8, 0x7C, 0x7E, 0x1F, 0x1F,
    0x07, 0xC7, 0xC1, 0xF1, 0xF0, 0x7C, 0xFC, 0x1F, 0x3E, 0x07, 0xC0, 0x01, 0xF0, 0x00, 0x7C, 0x00,
    0x1F, 0x00, 0x07, 0xC0, 0x00, 0xFF, 0xC7, 0xFF, 0xBF, 0xFD, 0xFF, 0xF0, 0x0F, 0x80, 0x7C, 0x03,
    0xE0, 0x1F, 0x00, 0xF8, 0x07, 0xC0, 0x3E, 0x01, 0xF0, 0x0F, 0x80, 0x7C, 0x03, 0xE0, 0x1F, 0x00,
    0xF8, 0x07, 0xC0, 0xFC, 0xF9, 0xFF, 0xE7, 0xCF, 0xFF, 0x3E, 0x7F, 0xF9, 0xF3, 0xFF, 0xCF, 0x9F,
    0xFE, 0xFC, 0xFF, 0xF7, 0xC7, 0xFF, 0xFE, 0x3F, 0xFF, 0xE1, 0xFF, 0xFE, 0x0F, 0x9F, 0xE0, 0x7C,
    0xF8, 0x03, 0xE7, 0xE0, 0x3F, 0x1F, 0x83, 0xF0, 0xFF, 0xFF, 0x83, 0xFF, 0xF8, 0x0F, 0xFF, 0x80,
    0x1F, 0xF0, 0x00, 0x7F, 0xFF, 0x1F, 0xFF, 0xF3, 0xFF, 0xFF, 0x7F, 0xFF, 0xE1, 0xF0, 0x7C, 0x3E,
    0x0F, 0xC7, 0xC1, 0xF8, 0xF8, 0x3F, 0x1F, 0x07, 0xE3, 0xE0, 0xFC, 0x7C, 0x1F, 0x8F, 0x83, 0xF1,
    0xF0, 0x7E, 0x7E, 0x0F, 0xFF, 0xC1, 0xFF, 0xF0, 0x3F, 0xFE, 0x07, 0xFF, 0x80, 0xFC, 0x30, 0xF7,
    0xDE, 0x7B, 0xF7, 0xDF, 0x00, 0x1F, 0x3E, 0x3E, 0x3E, 0x7E, 0x7E, 0x7E, 0x7C, 0x7C, 0x00, 0x00,
    0x00, 0x00, 0x00, 0x00, 0x7C, 0x7E, 0xFE, 0x7E, 0x7E, 0x3C, 0x00, 0x00, 0x3F, 0xF0, 0xFF, 0xFB,
    0xFF, 0xFF, 0xFF, 0xDF, 0xFF, 0xBF, 0x06, 0x7E, 0x00, 0x7E, 0x00, 0xFF, 0x00, 0xFF, 0x00, 0xFF,
    0x00, 0x7E, 0x00, 0x7C, 0x00, 0xF8, 0x00, 0x00, 0x00, 0x00, 0x07, 0xC0, 0x1F, 0x80, 0x3F, 0x00,
    0x7E, 0x00, 0xFC, 0x00, 0x60, 0x00, 0x07, 0xC0, 0xFE, 0x0F, 0xF0, 0x7F, 0x87, 0xFC, 0x3E, 0x01,
    0xF0, 0x07, 0xCE, 0x3F, 0xF0, 0xFF, 0xFF, 0xFF, 0xFF, 0xEF, 0xFC, 0x3F, 0x01, 0xC0, 0x00, 0xFF,
    0xFF, 0xFF, 0xFF, 0xFF, 0xFF, 0xF8, 0x18, 0x7C, 0x7C, 0x70, 0x70, 0x7E, 0x7E, 0x7C, 0x40, 0x00,
    0x61, 0xE7, 0xEF, 0xEF, 0x8E, 0x08, 0x79, 0xF3, 0xE7, 0xCF, 0xCF, 0x9F, 0x3E, 0x7C, 0xF9, 0xF1,
    0xF3, 0xE7, 0xCF, 0x9F, 0x3E, 0x7C, 0xF9, 0xF0, 0x00, 0x78, 0x3D, 0xF0, 0x7F, 0xE0, 0xF3, 0xFF,
    0xE7, 0xFF, 0xCF, 0xFF, 0x1F, 0xFE, 0x3F, 0xF0, 0x7C, 0x00, 0x7C, 0x00, 0xF8, 0x01, 0xF0, 0x03,
    0xE0, 0x07, 0xC0, 0x0F, 0x80, 0x1F, 0x00, 0x3E, 0x00, 0x3C, 0x00, 0x78, 0x00, 0xF0, 0x00, 0x00,
    0x00, 0x78, 0x07, 0x7C, 0xF7, 0xBF, 0x7B, 0xCF, 0xBD, 0xF7, 0xFF, 0xFB, 0xFF, 0xFD, 0xFF, 0xFC,
    0xFF, 0xFC, 0x7F, 0x18, 0x1F, 0x00, 0x0F, 0x80, 0x07, 0xC0, 0x03, 0xE0, 0x01, 0xF0, 0x00, 0xF8,
    0x00, 0x7C, 0x00, 0x3E, 0x00, 0x0F, 0x00, 0x07, 0x80, 0x03, 0xC0, 0x00, 0x00, 0x00, 0x00, 0x00,
    0x38, 0x07, 0xC0, 0x7F, 0x07, 0xF8, 0x7F, 0x03, 0xE0, 0x1F, 0x00, 0xF8, 0x07, 0xF8, 0x1F, 0xC0,
    0x7F, 0x07, 0xF0, 0x3F, 0x03, 0xE0, 0x1F, 0x00, 0xF8, 0x37, 0xFF, 0xBF, 0xFE, 0xFF, 0xF3, 0xFF,
    0x01, 0x80, 0x07, 0xC0, 0x3F, 0x81, 0xFF, 0x0F, 0xFE, 0x7F, 0xF9, 0xF1, 0xF7, 0xC7, 0xDE, 0x1F,
    0xF8, 0x7F, 0xE1, 0xF7, 0x87, 0xDF, 0xBF, 0x7F, 0xFC, 0xFF, 0xE3, 0xFF, 0x03, 0xF8, 0x00, 0x01,
    0xFF, 0xF3, 0xFF, 0xE7, 0xFF, 0xCF, 0xFF, 0x8F, 0xFF, 0x00, 0x3E, 0x00, 0x7C, 0x00, 0xF8, 0x01,
    0xF0, 0x01, 0xE0, 0x03, 0xC0, 0x07, 0xC0, 0x0F, 0x80, 0x1F, 0x00, 0x3E, 0x00, 0x7C, 0x00, 0xF8,
    0x00, 0xF0, 0x01, 0xF0, 0x03, 0xE0, 0x06, 0x00, 0x00, 0x00, 0x3C, 0x07, 0xBE, 0x03, 0xFF, 0x83,
    0xE7, 0xC1, 0xF3, 0xE1, 0xF9, 0xF8, 0xF8, 0x7C, 0x7C, 0x3E, 0x7C, 0x1F, 0x3E, 0x07, 0xDF, 0x03,
    0xEF, 0x01, 0xFF, 0x80, 0x7F, 0xC0, 0x3F, 0xC0, 0x1F, 0xE0, 0x07, 0xF0, 0x03, 0xF8, 0x01, 0xF8,
    0x00, 0xFC, 0x00, 0x3E, 0x00, 0x18, 0x00, 0x03, 0xE0, 0x01, 0xF0, 0x00, 0xF8, 0x00, 0xFE, 0x00,
    0x7F, 0x00, 0x3F, 0x80, 0x3F, 0xE0, 0x1F, 0xF0, 0x0F, 0xF8, 0x0F, 0xBE, 0x07, 0xDF, 0x03, 0xEF,
    0x83, 0xE7, 0xC1, 0xF1, 0xF0, 0xF8, 0xF8, 0xF8, 0x7C, 0x7C, 0x1F, 0x7E, 0x0F, 0xBE, 0x07, 0xFF,
    0x01, 0xF1, 0x00, 0xC0, 0x0F, 0xC0, 0x7F, 0xC0, 0xFF, 0xC3, 0xFF, 0x87, 0xFF, 0x9F, 0x1F, 0x3E,
    0x3E, 0x7E, 0x7C, 0xFF, 0xF8, 0xFF, 0xF1, 0xFF, 0xE0, 0xFF, 0xC0, 0x37, 0xC0, 0x0F, 0x80, 0x1F,
    0x00, 0x3E, 0x00, 0x7C, 0x00, 0xF8, 0x00, 0xF0, 0x01, 0xE0, 0x00, 0x00, 0x40, 0x00, 0x1F, 0x00,
    0x00, 0xF8, 0x00, 0x03, 0xE3, 0x80, 0x1F, 0x3E, 0x00, 0xF9, 0xF0, 0x07, 0xCF, 0x80, 0x1F, 0x78,
    0x00, 0xFF, 0xC0, 0x07, 0xBE, 0x00, 0x7D, 0xF8, 0x03, 0xE7, 0xE0, 0x3F, 0x3F, 0xFF, 0xF0, 0xFF,
    0xFF, 0x07, 0xFF, 0xF8, 0x0F, 0xFF, 0x00, 0x1F, 0xE0, 0x00, 0xFF, 0xFF, 0xFF, 0x06, 0x00, 0x78,
    0x07, 0xE0, 0x3F, 0x81, 0xFE, 0x0F, 0xF8, 0xFF, 0xCF, 0xBF, 0x7C, 0xFB, 0xC7, 0xFE, 0x3F, 0xF9,
    0xF7, 0xFF, 0xBF, 0xF8, 0xFF, 0xC3, 0xF8, 0x00, 0x00, 0x00, 0x61, 0xE7, 0xEF, 0xEF, 0x8E, 0x08,
    0x79, 0xF3, 0xE7, 0xCF, 0xCF, 0x9F, 0x3E, 0x7C, 0xF9, 0xF1, 0xF3, 0xE7, 0xCF, 0x9F, 0x3E, 0x7C,
    0xF9, 0xF0, 0x00, 0x78, 0x3D, 0xF0, 0x7F, 0xE0, 0xF3, 0xFF, 0xE7, 0xFF, 0xCF, 0xFF, 0x1F, 0xFE,
    0x3F, 0xF0, 0x7C, 0x00, 0x7C, 0x00, 0xF8, 0x01, 0xF0, 0x03, 0xE0, 0x07, 0xC0, 0x0F, 0x80, 0x1F,
    0x00, 0x3E, 0x00, 0x3C, 0x00, 0x78, 0x00, 0xF0, 0x00, 0x00, 0x00, 0x78, 0x07, 0x7C, 0xF7, 0xBF,
    0x7B, 0xCF, 0xBD, 0xF7, 0xFF, 0xFB, 0xFF, 0xFD, 0xFF, 0xFC, 0xFF, 0xFC, 0x7F, 0x18, 0x1F, 0x00,
    0x0F, 0x80, 0x07, 0xC0, 0x03, 0xE0, 0x01, 0xF0, 0x00, 0xF8, 0x00, 0x7C, 0x00, 0x3E, 0x00, 0x0F,
    0x00, 0x07, 0x80, 0x03, 0xC0, 0x00, 0x00, 0x00, 0x78, 0xF9, 0xF3, 0xF3, 0xEF, 0xE7, 0xDF, 0xC7,
    0xFE, 0x0F, 0xBF, 0x9F, 0xFF, 0x3F, 0xFF, 0x7F, 0xFE, 0xFF, 0xF0, 0xF0, 0x01, 0xF0, 0x03, 0xE0,
    0x07, 0xC0, 0x0F, 0x80, 0x1F, 0x00, 0x3E, 0x00, 0x7C, 0x00, 0xF8, 0x01, 0xF0, 0x00, 0x00, 0x00,
    0x01, 0x80, 0x03, 0xC0, 0x07, 0xC0, 0x07, 0xE0, 0x07, 0xF0, 0x07, 0xF8, 0x0F, 0xF8, 0x1F, 0xFC,
    0x1F, 0x7E, 0x3E, 0x3E, 0x3E, 0x3E, 0x7C, 0x1F, 0x7C, 0x1F, 0x78, 0x1F, 0x79, 0xDF, 0x7F, 0xDF,
    0x7F, 0xFF, 0x7F, 0xFE, 0x7F, 0xFE, 0x3F, 0x7C, 0x07, 0xE0, 0x7F, 0x83, 0xFE, 0x0F, 0xF8, 0x3E,
    0x21, 0xF0, 0x07, 0xC0, 0x0F, 0x84, 0x3F, 0xF8, 0x7F, 0xE0, 0xFF, 0xC1, 0xFE, 0x07, 0xF0, 0x3F,
    0x81, 0xFC, 0x0F, 0xE0, 0x3F, 0x01, 0xF8, 0x07, 0xE0, 0x1F, 0x00, 0x18, 0x00, 0x00, 0x00, 0x3C,
    0x07, 0xBE, 0x03, 0xFF, 0x83, 0xE7, 0xC1, 0xF3, 0xE1, 0xF9, 0xF8, 0xF8, 0x7C, 0x7C, 0x3E, 0x7C,
    0x1F, 0x3E, 0x07, 0xDF, 0x03, 0xEF, 0x01, 0xFF, 0x80, 0x7F, 0xC0, 0x3F, 0xC0, 0x1F, 0xE0, 0x07,
    0xF0, 0x03, 0xF8, 0x01, 0xF8, 0x00, 0xFC, 0x00, 0x3E, 0x00, 0x18, 0x00, 0x03, 0xE0, 0x01, 0xF0,
    0x00, 0xF8, 0x00, 0xFE, 0x00, 0x7F, 0x00, 0x3F, 0x80, 0x3F, 0xE0, 0x1F, 0xF0, 0x0F, 0xF8, 0x0F,
    0xBE, 0x07, 0xDF, 0x03, 0xEF, 0x83, 0xE7, 0xC1, 0xF1, 0xF0, 0xF8, 0xF8, 0xF8, 0x7C, 0x7C, 0x1F,
    0x7E, 0x0F, 0xBE, 0x07, 0xFF, 0x01, 0xF1, 0x00, 0xC0, 0x0F, 0xC0, 0x7F, 0xC0, 0xFF, 0xC3, 0xFF,
    0x87, 0xFF, 0x9F, 0x1F, 0x3E, 0x3E, 0x7E, 0x7C, 0xFF, 0xF8, 0xFF, 0xF1, 0xFF, 0xE0, 0xFF, 0xC0,
    0x37, 0xC0, 0x0F, 0x80, 0x1F, 0x00, 0x3E, 0x00, 0x7C, 0x00, 0xF8, 0x00, 0xF0, 0x01, 0xE0, 0x00,
    0xF8, 0x00, 0x07, 0xC0, 0x00, 0x7F, 0x00, 0x03, 0xF8, 0x00, 0x3F, 0xE0, 0x01, 0xFF, 0x00, 0x1F,
    0xFC, 0x00, 0xFB, 0xE0, 0x07, 0xDF, 0x00, 0x7C, 0x7C, 0x03, 0xE3, 0xE0, 0x3E, 0x1F, 0x81, 0xF0,
    0x7C, 0x0F, 0xFF, 0xE0, 0xFF, 0xFF, 0x87, 0xFF, 0xFC, 0x3F, 0xFF, 0xF3, 0xF0, 0x1F, 0x9F, 0x00,
    0x7D, 0xF8, 0x03, 0xFF, 0xC0, 0x1F, 0x80, 0x00, 0x00, 0x01, 0xC0, 0x00, 0x1F, 0x00, 0x00, 0xF8,
    0x00, 0x07, 0xC0, 0x00, 0x1E, 0x00, 0x00, 0x00, 0x00, 0x3F, 0xC1, 0xFF, 0xC7, 0xFF, 0x9F, 0xFE,
    0x20, 0xF8, 0x01, 0xF1, 0xFF, 0xDF, 0xFF, 0xFF, 0xFF, 0xFF, 0xFF, 0x87, 0xFE, 0x1F, 0xFC, 0x7F,
    0xFF, 0xF7, 0xFF, 0xCF, 0xFF, 0x0F, 0xC0, 0x0C, 0x00, 0x78, 0x03, 0xF0, 0x07, 0xC0, 0x1E, 0x00,
    0x00, 0x00, 0x01, 0xF8, 0x00, 0x0F, 0xE0, 0x00, 0x7F, 0x00, 0x00, 0x78, 0x00, 0x07, 0xC0, 0x00,
    0x3C, 0x00, 0x01, 0xC0, 0x00, 0x1F, 0x00, 0x00, 0xF8, 0x00, 0x0F, 0xE0, 0x00, 0x7F, 0x00, 0x07,
    0xFC, 0x00, 0x3F, 0xE0, 0x03, 0xFF, 0x80, 0x1F, 0x7C, 0x00, 0xFB, 0xE0, 0x0F, 0x8F, 0x80, 0x7C,
    0x7C, 0x07, 0xC3, 0xF0, 0x3E, 0x0F, 0x81, 0xFF, 0xFC, 0x1F, 0xFF, 0xF0, 0xFF, 0xFF, 0x87, 0xFF,
    0xFE, 0x7E, 0x03, 0xF3, 0xE0, 0x0F, 0xBF, 0x00, 0x7F, 0xF8, 0x03, 0xF0, 0x0F, 0x80, 0x3F, 0x00,
    0xFE, 0x00, 0x78, 0x07, 0xC0, 0x1E, 0x00, 0x78, 0x0F, 0xF0, 0x7F, 0xF1, 0xFF, 0xE7, 0xFF, 0x88,
    0x3E, 0x00, 0x7C, 0x7F, 0xF7, 0xFF, 0xFF, 0xFF, 0xFF, 0xFF, 0xE1, 0xFF, 0x87, 0xFF, 0x1F, 0xFF,
    0xFD, 0xFF, 0xF3, 0xFF, 0xC3, 0xF0, 0x00, 0x00, 0x40, 0x00, 0x07, 0x00, 0x00, 0x7C, 0x00, 0x07,
    0xE0, 0x02, 0x7E, 0x00, 0x3B, 0xC0, 0x07, 0xFC, 0x00, 0x7F, 0xC0, 0x03, 0xFE, 0x00, 0x1C, 0x70,
    0x00, 0x00, 0x00, 0x01, 0xF0, 0x00, 0x0F, 0x80, 0x00, 0xFE, 0x00, 0x07, 0xF0, 0x00, 0x7F, 0xC0,
    0x03, 0xFE, 0x00, 0x3F, 0xF8, 0x01, 0xF7, 0xC0, 0x0F, 0xBE, 0x00, 0xF8, 0xF8, 0x07, 0xC7, 0xC0,
    0x7C, 0x3F, 0x03, 0xE0, 0xF8, 0x1F, 0xFF, 0xC1, 0xFF, 0xFF, 0x0F, 0xFF, 0xF8, 0x7F, 0xFF, 0xE7,
    0xE0, 0x3F, 0x3E, 0x00, 0xFB, 0xF0, 0x07, 0xFF, 0x80, 0x3F, 0x00, 0x04, 0x00, 0x07, 0x00, 0x07,
    0xC0, 0x07, 0xE0, 0x27, 0xE0, 0x3F, 0xE0, 0x7F, 0x40, 0x7F, 0xC0, 0x3D, 0xE0, 0x0C, 0x70, 0x00,
    0x00, 0x07, 0xF8, 0x07, 0xFF, 0x03, 0xFF, 0xC1, 0xFF, 0xE0, 0x41, 0xF0, 0x00, 0x7C, 0x0F, 0xFE,
    0x1F, 0xFF, 0x1F, 0xFF, 0x8F, 0xFF, 0xC7, 0xC3, 0xE3, 0xE1, 0xF1, 0xF8, 0xF8, 0xFF, 0xFC, 0x3F,
    0xFE, 0x0F, 0xFF, 0x01, 0xF8, 0x00, 0x00, 0x0C, 0x00, 0x00, 0xE0, 0x00, 0x0F, 0x80, 0x00, 0x3E,
    0x00, 0x02, 0xF8, 0x00, 0x3B, 0xC0, 0x07, 0xEC, 0x00, 0x7F, 0xC0, 0x03, 0xFE, 0x00, 0x1C, 0x70,
    0x00, 0x00, 0x00, 0x01, 0xF0, 0x00, 0x0F, 0x80, 0x00, 0xFE, 0x00, 0x07, 0xF0, 0x00, 0x7F, 0xC0,
    0x03, 0xFE, 0x00, 0x3F, 0xF8, 0x01, 0xF7, 0xC0, 0x0F, 0xBE, 0x00, 0xF8, 0xF8, 0x07, 0xC7, 0xC0,
    0x7C, 0x3F, 0x03, 0xE0, 0xF8, 0x1F, 0xFF, 0xC1, 0xFF, 0xFF, 0x0F, 0xFF, 0xF8, 0x7F, 0xFF, 0xE7,
    0xE0, 0x3F, 0x3E, 0x00, 0xFB, 0xF0, 0x07, 0xFF, 0x80, 0x3F, 0x00, 0x60, 0x03, 0x80, 0x1F, 0x00,
    0x3E, 0x02, 0x7C, 0x1E, 0xF1, 0xFD, 0x0F, 0xF8, 0x3D, 0xE0, 0x63, 0x80, 0x00, 0x0F, 0xF0, 0x7F,
    0xF1, 0xFF, 0xE7, 0xFF, 0x88, 0x3E, 0x00, 0x7C, 0x7F, 0xF7, 0xFF, 0xFF, 0xFF, 0xFF, 0xFF, 0xE1,
    0xFF, 0x87, 0xFF, 0x1F, 0xFF, 0xFD, 0xFF, 0xF3, 0xFF, 0xC3, 0xF0, 0x00, 0x0F, 0x80, 0x00, 0x7E,
    0x00, 0x03, 0xF8, 0x00, 0x1F, 0xC0, 0x00, 0x3E, 0x00, 0x13, 0xE0, 0x01, 0xDE, 0x00, 0x3F, 0x00,
    0x03, 0xFE, 0x00, 0x1F, 0xF0, 0x00, 0xE3, 0x80, 0x00, 0x00, 0x00, 0x0F, 0x80, 0x00, 0x7C, 0x00,
    0x07, 0xF0, 0x00, 0x3F, 0x80, 0x03, 0xFE, 0x00, 0x1F, 0xF0, 0x01, 0xFF, 0xC0, 0x0F, 0xBE, 0x00,
    0x7D, 0xF0, 0x07, 0xC7, 0xC0, 0x3E, 0x3E, 0x03, 0xE1, 0xF8, 0x1F, 0x07, 0xC0, 0xFF, 0xFE, 0x0F,
    0xFF, 0xF8, 0x7F, 0xFF, 0xC3, 0xFF, 0xFF, 0x3F, 0x01, 0xF9, 0xF0, 0x07, 0xDF, 0x80, 0x3F, 0xFC,
    0x01, 0xF8, 0x00, 0x00, 0x00, 0xFC, 0x00, 0x7E, 0x00, 0x7F, 0x00, 0x0E, 0x02, 0x3E, 0x07, 0xBC,
    0x1F, 0xF8, 0x3F, 0xE0, 0x3D, 0xE0, 0x18, 0xE0, 0x00, 0x00, 0x3F, 0xC0, 0x7F, 0xF0, 0x7F, 0xF8,
    0x7F, 0xF8, 0x20, 0xF8, 0x00, 0x7C, 0x1F, 0xFC, 0x7F, 0xFC, 0xFF, 0xFC, 0xFF, 0xFC, 0xF8, 0x7C,
    0xF8, 0x7C, 0xFC, 0x7C, 0xFF, 0xFC, 0x7F, 0xFC, 0x3F, 0xFC, 0x0F, 0xC0, 0x01, 0xC6, 0x00, 0x1F,
    0xF8, 0x01, 0xFF, 0xC0, 0x0F, 0xFC, 0x00, 0x31, 0xC0, 0x00, 0x10, 0x00, 0x01, 0xC0, 0x00, 0x3F,
    0x00, 0x03, 0xFE, 0x00, 0x1F, 0xF0, 0x00, 0xE3, 0x80, 0x00, 0x00, 0x00, 0x0F, 0x80, 0x00, 0x7C,
    0x00, 0x07, 0xF0, 0x00, 0x3F, 0x80, 0x03, 0xFE, 0x00, 0x1F, 0xF0, 0x01, 0xFF, 0xC0, 0x0F, 0xBE,
    0x00, 0x7D, 0xF0, 0x07, 0xC7, 0xC0, 0x3E, 0x3E, 0x03, 0xE1, 0xF8, 0x1F, 0x07, 0xC0, 0xFF, 0xFE,
    0x0F, 0xFF, 0xF8, 0x7F, 0xFF, 0xC3, 0xFF, 0xFF, 0x3F, 0x01, 0xF9, 0xF0, 0x07, 0xDF, 0x80, 0x3F,
    0xFC, 0x01, 0xF8, 0x1E, 0x60, 0xFF, 0xC7, 0xFF, 0x1F, 0xF8, 0x31, 0xC0, 0x08, 0x00, 0x78, 0x07,
    0xF0, 0x3F, 0xE0, 0xF7, 0x81, 0x8E, 0x00, 0x00, 0x3F, 0xC1, 0xFF, 0xC7, 0xFF, 0x9F, 0xFE, 0x20,
    0xF8, 0x01, 0xF1, 0xFF, 0xDF, 0xFF, 0xFF, 0xFF, 0xFF, 0xFF, 0x87, 0xFE, 0x1F, 0xFC, 0x7F, 0xFF,
    0xF7, 0xFF, 0xCF, 0xFF, 0x0F, 0xC0, 0x00, 0x20, 0x00, 0x03, 0x80, 0x00, 0x7E, 0x00, 0x07, 0xFC,
    0x00, 0x3F, 0xE0, 0x01, 0xC7, 0x00, 0x00, 0x00, 0x00, 0x1F, 0x00, 0x00, 0xF8, 0x00, 0x0F, 0xE0,
    0x00, 0x7F, 0x00, 0x07, 0xFC, 0x00, 0x3F, 0xE0, 0x03, 0xFF, 0x80, 0x1F, 0x7C, 0x00, 0xFB, 0xE0,
    0x0F, 0x8F, 0x80, 0x7C, 0x7C, 0x07, 0xC3, 0xF0, 0x3E, 0x0F, 0x81, 0xFF, 0xFC, 0x1F, 0xFF, 0xF0,
    0xFF, 0xFF, 0x87, 0xFF, 0xFE, 0x7E, 0x03, 0xF3, 0xE0, 0x0F, 0xBF, 0x00, 0x7F, 0xF8, 0x03, 0xF0,
    0x00, 0x00, 0x00, 0x38, 0x00, 0x03, 0xE0, 0x00, 0x1F, 0x00, 0x00, 0xF8, 0x00, 0x03, 0xC0, 0x00,
    0x00, 0x00, 0x02, 0x00, 0x1E, 0x01, 0xFC, 0x0F, 0xF8, 0x3D, 0xE0, 0x63, 0x80, 0x00, 0x0F, 0xF0,
    0x7F, 0xF1, 0xFF, 0xE7, 0xFF, 0x88, 0x3E, 0x00, 0x7C, 0x7F, 0xF7, 0xFF, 0xFF, 0xFF, 0xFF, 0xFF,
    0xE1, 0xFF, 0x87, 0xFF, 0x1F, 0xFF, 0xFD, 0xFF, 0xF3, 0xFF, 0xC3, 0xF0, 0x03, 0x00, 0x1E, 0x00,
    0xFC, 0x01, 0xF0, 0x07, 0x80, 0x00, 0x00, 0x00, 0x0C, 0x00, 0x00, 0xF0, 0x00, 0x0F, 0xC0, 0x00,
    0x7C, 0x00, 0x07, 0xC0, 0x00, 0x3C, 0x00, 0x0E, 0xFC, 0x00, 0x79, 0xE0, 0x03, 0xFE, 0x00, 0x0F,
    0xF0, 0x00, 0x3F, 0x00, 0x00, 0x00, 0x00, 0x0F, 0x80, 0x00, 0x7C, 0x00, 0x07, 0xF0, 0x00, 0x3F,
    0x80, 0x03, 0xFE, 0x00, 0x1F, 0xF0, 0x01, 0xFF, 0xC0, 0x0F, 0xBE, 0x00, 0x7D, 0xF0, 0x07, 0xC7,
    0xC0, 0x3E, 0x3E, 0x03, 0xE1, 0xF8, 0x1F, 0x07, 0xC0, 0xFF, 0xFE, 0x0F, 0xFF, 0xF8, 0x7F, 0xFF,
    0xC3, 0xFF, 0xFF, 0x3F, 0x01, 0xF9, 0xF0, 0x07, 0xDF, 0x80, 0x3F, 0xFC, 0x01, 0xF8, 0x00, 0x40,
    0x03, 0x80, 0x1F, 0x00, 0xFC, 0x07, 0xC0, 0x1E, 0x03, 0xB7, 0x0F, 0x3C, 0x3F, 0xF0, 0x7F, 0xC1,
    0xFE, 0x01, 0xE0, 0x00, 0x00, 0xFF, 0x07, 0xFF, 0x1F, 0xFE, 0x7F, 0xF8, 0x83, 0xE0, 0x07, 0xC7,
    0xFF, 0x7F, 0xFF, 0xFF, 0xFF, 0xFF, 0xFE, 0x1F, 0xF8, 0x7F, 0xF1, 0xFF, 0xFF, 0xDF, 0xFF, 0x3F,
    0xFC, 0x3F, 0x00, 0x00, 0x80, 0x00, 0x0E, 0x00, 0x00, 0xF8, 0x00, 0x03, 0xE0, 0x00, 0x0F, 0x80,
    0x00, 0x3C, 0x00, 0x0E, 0xFC, 0x00, 0x79, 0xE0, 0x03, 0xFE, 0x00, 0x0F, 0xF0, 0x00, 0x3F, 0x00,
    0x00, 0x00, 0x00, 0x0F, 0x80, 0x00, 0x7C, 0x00, 0x07, 0xF0, 0x00, 0x3F, 0x80, 0x03, 0xFE, 0x00,
    0x1F, 0xF0, 0x01, 0xFF, 0xC0, 0x0F, 0xBE, 0x00, 0x7D, 0xF0, 0x07, 0xC7, 0xC0, 0x3E, 0x3E, 0x03,
    0xE1, 0xF8, 0x1F, 0x07, 0xC0, 0xFF, 0xFE, 0x0F, 0xFF, 0xF8, 0x7F, 0xFF, 0xC3, 0xFF, 0xFF, 0x3F,
    0x01, 0xF9, 0xF0, 0x07, 0xDF, 0x80, 0x3F, 0xFC, 0x01, 0xF8, 0x00, 0x00, 0x30, 0x03, 0xE0, 0x0F,
    0xC0, 0x1F, 0x80, 0x1E, 0x03, 0xBF, 0x0F, 0x3C, 0x3F, 0xF0, 0x7F, 0xC1, 0xFE, 0x01, 0xE0, 0x00,
    0x00, 0xFF, 0x07, 0xFF, 0x1F, 0xFE, 0x7F, 0xF8, 0x83, 0xE0, 0x07, 0xC7, 0xFF, 0x7F, 0xFF, 0xFF,
    0xFF, 0xFF, 0xFE, 0x1F, 0xF8, 0x7F, 0xF1, 0xFF, 0xFF, 0xDF, 0xFF, 0x3F, 0xFC, 0x3F, 0x00, 0x00,
    0x00, 0x00, 0x0F, 0xC0, 0x00, 0x7F, 0x00, 0x01, 0xF8, 0x00, 0x03, 0xC0, 0x00, 0x3E, 0x00, 0x01,
    0xC0, 0x00, 0x0E, 0x00, 0x03, 0x8F, 0x00, 0x1E, 0x78, 0x00, 0xFF, 0x80, 0x03, 0xFC, 0x00, 0x0F,
    0xC0, 0x00, 0x00, 0x00, 0x03, 0xE0, 0x00, 0x1F, 0x00, 0x01, 0xFC, 0x00, 0x0F, 0xE0, 0x00, 0xFF,
    0x80, 0x07, 0xFC, 0x00, 0x7F, 0xF0, 0x03, 0xEF, 0x80, 0x1F, 0x7C, 0x01, 0xF1, 0xF0, 0x0F, 0x8F,
    0x80, 0xF8, 0x7E, 0x07, 0xC1, 0xF0, 0x3F, 0xFF, 0x83, 0xFF, 0xFE, 0x1F, 0xFF, 0xF0, 0xFF, 0xFF,
    0xCF, 0xC0, 0x7E, 0x7C, 0x01, 0xF7, 0xE0, 0x0F, 0xFF, 0x00, 0x7E, 0x07, 0x00, 0x3F, 0x00, 0xFE,
    0x03, 0xF8, 0x03, 0xE0, 0x1F, 0x00, 0x78, 0x0E, 0x1C, 0x3C, 0xF0, 0xFF, 0xC1, 0xFF, 0x07, 0xF8,
    0x07, 0x80, 0x00, 0x03, 0xFC, 0x1F, 0xFC, 0x7F, 0xF9, 0xFF, 0xE2, 0x0F, 0x80, 0x1F, 0x1F, 0xFD,
    0xFF, 0xFF, 0xFF, 0xFF, 0xFF, 0xF8, 0x7F, 0xE1, 0xFF, 0xC7, 0xFF, 0xFF, 0x7F, 0xFC, 0xFF, 0xF0,
    0xFC, 0x00, 0x00, 0x82, 0x00, 0x1F, 0xF8, 0x00, 0xFF, 0xC0, 0x0F, 0xFE, 0x00, 0x33, 0xE0, 0x00,
    0x00, 0x00, 0x0E, 0x3C, 0x00, 0x79, 0xE0, 0x03, 0xFE, 0x00, 0x0F, 0xF0, 0x00, 0x3F, 0x00, 0x00,
    0x00, 0x00, 0x0F, 0x80, 0x00, 0x7C, 0x00, 0x07, 0xF0, 0x00, 0x3F, 0x80, 0x03, 0xFE, 0x00, 0x1F,
    0xF0, 0x01, 0xFF, 0xC0, 0x0F, 0xBE, 0x00, 0x7D, 0xF0, 0x07, 0xC7, 0xC0, 0x3E, 0x3E, 0x03, 0xE1,
    0xF8, 0x1F, 0x07, 0xC0, 0xFF, 0xFE, 0x0F, 0xFF, 0xF8, 0x7F, 0xFF, 0xC3, 0xFF, 0xFF, 0x3F, 0x01,
    0xF9, 0xF0, 0x07, 0xDF, 0x80, 0x3F, 0xFC, 0x01, 0xF8, 0x0E, 0x20, 0xFF, 0xE3, 0xFF, 0x0F, 0xFC,
    0x11, 0xC0, 0xE1, 0xC3, 0xCF, 0x0F, 0xFC, 0x1F, 0xF0, 0x7F, 0x80, 0x78, 0x00, 0x00, 0x3F, 0xC1,
    0xFF, 0xC7, 0xFF, 0x9F, 0xFE, 0x20, 0xF8, 0x01, 0xF1, 0xFF, 0xDF, 0xFF, 0xFF, 0xFF, 0xFF, 0xFF,
    0x87, 0xFE, 0x1F, 0xFC, 0x7F, 0xFF, 0xF7, 0xFF, 0xCF, 0xFF, 0x0F, 0xC0, 0x03, 0x8F, 0x00, 0x1E,
    0x78, 0x00, 0xFF, 0x80, 0x03, 0xFC, 0x00, 0x0F, 0xC0, 0x00, 0x00, 0x00, 0x03, 0xE0, 0x00, 0x1F,
    0x00, 0x01, 0xFC, 0x00, 0x0F, 0xE0, 0x00, 0xFF, 0x80, 0x07, 0xFC, 0x00, 0x7F, 0xF0, 0x03, 0xEF,
    0x80, 0x1F, 0x7C, 0x01, 0xF1, 0xF0, 0x0F, 0x8F, 0x80, 0xF8, 0x7E, 0x07, 0xC1, 0xF0, 0x3F, 0xFF,
    0x83, 0xFF, 0xFE, 0x1F, 0xFF, 0xF0, 0xFF, 0xFF, 0xCF, 0xC0, 0x7E, 0x7C, 0x01, 0xF7, 0xE0, 0x0F,
    0xFF, 0x00, 0x7E, 0x00, 0x00, 0x00, 0x07, 0x00, 0x00, 0x7C, 0x00, 0x03, 0xE0, 0x00, 0x1F, 0x00,
    0x00, 0x78, 0x00, 0x00, 0x00, 0x00, 0x38, 0x70, 0xF3, 0xC3, 0xFF, 0x07, 0xFC, 0x1F, 0xE0, 0x1E,
    0x00, 0x00, 0x0F, 0xF0, 0x7F, 0xF1, 0xFF, 0xE7, 0xFF, 0x88, 0x3E, 0x00, 0x7C, 0x7F, 0xF7, 0xFF,
    0xFF, 0xFF, 0xFF, 0xFF, 0xE1, 0xFF, 0x87, 0xFF, 0x1F, 0xFF, 0xFD, 0xFF, 0xF3, 0xFF, 0xC3, 0xF0,
    0x03, 0x00, 0x1E, 0x00, 0xFC, 0x01, 0xF0, 0x07, 0x80, 0x00, 0x00, 0xFF, 0xFD, 0xFF, 0xFB, 0xFF,
    0xF7, 0xFF, 0xEF, 0xFF, 0xDF, 0x00, 0x3E, 0x00, 0x7C, 0x00, 0xFF, 0xF9, 0xFF, 0xF3, 0xFF, 0xE7,
    0xFF, 0xCF, 0xFF, 0x9F, 0x00, 0x3E, 0x00, 0x7C, 0x00, 0xF8, 0x01, 0xFF, 0xFF, 0xFF, 0xFF, 0xFF,
    0xFF, 0xFF, 0xE0, 0x00, 0x00, 0xC0, 0x03, 0xC0, 0x0F, 0x80, 0x1F, 0x00, 0x1E, 0x00, 0x00, 0x00,
    0x07, 0xE0, 0x3F, 0xE0, 0xFF, 0xE3, 0xFF, 0xE7, 0xE7, 0xFF, 0x87, 0xFF, 0xFF, 0xFF, 0xFF, 0xFF,
    0xFF, 0xFF, 0xFF, 0xE0, 0x07, 0xE0, 0x07, 0xFF, 0xCF, 0xFF, 0x8F, 0xFF, 0x0F, 0xFE, 0x03, 0xE0,
    0x07, 0x00, 0x1F, 0x00, 0x3E, 0x00, 0x7C, 0x00, 0xF8, 0x00, 0x00, 0x00, 0x1F, 0x80, 0x3F, 0x80,
    0x3F, 0x00, 0x1E, 0x00, 0x7C, 0x00, 0xF0, 0x01, 0xC0, 0x7F, 0xFE, 0xFF, 0xFD, 0xFF, 0xFB, 0xFF,
    0xF7, 0xFF, 0xEF, 0x80, 0x1F, 0x00, 0x3E, 0x00, 0x7F, 0xFC, 0xFF, 0xF9, 0xFF, 0xF3, 0xFF, 0xE7,
    0xFF, 0xCF, 0x80, 0x1F, 0x00, 0x3E, 0x00, 0x7C, 0x00, 0xFF, 0xFF, 0xFF, 0xFF, 0xFF, 0xFF, 0xFF,
    0xF0, 0x0F, 0xC0, 0x1F, 0xC0, 0x3F, 0x80, 0x0F, 0x00, 0x3E, 0x00, 0x70, 0x00, 0xE0, 0x03, 0xF0,
    0x1F, 0xF0, 0x7F, 0xF1, 0xFF, 0xF3, 0xF3, 0xFF, 0xC3, 0xFF, 0xFF, 0xFF, 0xFF, 0xFF, 0xFF, 0xFF,
    0xFF, 0xF0, 0x03, 0xF0, 0x03, 0xFF, 0xE7, 0xFF, 0xC7, 0xFF, 0x87, 0xFF, 0x01, 0xF0, 0x1E, 0x60,
    0x7F, 0xE1, 0xFF, 0xC3, 0xFF, 0x01, 0x1C, 0x00, 0x00, 0x3F, 0xFF, 0x7F, 0xFE, 0xFF, 0xFD, 0xFF,
    0xFB, 0xFF, 0xF7, 0xC0, 0x0F, 0x80, 0x1F, 0x00, 0x3F, 0xFE, 0x7F, 0xFC, 0xFF, 0xF9, 0xFF, 0xF3,
    0xFF, 0xE7, 0xC0, 0x0F, 0x80, 0x1F, 0x00, 0x3E, 0x00, 0x7F, 0xFF, 0xFF, 0xFF, 0xFF, 0xFF, 0xFF,
    0xF8, 0x00, 0x00, 0x1E, 0x60, 0x7F, 0xE1, 0xFF, 0xC3, 0xFF, 0x01, 0x08, 0x00, 0x00, 0x03, 0xF0,
    0x1F, 0xF0, 0x7F, 0xF1, 0xFF, 0xF3, 0xF3, 0xFF, 0xC3, 0xFF, 0xFF, 0xFF, 0xFF, 0xFF, 0xFF, 0xFF,
    0xFF, 0xF0, 0x03, 0xF0, 0x03, 0xFF, 0xE7, 0xFF, 0xC7, 0xFF, 0x87, 0xFF, 0x01, 0xF0, 0x00, 0x04,
    0x00, 0x07, 0x80, 0x03, 0xE0, 0x03, 0xE0, 0x13, 0xE0, 0x3D, 0xE0, 0x3F, 0x60, 0x3F, 0xC0, 0x3F,
    0xF0, 0x0E, 0x30, 0x00, 0x00, 0x1F, 0xFF, 0x8F, 0xFF, 0xC7, 0xFF, 0xE3, 0xFF, 0xF1, 0xFF, 0xF8,
    0xF8, 0x00, 0x7C, 0x00, 0x3E, 0x00, 0x1F, 0xFF, 0x0F, 0xFF, 0x87, 0xFF, 0xC3, 0xFF, 0xE1, 0xFF,
    0xF0, 0xF8, 0x00, 0x7C, 0x00, 0x3E, 0x00, 0x1F, 0x00, 0x0F, 0xFF, 0xE7, 0xFF, 0xF3, 0xFF, 0xF9,
    0xFF, 0xFC, 0x00, 0x02, 0x00, 0x03, 0x80, 0x03, 0xE0, 0x03, 0xF0, 0x13, 0xF0, 0x3F, 0xE0, 0x3F,
    0xE0, 0x3F, 0xE0, 0x1E, 0xF0, 0x06, 0x30, 0x00, 0x00, 0x00, 0xFC, 0x01, 0xFF, 0x01, 0xFF, 0xC1,
    0xFF, 0xF0, 0xFC, 0xFC, 0xFC, 0x3E, 0x7F, 0xFF, 0x3F, 0xFF, 0x9F, 0xFF, 0xCF, 0xFF, 0xE7, 0xC0,
    0x03, 0xF0, 0x00, 0xFF, 0xF8, 0x7F, 0xFC, 0x1F, 0xFE, 0x07, 0xFF, 0x00, 0x7C, 0x00, 0x00, 0x40,
    0x01, 0xC0, 0x07, 0xC0, 0x0F, 0xC0, 0x1F, 0xC0, 0xF7, 0x83, 0xF6, 0x0F, 0xF0, 0x3F, 0xF0, 0x38,
    0xC0, 0x00, 0x07, 0xFF, 0xEF, 0xFF, 0xDF, 0xFF, 0xBF, 0xFF, 0x7F, 0xFE, 0xF8, 0x01, 0xF0, 0x03,
    0xE0, 0x07, 0xFF, 0xCF, 0xFF, 0x9F, 0xFF, 0x3F, 0xFE, 0x7F, 0xFC, 0xF8, 0x01, 0xF0, 0x03, 0xE0,
    0x07, 0xC0, 0x0F, 0xFF, 0xFF, 0xFF, 0xFF, 0xFF, 0xFF, 0xFF, 0x00, 0x20, 0x00, 0xE0, 0x03, 0xE0,
    0x03, 0xE0, 0x13, 0xE0, 0xFB, 0xC3, 0xFB, 0x0F, 0xF8, 0x1E, 0xF0, 0x18, 0xC0, 0x00, 0x00, 0x3F,
    0x01, 0xFF, 0x07, 0xFF, 0x1F, 0xFF, 0x3F, 0x3F, 0xFC, 0x3F, 0xFF, 0xFF, 0xFF, 0xFF, 0xFF, 0xFF,
    0xFF, 0xFF, 0x00, 0x3F, 0x00, 0x3F, 0xFE, 0x7F, 0xFC, 0x7F, 0xF8, 0x7F, 0xF0, 0x1F, 0x00, 0x00,
    0x00, 0x00, 0x7E, 0x00, 0x7F, 0x00, 0x7F, 0x00, 0x0F, 0x01, 0x1F, 0x07, 0x9C, 0x0F, 0xDC, 0x1F,
    0xE0, 0x3F, 0xF0, 0x1C, 0x60, 0x00, 0x00, 0xFF, 0xFC, 0xFF, 0xFC, 0xFF, 0xFC, 0xFF, 0xFC, 0xFF,
    0xFC, 0xF8, 0x00, 0xF8, 0x00, 0xF8, 0x00, 0xFF, 0xF8, 0xFF, 0xF8, 0xFF, 0xF8, 0xFF, 0xF8, 0xFF,
    0xF8, 0xF8, 0x00, 0xF8, 0x00, 0xF8, 0x00, 0xF8, 0x00, 0xFF, 0xFE, 0xFF, 0xFE, 0xFF, 0xFE, 0xFF,
    0xFE, 0x00, 0x7E, 0x00, 0x3F, 0x80, 0x1F, 0xC0, 0x05, 0xE0, 0x11, 0xF0, 0x3E, 0xF0, 0x3F, 0xF0,
    0x3F, 0xE0, 0x1E, 0xF0, 0x06, 0x30, 0x00, 0x00, 0x00, 0xFC, 0x01, 0xFF, 0x01, 0xFF, 0xC1, 0xFF,
    0xF0, 0xFC, 0xFC, 0xFC, 0x3E, 0x7F, 0xFF, 0x3F, 0xFF, 0x9F, 0xFF, 0xCF, 0xFF, 0xE7, 0xC0, 0x03,
    0xF0, 0x00, 0xFF, 0xF8, 0x7F, 0xFC, 0x1F, 0xFE, 0x07, 0xFF, 0x00, 0x7C, 0x00, 0x0E, 0x30, 0x3F,
    0xF0, 0xFF, 0xE1, 0xFF, 0x81, 0x8E, 0x00, 0x20, 0x01, 0xE0, 0x07, 0xE0, 0x1F, 0xE0, 0x7F, 0xE0,
    0x71, 0x80, 0x00, 0x0F, 0xFF, 0xDF, 0xFF, 0xBF, 0xFF, 0x7F, 0xFE, 0xFF, 0xFD, 0xF0, 0x03, 0xE0,
    0x07, 0xC0, 0x0F, 0xFF, 0x9F, 0xFF, 0x3F, 0xFE, 0x7F, 0xFC, 0xFF, 0xF9, 0xF0, 0x03, 0xE0, 0x07,
    0xC0, 0x0F, 0x80, 0x1F, 0xFF, 0xFF, 0xFF, 0xFF, 0xFF, 0xFF, 0xFE, 0x0E, 0x30, 0x3F, 0xF0, 0xFF,
    0xE1, 0xFF, 0x81, 0x8E, 0x00, 0x20, 0x01, 0xF0, 0x07, 0xF0, 0x1F, 0xF0, 0x3D, 0xE0, 0x31, 0x80,
    0x00, 0x00, 0x7E, 0x03, 0xFE, 0x0F, 0xFE, 0x3F, 0xFE, 0x7E, 0x7F, 0xF8, 0x7F, 0xFF, 0xFF, 0xFF,
    0xFF, 0xFF, 0xFF, 0xFF, 0xFE, 0x00, 0x7E, 0x00, 0x7F, 0xFC, 0xFF, 0xF8, 0xFF, 0xF0, 0xFF, 0xE0,
    0x3E, 0x00, 0x01, 0x00, 0x0F, 0x00, 0x3F, 0x00, 0xFF, 0x03, 0xFF, 0x03, 0x8C, 0x00, 0x00, 0x7F,
    0xFE, 0xFF, 0xFD, 0xFF, 0xFB, 0xFF, 0xF7, 0xFF, 0xEF, 0x80, 0x1F, 0x00, 0x3E, 0x00, 0x7F, 0xFC,
    0xFF, 0xF9, 0xFF, 0xF3, 0xFF, 0xE7, 0xFF, 0xCF, 0x80, 0x1F, 0x00, 0x3E, 0x00, 0x7C, 0x00, 0xFF,
    0xFF, 0xFF, 0xFF, 0xFF, 0xFF, 0xFF, 0xF0, 0x00, 0x00, 0x60, 0x01, 0xE0, 0x07, 0xC0, 0x0F, 0x80,
    0x0F, 0x00, 0x00, 0x00, 0x01, 0x00, 0x0F, 0x80, 0x3F, 0x80, 0xFF, 0x81, 0xEF, 0x01, 0x8C, 0x00,
    0x00, 0x03, 0xF0, 0x1F, 0xF0, 0x7F, 0xF1, 0xFF, 0xF3, 0xF3, 0xFF, 0xC3, 0xFF, 0xFF, 0xFF, 0xFF,
    0xFF, 0xFF, 0xFF, 0xFF, 0xF0, 0x03, 0xF0, 0x03, 0xFF, 0xE7, 0xFF, 0xC7, 0xFF, 0x87, 0xFF, 0x01,
    0xF0, 0x03, 0x80, 0x0F, 0x80, 0x1F, 0x00, 0x3E, 0x00, 0x7C, 0x00, 0x00, 0x00, 0xFD, 0xFF, 0xF8,
    0xF3, 0xE7, 0x8E, 0x3E, 0x7C, 0xF9, 0xF3, 0xE7, 0xCF, 0x9F, 0x3E, 0x7C, 0xF9, 0xF3, 0xE7, 0xCF,
    0x9F, 0x3E, 0x7C, 0xF9, 0xF3, 0xE0, 0x7E, 0x7E, 0x7F, 0x0F, 0x3E, 0x3C, 0x3C, 0x3E, 0x3E, 0x3E,
    0x3E, 0x3E, 0x3E, 0x3E, 0x3E, 0x3E, 0x3E, 0x3E, 0x3E, 0x3E, 0x3E, 0x3E, 0x3E, 0xFF, 0xFF, 0xFF,
    0xFF, 0xFF, 0xFF, 0xFF, 0xFF, 0xFF, 0xFF, 0xFF, 0xFF, 0xFF, 0x81, 0xDF, 0xFF, 0xDE, 0x00, 0x31,
    0xFF, 0xFF, 0x7D, 0xE0, 0x1F, 0x7D, 0xF7, 0xDF, 0x7D, 0xF7, 0xDF, 0x7D, 0xF7, 0xDF, 0x7D, 0xF7,
    0xC0, 0x31, 0xF7, 0xDF, 0x78, 0x00, 0x01, 0xFC, 0x00, 0x3F, 0xF8, 0x03, 0xFF, 0xF0, 0x3F, 0xFF,
    0xC3, 0xFF, 0xFE, 0x3F, 0x83, 0xF9, 0xF8, 0x0F, 0xCF, 0x80, 0x3F, 0xFC, 0x01, 0xFF, 0xE0, 0x0F,
    0xFF, 0x00, 0x7F, 0xF8, 0x03, 0xFF, 0xC0, 0x1F, 0xFE, 0x00, 0xFD, 0xF0, 0x07, 0xCF, 0xC0, 0x7E,
    0x7F, 0x07, 0xF1, 0xFF, 0xFF, 0x07, 0xFF, 0xF0, 0x1F, 0xFF, 0x00, 0x7F, 0xF0, 0x00, 0x7C, 0x00,
    0x01, 0xC0, 0x00, 0x1F, 0x00, 0x00, 0xF8, 0x00, 0x07, 0xC0, 0x00, 0x1E, 0x00, 0x00, 0x00, 0x00,
    0x07, 0xE0, 0x1F, 0xF8, 0x3F, 0xFC, 0x7F, 0xFC, 0x7E, 0x7E, 0xFC, 0x3E, 0xF8, 0x3F, 0xF8, 0x3F,
    0xF8, 0x1F, 0xF8, 0x3F, 0xFC, 0x3F, 0xFC, 0x3E, 0x7F, 0xFE, 0x7F, 0xFC, 0x3F, 0xF8, 0x1F, 0xF0,
    0x03, 0xC0, 0x01, 0x80, 0x03, 0xC0, 0x07, 0xC0, 0x07, 0xC0, 0x03, 0xC0, 0x00, 0x00, 0x01, 0xF8,
    0x00, 0x0F, 0xE0, 0x00, 0x7F, 0x00, 0x00, 0x78, 0x00, 0x07, 0xC0, 0x00, 0x38, 0x00, 0x01, 0xC0,
    0x00, 0x3F, 0x80, 0x07, 0xFF, 0x00, 0x7F, 0xFE, 0x07, 0xFF, 0xF8, 0x7F, 0xFF, 0xC7, 0xF0, 0x7F,
    0x3F, 0x01, 0xF9, 0xF0, 0x07, 0xFF, 0x80, 0x3F, 0xFC, 0x01, 0xFF, 0xE0, 0x0F, 0xFF, 0x00, 0x7F,
    0xF8, 0x03, 0xFF, 0xC0, 0x1F, 0xBE, 0x00, 0xF9, 0xF8, 0x0F, 0xCF, 0xE0, 0xFE, 0x3F, 0xFF, 0xE0,
    0xFF, 0xFE, 0x03, 0xFF, 0xE0, 0x0F, 0xFE, 0x00, 0x0F, 0x80, 0x00, 0x0F, 0xC0, 0x0F, 0xE0, 0x07,
    0xE0, 0x00, 0xE0, 0x03, 0xE0, 0x03, 0xC0, 0x03, 0x80, 0x07, 0xE0, 0x1F, 0xF8, 0x3F, 0xFC, 0x7F,
    0xFC, 0x7E, 0x7E, 0xFC, 0x3E, 0xF8, 0x3F, 0xF8, 0x3F, 0xF8, 0x1F, 0xF8, 0x3F, 0xFC, 0x3F, 0xFC,
    0x3E, 0x7F, 0xFE, 0x7F, 0xFC, 0x3F, 0xF8, 0x1F, 0xF0, 0x03, 0xC0, 0x00, 0x00, 0x40, 0x00, 0x07,
    0x00, 0x00, 0x7C, 0x00, 0x07, 0xE0, 0x02, 0x7C, 0x00, 0x3B, 0xC0, 0x03, 0xFC, 0x00, 0x7F, 0xC0,
    0x03, 0xFE, 0x00, 0x0C, 0x70, 0x00, 0x00, 0x00, 0x03, 0xF8, 0x00, 0x7F, 0xF0, 0x07, 0xFF, 0xE0,
    0x7F, 0xFF, 0x87, 0xFF, 0xFC, 0x7F, 0x07, 0xF3, 0xF0, 0x1F, 0x9F, 0x00, 0x7F, 0xF8, 0x03, 0xFF,
    0xC0, 0x1F, 0xFE, 0x00, 0xFF, 0xF0, 0x07, 0xFF, 0x80, 0x3F, 0xFC, 0x01, 0xFB, 0xE0, 0x0F, 0x9F,
    0x80, 0xFC, 0xFE, 0x0F, 0xE3, 0xFF, 0xFE, 0x0F, 0xFF, 0xE0, 0x3F, 0xFE, 0x00, 0xFF, 0xE0, 0x00,
    0xF8, 0x00, 0x00, 0x02, 0x00, 0x01, 0xC0, 0x00, 0xF8, 0x00, 0x7E, 0x01, 0xBF, 0x00, 0xFF, 0x00,
    0x7E, 0x80, 0x3F, 0xC0, 0x1F, 0xF0, 0x03, 0x1C, 0x00, 0x00, 0x00, 0x1F, 0x80, 0x1F, 0xF8, 0x0F,
    0xFF, 0x07, 0xFF, 0xC1, 0xF9, 0xF8, 0xFC, 0x3E, 0x3E, 0x0F, 0xCF, 0x83, 0xF3, 0xE0, 0x7C, 0xF8,
    0x3F, 0x3F, 0x0F, 0xCF, 0xC3, 0xE1, 0xFF, 0xF8, 0x7F, 0xFC, 0x0F, 0xFE, 0x01, 0xFF, 0x00, 0x0F,
    0x00, 0x00, 0x00, 0x00, 0x00, 0x60, 0x00, 0x07, 0x80, 0x00, 0x7E, 0x00, 0x01, 0xF8, 0x00, 0x17,
    0xC0, 0x01, 0xDE, 0x00, 0x1F, 0xA0, 0x03, 0xFE, 0x00, 0x1F, 0xF0, 0x00, 0x63, 0x80, 0x00, 0x00,
    0x00, 0x1F, 0xC0, 0x03, 0xFF, 0x80, 0x3F, 0xFF, 0x03, 0xFF, 0xFC, 0x3F, 0xFF, 0xE3, 0xF8, 0x3F,
    0x9F, 0x80, 0xFC, 0xF8, 0x03, 0xFF, 0xC0, 0x1F, 0xFE, 0x00, 0xFF, 0xF0, 0x07, 0xFF, 0x80, 0x3F,
    0xFC, 0x01, 0xFF, 0xE0, 0x0F, 0xDF, 0x00, 0x7C, 0xFC, 0x07, 0xE7, 0xF0, 0x7F, 0x1F, 0xFF, 0xF0,
    0x7F, 0xFF, 0x01, 0xFF, 0xF0, 0x07, 0xFF, 0x00, 0x07, 0xC0, 0x00, 0x00, 0x20, 0x00, 0x60, 0x00,
    0xF0, 0x00, 0xF8, 0x00, 0x7C, 0x01, 0xBC, 0x03, 0xD8, 0x07, 0xE0, 0x0F, 0xF0, 0x1F, 0xF0, 0x0C,
    0x70, 0x00, 0x00, 0x07, 0xE0, 0x1F, 0xF8, 0x3F, 0xFC, 0x7F, 0xFC, 0x7E, 0x7E, 0xFC, 0x3E, 0xF8,
    0x3F, 0xF8, 0x3F, 0xF8, 0x1F, 0xF8, 0x3F, 0xFC, 0x3F, 0xFC, 0x3E, 0x7F, 0xFE, 0x7F, 0xFC, 0x3F,
    0xF8, 0x1F, 0xF0, 0x03, 0xC0, 0x00, 0x0F, 0x80, 0x00, 0x7F, 0x00, 0x03, 0xF8, 0x00, 0x0F, 0xC0,
    0x00, 0x1E, 0x00, 0x11, 0xE0, 0x01, 0xCE, 0x00, 0x1F, 0x80, 0x03, 0xFE, 0x00, 0x1F, 0xF0, 0x00,
    0x63, 0x80, 0x00, 0x00, 0x00, 0x1F, 0xC0, 0x03, 0xFF, 0x80, 0x3F, 0xFF, 0x03, 0xFF, 0xFC, 0x3F,
    0xFF, 0xE3, 0xF8, 0x3F, 0x9F, 0x80, 0xFC, 0xF8, 0x03, 0xFF, 0xC0, 0x1F, 0xFE, 0x00, 0xFF, 0xF0,
    0x07, 0xFF, 0x80, 0x3F, 0xFC, 0x01, 0xFF, 0xE0, 0x0F, 0xDF, 0x00, 0x7C, 0xFC, 0x07, 0xE7, 0xF0,
    0x7F, 0x1F, 0xFF, 0xF0, 0x7F, 0xFF, 0x01, 0xFF, 0xF0, 0x07, 0xFF, 0x00, 0x07, 0xC0, 0x00, 0x00,
    0x00, 0x00, 0x3F, 0x80, 0x0F, 0xC0, 0x07, 0xF0, 0x00, 0x78, 0x0C, 0xF8, 0x0F, 0x78, 0x0F, 0xF8,
    0x0F, 0xF0, 0x0F, 0xF8, 0x03, 0x1C, 0x00, 0x00, 0x00, 0x7E, 0x00, 0xFF, 0xC0, 0xFF, 0xF0, 0xFF,
    0xF8, 0x7E, 0x7E, 0x7E, 0x1F, 0x3E, 0x0F, 0xDF, 0x07, 0xEF, 0x81, 0xF7, 0xC1, 0xFB, 0xF0, 0xFD,
    0xF8, 0x7C, 0x7F, 0xFE, 0x3F, 0xFE, 0x0F, 0xFE, 0x03, 0xFE, 0x00, 0x3C, 0x00, 0x00, 0x00, 0x00,
    0x0F, 0x30, 0x00, 0xFF, 0xC0, 0x0F, 0xFE, 0x00, 0x7F, 0xE0, 0x00, 0x84, 0x00, 0x00, 0x80, 0x00,
    0x0E, 0x00, 0x00, 0xFC, 0x00, 0x1F, 0xF0, 0x00, 0xFF, 0x80, 0x03, 0x1C, 0x00, 0x00, 0x00, 0x00,
    0xFE, 0x00, 0x1F, 0xFC, 0x01, 0xFF, 0xF8, 0x1F, 0xFF, 0xE1, 0xFF, 0xFF, 0x1F, 0xC1, 0xFC, 0xFC,
    0x07, 0xE7, 0xC0, 0x1F, 0xFE, 0x00, 0xFF, 0xF0, 0x07, 0xFF, 0x80, 0x3F, 0xFC, 0x01, 0xFF, 0xE0,
    0x0F, 0xFF, 0x00, 0x7E, 0xF8, 0x03, 0xE7, 0xE0, 0x3F, 0x3F, 0x83, 0xF8, 0xFF, 0xFF, 0x83, 0xFF,
    0xF8, 0x0F, 0xFF, 0x80, 0x3F, 0xF8, 0x00, 0x3E, 0x00, 0x0F, 0x38, 0x1F, 0xF8, 0x3F, 0xF8, 0x3F,
    0xF0, 0x08, 0x60, 0x01, 0x80, 0x03, 0xC0, 0x07, 0xE0, 0x0F, 0xF0, 0x1F, 0xF0, 0x0C, 0x70, 0x00,
    0x00, 0x07, 0xE0, 0x1F, 0xF8, 0x3F, 0xFC, 0x7F, 0xFC, 0x7E, 0x7E, 0xFC, 0x3E, 0xF8, 0x3F, 0xF8,
    0x3F, 0xF8, 0x1F, 0xF8, 0x3F, 0xFC, 0x3F, 0xFC, 0x3E, 0x7F, 0xFE, 0x7F, 0xFC, 0x3F, 0xF8, 0x1F,
    0xF0, 0x03, 0xC0, 0x00, 0x20, 0x00, 0x03, 0x80, 0x00, 0x3F, 0x00, 0x07, 0xFC, 0x00, 0x3F, 0xE0,
    0x00, 0xC7, 0x00, 0x00, 0x00, 0x00, 0x3F, 0x80, 0x07, 0xFF, 0x00, 0x7F, 0xFE, 0x07, 0xFF, 0xF8,
    0x7F, 0xFF, 0xC7, 0xF0, 0x7F, 0x3F, 0x01, 0xF9, 0xF0, 0x07, 0xFF, 0x80, 0x3F, 0xFC, 0x01, 0xFF,
    0xE0, 0x0F, 0xFF, 0x00, 0x7F, 0xF8, 0x03, 0xFF, 0xC0, 0x1F, 0xBE, 0x00, 0xF9, 0xF8, 0x0F, 0xCF,
    0xE0, 0xFE, 0x3F, 0xFF, 0xE0, 0xFF, 0xFE, 0x03, 0xFF, 0xE0, 0x0F, 0xFE, 0x00, 0x0F, 0x80, 0x00,
    0x38, 0x00, 0x03, 0xE0, 0x00, 0x1F, 0x00, 0x00, 0xF8, 0x00, 0x03, 0xC0, 0x00, 0x00, 0x00, 0x01,
    0x80, 0x03, 0xC0, 0x07, 0xE0, 0x0F, 0xF0, 0x1F, 0xF0, 0x0C, 0x70, 0x00, 0x00, 0x07, 0xE0, 0x1F,
    0xF8, 0x3F, 0xFC, 0x7F, 0xFC, 0x7E, 0x7E, 0xFC, 0x3E, 0xF8, 0x3F, 0xF8, 0x3F, 0xF8, 0x1F, 0xF8,
    0x3F, 0xFC, 0x3F, 0xFC, 0x3E, 0x7F, 0xFE, 0x7F, 0xFC, 0x3F, 0xF8, 0x1F, 0xF0, 0x03, 0xC0, 0x01,
    0x80, 0x03, 0xC0, 0x07, 0xC0, 0x07, 0xC0, 0x03, 0xC0, 0x00, 0x00, 0x00, 0x30, 0x00, 0x01, 0xC0,
    0x00, 0x1F, 0x00, 0x01, 0xF0, 0x00, 0x1F, 0x0F, 0x80, 0xF0, 0x7C, 0x01, 0x03, 0xE0, 0x3F, 0x9F,
    0x07, 0xFF, 0xF8, 0x7F, 0xFF, 0x87, 0xFF, 0xF8, 0x7F, 0xFF, 0xC7, 0xF0, 0x7F, 0x3F, 0x01, 0xF9,
    0xF0, 0x07, 0xFF, 0x80, 0x3F, 0xFC, 0x01, 0xFF, 0xE0, 0x0F, 0xFF, 0x00, 0x7F, 0xF8, 0x03, 0xFF,
    0xC0, 0x1F, 0xBE, 0x00, 0xF9, 0xF8, 0x0F, 0xCF, 0xE0, 0xFE, 0x3F, 0xFF, 0xE0, 0xFF, 0xFE, 0x03,
    0xFF, 0xE0, 0x0F, 0xFE, 0x00, 0x0F, 0x80, 0x00, 0x00, 0x00, 0x00, 0x60, 0x00, 0x78, 0x00, 0x7E,
    0x00, 0x7C, 0x00, 0x3C, 0x3C, 0x1C, 0x3E, 0x00, 0x1F, 0x07, 0xEF, 0x8F, 0xFF, 0x8F, 0xFF, 0xCF,
    0xFF, 0xC7, 0xE7, 0xE7, 0xE1, 0xF3, 0xE0, 0xFD, 0xF0, 0x7E, 0xF8, 0x1F, 0x7C, 0x1F, 0xBF, 0x0F,
    0xDF, 0x87, 0xC7, 0xFF, 0xE3, 0xFF, 0xE0, 0xFF, 0xE0, 0x3F, 0xE0, 0x03, 0xC0, 0x00, 0x00, 0x40,
    0x00, 0x0F, 0x00, 0x00, 0x7C, 0x00, 0x01, 0xF0, 0x00, 0x07, 0xCF, 0x80, 0x1C, 0x7C, 0x00, 0x43,
    0xE0, 0x3F, 0x9F, 0x07, 0xFF, 0xF8, 0x7F, 0xFF, 0x87, 0xFF, 0xF8, 0x7F, 0xFF, 0xC7, 0xF0, 0x7F,
    0x3F, 0x01, 0xF9, 0xF0, 0x07, 0xFF, 0x80, 0x3F, 0xFC, 0x01, 0xFF, 0xE0, 0x0F, 0xFF, 0x00, 0x7F,
    0xF8, 0x03, 0xFF, 0xC0, 0x1F, 0xBE, 0x00, 0xF9, 0xF8, 0x0F, 0xCF, 0xE0, 0xFE, 0x3F, 0xFF, 0xE0,
    0xFF, 0xFE, 0x03, 0xFF, 0xE0, 0x0F, 0xFE, 0x00, 0x0F, 0x80, 0x00, 0x00, 0x00, 0x01, 0x80, 0x03,
    0xE0, 0x01, 0xF8, 0x00, 0x7E, 0x00, 0x1F, 0x3C, 0x03, 0x3E, 0x00, 0x1F, 0x07, 0xEF, 0x8F, 0xFF,
    0x8F, 0xFF, 0xCF, 0xFF, 0xC7, 0xE7, 0xE7, 0xE1, 0xF3, 0xE0, 0xFD, 0xF0, 0x7E, 0xF8, 0x1F, 0x7C,
    0x1F, 0xBF, 0x0F, 0xDF, 0x87, 0xC7, 0xFF, 0xE3, 0xFF, 0xE0, 0xFF, 0xE0, 0x3F, 0xE0, 0x03, 0xC0,
    0x00, 0x01, 0xF8, 0x00, 0x0F, 0xE0, 0x00, 0x7F, 0x00, 0x00, 0x78, 0x00, 0x07, 0xCF, 0x80, 0x38,
    0x7C, 0x01, 0xC3, 0xE0, 0x3F, 0x9F, 0x07, 0xFF, 0xF8, 0x7F, 0xFF, 0x87, 0xFF, 0xF8, 0x7F, 0xFF,
    0xC7, 0xF0, 0x7F, 0x3F, 0x01, 0xF9, 0xF0, 0x07, 0xFF, 0x80, 0x3F, 0xFC, 0x01, 0xFF, 0xE0, 0x0F,
    0xFF, 0x00, 0x7F, 0xF8, 0x03, 0xFF, 0xC0, 0x1F, 0xBE, 0x00, 0xF9, 0xF8, 0x0F, 0xCF, 0xE0, 0xFE,
    0x3F, 0xFF, 0xE0, 0xFF, 0xFE, 0x03, 0xFF, 0xE0, 0x0F, 0xFE, 0x00, 0x0F, 0x80, 0x00, 0x0F, 0xC0,
    0x07, 0xF0, 0x01, 0xF8, 0x00, 0x1C, 0x00, 0x3E, 0x78, 0x1E, 0x7C, 0x0E, 0x3E, 0x0F, 0xDF, 0x1F,
    0xFF, 0x1F, 0xFF, 0x9F, 0xFF, 0x8F, 0xCF, 0xCF, 0xC3, 0xE7, 0xC1, 0xFB, 0xE0, 0xFD, 0xF0, 0x3E,
    0xF8, 0x3F, 0x7E, 0x1F, 0xBF, 0x0F, 0x8F, 0xFF, 0xC7, 0xFF, 0xC1, 0xFF, 0xC0, 0x7F, 0xC0, 0x07,
    0x80, 0x01, 0xC6, 0x00, 0x1F, 0xF8, 0x01, 0xFF, 0xC0, 0x0F, 0xFD, 0xF0, 0x31, 0xCF, 0x80, 0x00,
    0x7C, 0x07, 0xF3, 0xE0, 0xFF, 0xFF, 0x0F, 0xFF, 0xF0, 0xFF, 0xFF, 0x0F, 0xFF, 0xF8, 0xFE, 0x0F,
    0xE7, 0xE0, 0x3F, 0x3E, 0x00, 0xFF, 0xF0, 0x07, 0xFF, 0x80, 0x3F, 0xFC, 0x01, 0xFF, 0xE0, 0x0F,
    0xFF, 0x00, 0x7F, 0xF8, 0x03, 0xF7, 0xC0, 0x1F, 0x3F, 0x01, 0xF9, 0xFC, 0x1F, 0xC7, 0xFF, 0xFC,
    0x1F, 0xFF, 0xC0, 0x7F, 0xFC, 0x01, 0xFF, 0xC0, 0x01, 0xF0, 0x00, 0x00, 0x00, 0x07, 0x9C, 0x07,
    0xFE, 0x07, 0xFF, 0x03, 0xFF, 0xF8, 0x43, 0x7C, 0x00, 0x3E, 0x0F, 0xDF, 0x1F, 0xFF, 0x1F, 0xFF,
    0x9F, 0xFF, 0x8F, 0xCF, 0xCF, 0xC3, 0xE7, 0xC1, 0xFB, 0xE0, 0xFD, 0xF0, 0x3E, 0xF8, 0x3F, 0x7E,
    0x1F, 0xBF, 0x0F, 0x8F, 0xFF, 0xC7, 0xFF, 0xC1, 0xFF, 0xC0, 0x7F, 0xC0, 0x07, 0x80, 0x00, 0x00,
    0xF8, 0x00, 0x07, 0xC0, 0x00, 0x3E, 0x03, 0xF9, 0xF0, 0x7F, 0xFF, 0x87, 0xFF, 0xF8, 0x7F, 0xFF,
    0x87, 0xFF, 0xFC, 0x7F, 0x07, 0xF3, 0xF0, 0x1F, 0x9F, 0x00, 0x7F, 0xF8, 0x03, 0xFF, 0xC0, 0x1F,
    0xFE, 0x00, 0xFF, 0xF0, 0x07, 0xFF, 0x80, 0x3F, 0xFC, 0x01, 0xFB, 0xE0, 0x0F, 0x9F, 0x80, 0xFC,
    0xFE, 0x0F, 0xE3, 0xFF, 0xFE, 0x0F, 0xFF, 0xE0, 0x3F, 0xFE, 0x00, 0xFF, 0xE0, 0x00, 0xF8, 0x00,
    0x03, 0x80, 0x00, 0x3E, 0x00, 0x01, 0xF0, 0x00, 0x0F, 0x80, 0x00, 0x3C, 0x00, 0x00, 0x00, 0x00,
    0x00, 0x07, 0x80, 0x07, 0xC0, 0x03, 0xE0, 0xFD, 0xF1, 0xFF, 0xF1, 0xFF, 0xF9, 0xFF, 0xF8, 0xFC,
    0xFC, 0xFC, 0x3E, 0x7C, 0x1F, 0xBE, 0x0F, 0xDF, 0x03, 0xEF, 0x83, 0xF7, 0xE1, 0xFB, 0xF0, 0xF8,
    0xFF, 0xFC, 0x7F, 0xFC, 0x1F, 0xFC, 0x07, 0xFC, 0x00, 0x78, 0x00, 0x18, 0x00, 0x1E, 0x00, 0x1F,
    0x00, 0x0F, 0x80, 0x03, 0xC0, 0x00, 0x00, 0x00, 0xF8, 0x0F, 0xFC, 0x07, 0xFE, 0x03, 0xFF, 0x01,
    0xFF, 0x80, 0xFF, 0xC0, 0x7F, 0xE0, 0x3F, 0xF0, 0x1F, 0xF8, 0x0F, 0xFC, 0x07, 0xFE, 0x03, 0xFF,
    0x01, 0xFF, 0x80, 0xFF, 0xC0, 0x7F, 0xE0, 0x3F, 0xF0, 0x3F, 0xFC, 0x3F, 0x3F, 0xFF, 0x9F, 0xFF,
    0xC7, 0xFF, 0xC1, 0xFF, 0x80, 0x1F, 0x00, 0x07, 0x00, 0x07, 0xC0, 0x03, 0xE0, 0x01, 0xF0, 0x00,
    0xF0, 0x00, 0x00, 0x00, 0x78, 0x3C, 0xF8, 0xFD, 0xF1, 0xFB, 0xE3, 0xF7, 0xC7, 0xEF, 0x8F, 0xDF,
    0x1F, 0xBE, 0x3F, 0x7C, 0x7E, 0xF8, 0xFD, 0xF1, 0xFB, 0xE3, 0xF7, 0xFF, 0xEF, 0xFF, 0xCF, 0xFF,
    0x8F, 0xFE, 0x07, 0xE0, 0x07, 0x00, 0x1F, 0x00, 0x3E, 0x00, 0x7C, 0x00, 0x78, 0x00, 0x00, 0x00,
    0x07, 0xC0, 0x03, 0xF8, 0x01, 0xFC, 0x00, 0x1E, 0x00, 0x1F, 0x00, 0x1E, 0x00, 0x0F, 0x01, 0xF0,
    0x1F, 0xF8, 0x0F, 0xFC, 0x07, 0xFE, 0x03, 0xFF, 0x01, 0xFF, 0x80, 0xFF, 0xC0, 0x7F, 0xE0, 0x3F,
    0xF0, 0x1F, 0xF8, 0x0F, 0xFC, 0x07, 0xFE, 0x03, 0xFF, 0x01, 0xFF, 0x80, 0xFF, 0xC0, 0x7F, 0xE0,
    0x7F, 0xF8, 0x7E, 0x7F, 0xFF, 0x3F, 0xFF, 0x8F, 0xFF, 0x83, 0xFF, 0x00, 0x3E, 0x00, 0x0F, 0xC0,
    0x1F, 0xC0, 0x3F, 0x80, 0x0F, 0x00, 0x3E, 0x00, 0x70, 0x00, 0xE0, 0x3C, 0x1E, 0x7C, 0x7E, 0xF8,
    0xFD, 0xF1, 0xFB, 0xE3, 0xF7, 0xC7, 0xEF, 0x8F, 0xDF, 0x1F, 0xBE, 0x3F, 0x7C, 0x7E, 0xF8, 0xFD,
    0xF1, 0xFB, 0xFF, 0xF7, 0xFF, 0xE7, 0xFF, 0xC7, 0xFF, 0x03, 0xF0, 0x00, 0x60, 0x00, 0x07, 0x80,
    0x00, 0x7C, 0x00, 0x07, 0xE0, 0x00, 0x7C, 0x0F, 0x01, 0xC0, 0x78, 0x04, 0x03, 0xDF, 0x01, 0xFE,
    0xF8, 0x0F, 0xF7, 0xC0, 0x7F, 0x3E, 0x03, 0xF1, 0xF0, 0x1F, 0x0F, 0x80, 0xF8, 0x7C, 0x07, 0xC3,
    0xE0, 0x3E, 0x1F, 0x01, 0xF0, 0xF8, 0x0F, 0x87, 0xC0, 0x7C, 0x3E, 0x03, 0xE1, 0xF0, 0x1F, 0x0F,
    0x80, 0xF8, 0x7C, 0x07, 0xC3, 0xE0, 0x7E, 0x1F, 0x87, 0xE0, 0x7F, 0xFF, 0x03, 0xFF, 0xF8, 0x0F,
    0xFF, 0x80, 0x3F, 0xF0, 0x00, 0x3E, 0x00, 0x00, 0x00, 0x00, 0x00, 0x70, 0x00, 0x1E, 0x00, 0x0F,
    0x80, 0x07, 0xC0, 0x03, 0xE0, 0xF0, 0x70, 0x3C, 0x00, 0x1F, 0x78, 0x3F, 0xDF, 0x1F, 0xE7, 0xC7,
    0xF1, 0xF1, 0xF8, 0x7C, 0x7E, 0x1F, 0x1F, 0x87, 0xC7, 0xE1, 0xF1, 0xF8, 0x7C, 0x7E, 0x1F, 0x1F,
    0x87, 0xC7, 0xE1, 0xF1, 0xF8, 0x7F, 0xFE, 0x1F, 0xFF, 0x83, 0xFF, 0xE0, 0x7F, 0xF0, 0x07, 0xE0,
    0x00, 0x03, 0x00, 0x00, 0x3C, 0x00, 0x03, 0xE0, 0x00, 0x0F, 0x80, 0x00, 0x3E, 0x0F, 0x00, 0xF0,
    0x78, 0x03, 0x03, 0xDF, 0x01, 0xFE, 0xF8, 0x0F, 0xF7, 0xC0, 0x7F, 0x3E, 0x03, 0xF1, 0xF0, 0x1F,
    0x0F, 0x80, 0xF8, 0x7C, 0x07, 0xC3, 0xE0, 0x3E, 0x1F, 0x01, 0xF0, 0xF8, 0x0F, 0x87, 0xC0, 0x7C,
    0x3E, 0x03, 0xE1, 0xF0, 0x1F, 0x0F, 0x80, 0xF8, 0x7C, 0x07, 0xC3, 0xE0, 0x7E, 0x1F, 0x87, 0xE0,
    0x7F, 0xFF, 0x03, 0xFF, 0xF8, 0x0F, 0xFF, 0x80, 0x3F, 0xF0, 0x00, 0x3E, 0x00, 0x00, 0x00, 0x00,
    0x01, 0x80, 0x01, 0xF0, 0x00, 0x7E, 0x00, 0x0F, 0xC0, 0x00, 0xF0, 0xF0, 0x18, 0x3C, 0x00, 0x1F,
    0x78, 0x3F, 0xDF, 0x1F, 0xE7, 0xC7, 0xF1, 0xF1, 0xF8, 0x7C, 0x7E, 0x1F, 0x1F, 0x87, 0xC7, 0xE1,
    0xF1, 0xF8, 0x7C, 0x7E, 0x1F, 0x1F, 0x87, 0xC7, 0xE1, 0xF1, 0xF8, 0x7F, 0xFE, 0x1F, 0xFF, 0x83,
    0xFF, 0xE0, 0x7F, 0xF0, 0x07, 0xE0, 0x00, 0x07, 0xC0, 0x00, 0x3F, 0x80, 0x01, 0xFC, 0x00, 0x01,
    0xE0, 0x00, 0x1F, 0x0F, 0x01, 0xE0, 0x78, 0x0F, 0x03, 0xDF, 0x01, 0xFE, 0xF8, 0x0F, 0xF7, 0xC0,
    0x7F, 0x3E, 0x03, 0xF1, 0xF0, 0x1F, 0x0F, 0x80, 0xF8, 0x7C, 0x07, 0xC3, 0xE0, 0x3E, 0x1F, 0x01,
    0xF0, 0xF8, 0x0F, 0x87, 0xC0, 0x7C, 0x3E, 0x03, 0xE1, 0xF0, 0x1F, 0x0F, 0x80, 0xF8, 0x7C, 0x07,
    0xC3, 0xE0, 0x7E, 0x1F, 0x87, 0xE0, 0x7F, 0xFF, 0x03, 0xFF, 0xF8, 0x0F, 0xFF, 0x80, 0x3F, 0xF0,
    0x00, 0x3E, 0x00, 0x00, 0x0F, 0xC0, 0x03, 0xF8, 0x00, 0xFE, 0x00, 0x07, 0x80, 0x03, 0xE3, 0xC0,
    0xE0, 0xF0, 0x38, 0x7D, 0xE0, 0xFF, 0x7C, 0x7F, 0x9F, 0x1F, 0xC7, 0xC7, 0xE1, 0xF1, 0xF8, 0x7C,
    0x7E, 0x1F, 0x1F, 0x87, 0xC7, 0xE1, 0xF1, 0xF8, 0x7C, 0x7E, 0x1F, 0x1F, 0x87, 0xC7, 0xE1, 0xFF,
    0xF8, 0x7F, 0xFE, 0x0F, 0xFF, 0x81, 0xFF, 0xC0, 0x1F, 0x80, 0x07, 0x18, 0x00, 0x7F, 0xE0, 0x07,
    0xFF, 0x00, 0x3F, 0xF1, 0xE0, 0xC7, 0x0F, 0x00, 0x00, 0x7B, 0xE0, 0x3F, 0xDF, 0x01, 0xFE, 0xF8,
    0x0F, 0xE7, 0xC0, 0x7E, 0x3E, 0x03, 0xE1, 0xF0, 0x1F, 0x0F, 0x80, 0xF8, 0x7C, 0x07, 0xC3, 0xE0,
    0x3E, 0x1F, 0x01, 0xF0, 0xF8, 0x0F, 0x87, 0xC0, 0x7C, 0x3E, 0x03, 0xE1, 0xF0, 0x1F, 0x0F, 0x80,
    0xF8, 0x7C, 0x0F, 0xC3, 0xF0, 0xFC, 0x0F, 0xFF, 0xE0, 0x7F, 0xFF, 0x01, 0xFF, 0xF0, 0x07, 0xFE,
    0x00, 0x07, 0xC0, 0x00, 0x00, 0x00, 0x03, 0xCC, 0x01, 0xFF, 0x80, 0xFF, 0xE0, 0x3F, 0xF3, 0xC2,
    0x10, 0xF0, 0x00, 0x7D, 0xE0, 0xFF, 0x7C, 0x7F, 0x9F, 0x1F, 0xC7, 0xC7, 0xE1, 0xF1, 0xF8, 0x7C,
    0x7E, 0x1F, 0x1F, 0x87, 0xC7, 0xE1, 0xF1, 0xF8, 0x7C, 0x7E, 0x1F, 0x1F, 0x87, 0xC7, 0xE1, 0xFF,
    0xF8, 0x7F, 0xFE, 0x0F, 0xFF, 0x81, 0xFF, 0xC0, 0x1F, 0x80, 0x00, 0x00, 0xF0, 0x00, 0x07, 0x80,
    0x00, 0x3D, 0xF0, 0x1F, 0xEF, 0x80, 0xFF, 0x7C, 0x07, 0xF3, 0xE0, 0x3F, 0x1F, 0x01, 0xF0, 0xF8,
    0x0F, 0x87, 0xC0, 0x7C, 0x3E, 0x03, 0xE1, 0xF0, 0x1F, 0x0F, 0x80, 0xF8, 0x7C, 0x07, 0xC3, 0xE0,
    0x3E, 0x1F, 0x01, 0xF0, 0xF8, 0x0F, 0x87, 0xC0, 0x7C, 0x3E, 0x07, 0xE1, 0xF8, 0x7E, 0x07, 0xFF,
    0xF0, 0x3F, 0xFF, 0x80, 0xFF, 0xF8, 0x03, 0xFF, 0x00, 0x03, 0xE0, 0x00, 0x0E, 0x00, 0x00, 0xF8,
    0x00, 0x07, 0xC0, 0x00, 0x3E, 0x00, 0x01, 0xE0, 0x00, 0x00, 0x00, 0x00, 0x00, 0x03, 0xC0, 0x00,
    0xF0, 0x00, 0x7D, 0xE0, 0xFF, 0x7C, 0x7F, 0x9F, 0x1F, 0xC7, 0xC7, 0xE1, 0xF1, 0xF8, 0x7C, 0x7E,
    0x1F, 0x1F, 0x87, 0xC7, 0xE1, 0xF1, 0xF8, 0x7C, 0x7E, 0x1F, 0x1F, 0x87, 0xC7, 0xE1, 0xFF, 0xF8,
    0x7F, 0xFE, 0x0F, 0xFF, 0x81, 0xFF, 0xC0, 0x1F, 0x80, 0x03, 0x80, 0x01, 0xF0, 0x00, 0x7C, 0x00,
    0x1F, 0x00, 0x03, 0xC0, 0x00, 0x00, 0x00, 0x01, 0x80, 0x00, 0x7C, 0x00, 0x07, 0xE0, 0x00, 0x1F,
    0x00, 0x00, 0xF0, 0x00, 0x06, 0x00, 0x00, 0x00, 0x00, 0x00, 0x00, 0xFC, 0x07, 0xE7, 0xE0, 0x7E,
    0x7E, 0x0F, 0xC3, 0xF0, 0xFC, 0x3F, 0x1F, 0x81, 0xF9, 0xF0, 0x1F, 0xBF, 0x00, 0xFF, 0xE0, 0x07,
    0xFE, 0x00, 0x7F, 0xC0, 0x03, 0xF8, 0x00, 0x3F, 0x80, 0x01, 0xF0, 0x00, 0x1F, 0x00, 0x01, 0xF0,
    0x00, 0x1F, 0x00, 0x01, 0xF0, 0x00, 0x1F, 0x00, 0x01, 0xF0, 0x00, 0x1F, 0x00, 0x06, 0x00, 0x1F,
    0x00, 0x1F, 0x80, 0x07, 0xC0, 0x03, 0xC0, 0x01, 0x80, 0x00, 0x00, 0x00, 0x00, 0xF8, 0x1F, 0xFC,
    0x3E, 0x7C, 0x3E, 0x7C, 0x3E, 0x7E, 0x7C, 0x3E, 0x7C, 0x3E, 0x7C, 0x1F, 0xF8, 0x1F, 0xF8, 0x1F,
    0xF8, 0x0F, 0xF0, 0x0F, 0xF0, 0x07, 0xE0, 0x07, 0xE0, 0x07, 0xE0, 0x4F, 0xC0, 0xFF, 0xC0, 0xFF,
    0x80, 0xFF, 0x00, 0xFE, 0x00, 0xF8, 0x03, 0xEF, 0xC0, 0x7E, 0x7E, 0x07, 0xE7, 0xE0, 0xFC, 0x3F,
    0x0F, 0xC3, 0xF1, 0xF8, 0x1F, 0x9F, 0x01, 0xFB, 0xF0, 0x0F, 0xFE, 0x00, 0x7F, 0xE0, 0x07, 0xFC,
    0x00, 0x3F, 0x80, 0x03, 0xF8, 0x00, 0x1F, 0x00, 0x01, 0xF0, 0x00, 0x1F, 0x00, 0x01, 0xF0, 0x00,
    0x1F, 0x00, 0x01, 0xF0, 0x00, 0x1F, 0x00, 0x01, 0xF0, 0x00, 0x00, 0x00, 0x00, 0xE0, 0x00, 0x1F,
    0x00, 0x01, 0xF0, 0x00, 0x1F, 0x00, 0x00, 0xF0, 0x00, 0x00, 0x00, 0xF8, 0x1F, 0x7E, 0x0F, 0x9F,
    0x0F, 0x8F, 0x87, 0xC7, 0xC3, 0xE3, 0xF3, 0xF0, 0xF9, 0xF0, 0x7C, 0xF8, 0x1F, 0x78, 0x0F, 0xFC,
    0x07, 0xFE, 0x01, 0xFE, 0x00, 0xFF, 0x00, 0x3F, 0x80, 0x1F, 0x80, 0x07, 0xC0, 0x07, 0xC0, 0x3F,
    0xE7, 0xBF, 0xE7, 0xFF, 0xE3, 0xFF, 0xE0, 0xF3, 0xC0, 0x30, 0x03, 0xF0, 0x00, 0x3F, 0x80, 0x03,
    0xF8, 0x00, 0x07, 0x80, 0x00, 0xF8, 0x00, 0x0F, 0x00, 0x00, 0xE0, 0x0F, 0x80, 0x3E, 0xFC, 0x07,
    0xE7, 0xE0, 0x7E, 0x7E, 0x0F, 0xC3, 0xF0, 0xFC, 0x3F, 0x1F, 0x81, 0xF9, 0xF0, 0x1F, 0xBF, 0x00,
    0xFF, 0xE0, 0x07, 0xFE, 0x00, 0x7F, 0xC0, 0x03, 0xF8, 0x00, 0x3F, 0x80, 0x01, 0xF0, 0x00, 0x1F,
    0x00, 0x01, 0xF0, 0x00, 0x1F, 0x00, 0x01, 0xF0, 0x00, 0x1F, 0x00, 0x01, 0xF0, 0x00, 0x1F, 0x00,
    0x0F, 0xC0, 0x07, 0xE0, 0x07, 0xF0, 0x00, 0xF0, 0x03, 0xE0, 0x03, 0xC0, 0x03, 0xC0, 0xF8, 0x1F,
    0xFC, 0x1F, 0x7C, 0x3E, 0x7C, 0x3E, 0x7C, 0x3E, 0x7E, 0x7E, 0x3E, 0x7C, 0x3E, 0x7C, 0x1F, 0x78,
    0x1F, 0xF8, 0x1F, 0xF8, 0x0F, 0xF0, 0x0F, 0xF0, 0x07, 0xF0, 0x07, 0xE0, 0x03, 0xE0, 0x07, 0xC0,
    0x7F, 0xC0, 0xFF, 0x80, 0xFF, 0x00, 0xFE, 0x00, 0x78, 0x00, 0x03, 0xCC, 0x00, 0x7F, 0xE0, 0x0F,
    0xFE, 0x00, 0xFF, 0xC0, 0x02, 0x38, 0x00, 0x00, 0x00, 0xF8, 0x03, 0xEF, 0xC0, 0x7E, 0x7E, 0x07,
    0xE7, 0xE0, 0xFC, 0x3F, 0x0F, 0xC3, 0xF1, 0xF8, 0x1F, 0x9F, 0x01, 0xFB, 0xF0, 0x0F, 0xFE, 0x00,
    0x7F, 0xE0, 0x07, 0xFC, 0x00, 0x3F, 0x80, 0x03, 0xF8, 0x00, 0x1F, 0x00, 0x01, 0xF0, 0x00, 0x1F,
    0x00, 0x01, 0xF0, 0x00, 0x1F, 0x00, 0x01, 0xF0, 0x00, 0x1F, 0x00, 0x01, 0xF0, 0x00, 0x00, 0x00,
    0x0F, 0x38, 0x1F, 0xFC, 0x1F, 0xF8, 0x1F, 0xF0, 0x08, 0x60, 0x00, 0x00, 0xF8, 0x1F, 0xFC, 0x1F,
    0x7C, 0x3E, 0x7C, 0x3E, 0x7C, 0x3E, 0x7E, 0x7E, 0x3E, 0x7C, 0x3E, 0x7C, 0x1F, 0x78, 0x1F, 0xF8,
    0x1F, 0xF8, 0x0F, 0xF0, 0x0F, 0xF0, 0x07, 0xF0, 0x07, 0xE0, 0x03, 0xE0, 0x07, 0xC0, 0x7F, 0xC0,
    0xFF, 0x80, 0xFF, 0x00, 0xFE, 0x00, 0x78, 0x00, 0xFF, 0xFF, 0xFF, 0xFF, 0xFF, 0xC0, 0x42, 0x66,
    0x3C, 0x18, 0x3C, 0x7E, 0x18, 0x18, 0x18, 0x18, 0x18, 0x18, 0x18, 0x18, 0x18, 0x18, 0x18, 0x18,
    0x18, 0x18, 0x18, 0x08, 0x1C, 0x0E, 0xFE, 0xCE, 0xDC, 0xD8, 0xC0, 0xC0, 0xC0, 0xC0, 0xC0, 0xC0,
    0xC0, 0xC0, 0xC0, 0xC0, 0xC0, 0xC0, 0xC0, 0xC0, 0xC0, 0x10, 0x38, 0x70, 0x7F, 0x73, 0x3B, 0x1B,
    0x03, 0x03, 0x03, 0x03, 0x03, 0x03, 0x03, 0x03, 0x03, 0x03, 0x03, 0x03, 0x03, 0x03, 0x03, 0x7F,
    0xFF, 0xFF, 0xFF, 0xF0, 0x7F, 0xFF, 0xFF, 0xEF, 0xF0, 0xFF, 0xFF, 0xFF, 0xFF, 0xFF, 0xFF, 0xFF,
    0xF0, 0xFF, 0xFF, 0xFF, 0xFF, 0xFF, 0xFF, 0xFF, 0xFF, 0xFF, 0xFF, 0xFF, 0xFF, 0xFF, 0xFF, 0xF0,
    0xFF, 0xFF, 0xFF, 0xFF, 0xFF, 0xFF, 0xFF, 0xFF, 0xFF, 0xFF, 0xFF, 0xFF, 0xFF, 0xFF, 0xF0, 0x3D,
    0xF7, 0xBE, 0xFB, 0xEF, 0xBE, 0xF8, 0x7D, 0xF7, 0xDF, 0x7D, 0xF7, 0xBE, 0xF0, 0x7D, 0xF7, 0xDF,
    0x7D, 0xF7, 0xBE, 0xF0, 0x3C, 0xF7, 0xDF, 0x79, 0xFF, 0x9E, 0xFB, 0xEF, 0xBE, 0xFB, 0xEF, 0xBE,
    0xFB, 0xE0, 0x7D, 0xF7, 0xCF, 0x7D, 0xF7, 0xDF, 0x7D, 0xF7, 0x9F, 0x79, 0xEF, 0x9E, 0xF1, 0xC0,
    0x7D, 0xF7, 0xCF, 0x7D, 0xF7, 0xDF, 0x7D, 0xF7, 0x9F, 0x79, 0xEF, 0x9E, 0xF1, 0xC0, 0x0F, 0x00,
    0x78, 0x03, 0xC0, 0x1E, 0x00, 0xF0, 0x07, 0x83, 0xFF, 0xFF, 0xFF, 0xFF, 0xFF, 0xFF, 0xC3, 0xC0,
    0x1E, 0x00, 0xF0, 0x07, 0x80, 0x3C, 0x01, 0xE0, 0x0F, 0x00, 0x78, 0x03, 0xC0, 0x1E, 0x00, 0xF0,
    0x07, 0x80, 0x3C, 0x00, 0xE0, 0x0F, 0x00, 0x78, 0x03, 0xC0, 0x1E, 0x00, 0xF0, 0x07, 0x83, 0xFF,
    0xFF, 0xFF, 0xFF, 0xFF, 0xFF, 0xC3, 0xC0, 0x1E, 0x00, 0xF0, 0x07, 0x83, 0xFF, 0xFF, 0xFF, 0xFF,
    0xFF, 0xFF, 0xC3, 0xC0, 0x1E, 0x00, 0xF0, 0x07, 0x80, 0x3C, 0x01, 0xE0, 0x3E, 0x3F, 0xBF, 0xFF,
    0xFF, 0xFF, 0xFD, 0xFC, 0x7C, 0x7C, 0x1F, 0x07, 0xCF, 0x83, 0xE0, 0xFB, 0xF0, 0xFE, 0x1F, 0xBE,
    0x0F, 0x83, 0xE7, 0xC1, 0xF0, 0x7C, 0x3F, 0x01, 0xF0, 0x00, 0x03, 0xFC, 0x0F, 0x80, 0x00, 0x3F,
    0xF0, 0xF8, 0x00, 0x01, 0xF7, 0x87, 0x80, 0x00, 0x0F, 0x3E, 0x7C, 0x00, 0x00, 0x78, 0xF7, 0xC0,
    0x00, 0x03, 0xC7, 0xBE, 0x00, 0x00, 0x1E, 0x7F, 0xE0, 0x00, 0x00, 0xFB, 0xDF, 0xFE, 0x0F, 0xC7,
    0xFF, 0xFF, 0xF8, 0xFF, 0x1F, 0xEF, 0x7F, 0xCF, 0xFC, 0x7E, 0xFF, 0xDF, 0x7D, 0xE0, 0x0F, 0xBC,
    0x7B, 0xCF, 0x80, 0x7D, 0xE3, 0xDE, 0x3C, 0x07, 0xCF, 0x1E, 0xF1, 0xE0, 0x3E, 0x78, 0xF7, 0x9F,
    0x03, 0xE3, 0xEF, 0xBE, 0xF0, 0x1E, 0x0F, 0xF9, 0xFF, 0x81, 0xF0, 0x7F, 0xC7, 0xF8, 0x1F, 0x01,
    0xFC, 0x1F, 0x80, 0x04, 0x07, 0x83, 0xE3, 0xE3, 0xF1, 0xF1, 0xF9, 0xF8, 0x7E, 0x1F, 0x0F, 0xC3,
    0xE0, 0xF8, 0x78, 0x10, 0x18, 0x3C, 0x1F, 0x0F, 0xC3, 0xE1, 0xF8, 0x7E, 0x3F, 0x1F, 0x9F, 0x8F,
    0x8F, 0xC7, 0xC3, 0xC0, 0x60, 0x00, 0x00, 0x00, 0x78, 0x01, 0xF0, 0x03, 0xC0, 0x0F, 0x80, 0x1E,
    0x00, 0x7C, 0x00, 0xF0, 0x03, 0xE0, 0x07, 0x80, 0x1F, 0x00, 0x3C, 0x00, 0xF8, 0x01, 0xE0, 0x07,
    0xC0, 0x1F, 0x00, 0x3E, 0x00, 0xF8, 0x01, 0xF0, 0x07, 0xC0, 0x0F, 0x80, 0x00, 0x00, 0x7C, 0x7E,
    0xFE, 0x7E, 0x7E, 0x18, 0x00, 0x00, 0x00, 0x00, 0x00, 0x00, 0x7C, 0x7C, 0x7E, 0x7E, 0x3E, 0x3E,
    0x3E, 0x1F, 0x1E, 0x3F, 0x0F, 0xF1, 0xEF, 0x79, 0xEF, 0x1D, 0xE3, 0xBC, 0x77, 0x8E, 0xF3, 0xCF,
    0x79, 0xFE, 0x1F, 0x80, 0x07, 0x81, 0xF0, 0x7E, 0x0F, 0xC3, 0xF8, 0xF7, 0x1C, 0xE7, 0xFE, 0xFF,
    0xC0, 0x70, 0x0E, 0x01, 0xC0, 0x3F, 0x8F, 0xE3, 0xF9, 0xE0, 0x78, 0x1F, 0xC7, 0xF9, 0xFF, 0x03,
    0xD9, 0xF7, 0xF9, 0xFC, 0x07, 0x87, 0xE3, 0xF1, 0xE0, 0x7F, 0x9F, 0xF7, 0xBD, 0xCF, 0x73, 0xDE,
    0xF7, 0xF8, 0xFC, 0xFF, 0xFF, 0xF0, 0x7C, 0x1E, 0x0F, 0x83, 0xC0, 0xF0, 0x78, 0x1E, 0x07, 0x81,
    0xE0, 0xF0, 0x3F, 0x9F, 0xF7, 0xBD, 0xCF, 0x7F, 0xDF, 0xE7, 0xFD, 0xFF, 0xF3, 0xFE, 0xF7, 0xFC,
    0xFE, 0x3F, 0x1F, 0xE7, 0xBD, 0xCF, 0x73, 0xDE, 0xF7, 0xFC, 0xFF, 0x03, 0x87, 0xE7, 0xF1, 0xF0,
    0x3F, 0x0F, 0xF1, 0xEF, 0x79, 0xEF, 0x1D, 0xE3, 0xBC, 0x77, 0x8E, 0xF3, 0xCF, 0x79, 0xFE, 0x1F,
    0x80, 0x1F, 0xFF, 0xFF, 0xFF, 0xE3, 0xC7, 0x8F, 0x1E, 0x3C, 0x78, 0x3F, 0x3F, 0xE7, 0x78, 0x1E,
    0x0F, 0x87, 0xC3, 0xE1, 0xF0, 0x7F, 0xDF, 0xF7, 0xFC, 0x7F, 0x1F, 0xE7, 0x78, 0x1E, 0x07, 0x87,
    0xE1, 0xF8, 0x1F, 0x03, 0xD9, 0xEF, 0xFB, 0xFC, 0x07, 0x81, 0xF0, 0x7E, 0x0F, 0xC3, 0xF8, 0xF7,
    0x1C, 0xE7, 0xFE, 0xFF, 0xC0, 0x70, 0x0E, 0x01, 0xC0, 0x3F, 0x8F, 0xE3, 0xF9, 0xE0, 0x78, 0x1F,
    0xC7, 0xF9, 0xFF, 0x03, 0xD9, 0xF7, 0xF9, 0xFC, 0x07, 0x87, 0xE3, 0xF1, 0xE0, 0x7F, 0x9F, 0xF7,
    0xBD, 0xCF, 0x73, 0xDE, 0xF7, 0xF8, 0xFC, 0xFF, 0xFF, 0xF0, 0x7C, 0x1E, 0x0F, 0x83, 0xC0, 0xF0,
    0x78, 0x1E, 0x07, 0x81, 0xE0, 0xF0, 0x3F, 0x9F, 0xF7, 0xBD, 0xCF, 0x7F, 0xDF, 0xE7, 0xFD, 0xFF,
    0xF3, 0xFE, 0xF7, 0xFC, 0xFE, 0x3F, 0x1F, 0xE7, 0xBD, 0xCF, 0x73, 0xDE, 0xF7, 0xFC, 0xFF, 0x03,
    0x87, 0xE7, 0xF1, 0xF0, 0xFF, 0xC0, 0x7B, 0xFF, 0xE3, 0xEF, 0xFF, 0xCF, 0xBF, 0xFF, 0x3E, 0xF8,
    0x3E, 0xFB, 0xE0, 0x7B, 0xEF, 0xBD, 0xEF, 0xBE, 0xF7, 0xBE, 0xFB, 0xDE, 0xFB, 0xEF, 0x7B, 0xEF,
    0xBD, 0xEF, 0xBE, 0xF7, 0xBE, 0xFB, 0xDE, 0xFB, 0xEF, 0x03, 0xEF, 0xBF, 0xFF, 0xBE, 0xFF, 0xFC,
    0xFB, 0xFF, 0xE3, 0xEF, 0xFF, 0x00, 0x03, 0xFE, 0x07, 0xFE, 0x0F, 0xFE, 0x1F, 0xFE, 0x1F, 0x8C,
    0x3E, 0x00, 0xFF, 0xF8, 0xFF, 0xF8, 0xFF, 0xF8, 0x3E, 0x00, 0x3E, 0x00, 0xFF, 0xF8, 0xFF, 0xF0,
    0xFF, 0xF0, 0x3E, 0x00, 0x3F, 0x8E, 0x1F, 0xFE, 0x0F, 0xFE, 0x0F, 0xFF, 0x03, 0xFE, 0xFF, 0xFF,
    0xFF, 0xFF, 0xFF, 0xFF, 0xFF, 0xFF, 0xF0, 0x3E, 0x00, 0x1F, 0x40, 0x0F, 0xF0, 0x07, 0xF8, 0x07,
    0xFC, 0x0F, 0xF8, 0x0F, 0xF8, 0x03, 0xFF, 0x81, 0xBF, 0xC0, 0x1F, 0xE0, 0x3F, 0xC0, 0x7F, 0xC0,
    0x1F, 0xE0, 0x0F, 0xF0, 0x00, 0xF8, 0x00, 0x7C, 0x00, 0x1F, 0xF0, 0x3F, 0xF8, 0x3F, 0xFC, 0x1F,
    0xFC, 0x1C, 0x7E, 0x00, 0x3E, 0xFF, 0xFF, 0xFF, 0xFF, 0xFF, 0xFF, 0x07, 0xF0, 0x1F, 0xE0, 0xFF,
    0xFF, 0xFF, 0xFF, 0xFF, 0xFF, 0x7C, 0x00, 0x3F, 0x1C, 0x3F, 0xFE, 0x3F, 0xFE, 0x1F, 0xFE, 0x0F,
    0xFC, 0xFF, 0xFF, 0xFF, 0xFF, 0xBF, 0xFF, 0xC0, 0x7F, 0x00, 0x0F, 0x87, 0xFF, 0xFB, 0xFF, 0xF9,
    0xFF, 0xFC, 0x00, 0xF8, 0x03, 0xFC, 0x3F, 0xFC, 0x1F, 0xFC, 0x0F, 0xF8, 0x07, 0xF0, 0x01, 0xFC,
    0x00, 0x7F, 0x00, 0x1F, 0xC0, 0x07, 0xE0, 0x01, 0xF8, 0x00, 0x7E, 0x00, 0x3F, 0xE0, 0x3F, 0xF8,
    0x3F, 0xFC, 0x3F, 0xFC, 0x39, 0xFE, 0x00, 0x3E, 0x00, 0x3E, 0x0F, 0xFF, 0x3F, 0xFF, 0x7F, 0xFF,
    0x7F, 0xFF, 0xFE, 0x7F, 0xF8, 0x1E, 0xF8, 0x3E, 0xF8, 0x3E, 0xFC, 0xFE, 0xFF, 0xFC, 0x7F, 0xF8,
    0x3F, 0xF0, 0x1F, 0xE0, 0x00, 0xF8, 0x00, 0x1F, 0x80, 0x01, 0xF8, 0x00, 0x3F, 0xC0, 0x03, 0xFC,
    0x00, 0x7F, 0xE0, 0x07, 0xFE, 0x00, 0xFF, 0xF0, 0x0F, 0x9F, 0x00, 0xF9, 0xF0, 0x1F, 0x0F, 0x81,
    0xF0, 0xF8, 0x3F, 0x0F, 0xC3, 0xE0, 0x7C, 0x3E, 0x07, 0xC7, 0xE0, 0x7E, 0x7F, 0xFF, 0xE7, 0xFF,
    0xFE, 0xFF, 0xFF, 0xFF, 0xFF, 0xFF, 0xFF, 0xFF, 0xFF, 0xFF, 0xFF, 0xFF, 0xFF, 0xFF, 0xFF, 0x80,
    0xFF, 0xC0, 0x7F, 0xE0, 0x3F, 0xF0, 0x1F, 0xF8, 0x0F, 0xFC, 0x07, 0xFE, 0x03, 0xFF, 0x01, 0xFF,
    0x80, 0xFF, 0xC0, 0x7F, 0xE0, 0x3F, 0xF0, 0x1F, 0xF8, 0x0F, 0xFC, 0x07, 0xFE, 0x03, 0xFF, 0x01,
    0xFF, 0x80, 0xFF, 0xC0, 0x7F, 0xE0, 0x3E, 0xFF, 0xFF, 0xFF, 0xFF, 0xFF, 0xFF, 0x7F, 0xFF, 0x7E,
    0x00, 0x3F, 0x00, 0x1F, 0x00, 0x1F, 0x80, 0x0F, 0xC0, 0x07, 0xC0, 0x07, 0xE0, 0x03, 0xF0, 0x07,
    0xE0, 0x07, 0xC0, 0x0F, 0x80, 0x1F, 0x80, 0x3F, 0x00, 0x3E, 0x00, 0x7E, 0x00, 0xFF, 0xFF, 0xFF,
    0xFF, 0xFF, 0xFF, 0xFF, 0xFF, 0xFF, 0xFD, 0xFF, 0xFB, 0xFF, 0xF7, 0xFF, 0xE0, 0x00, 0x00, 0x00,
    0x78, 0x01, 0xF0, 0x03, 0xC0, 0x0F, 0x80, 0x1E, 0x00, 0x7C, 0x00, 0xF0, 0x03, 0xE0, 0x07, 0x80,
    0x1F, 0x00, 0x3C, 0x00, 0xF8, 0x01, 0xE0, 0x07, 0xC0, 0x1F, 0x00, 0x3E, 0x00, 0xF8, 0x01, 0xF0,
    0x07, 0xC0, 0x0F, 0x80, 0x00, 0x7C, 0xF9, 0xFB, 0xE7, 0xC0, 0x00, 0x03, 0xE0, 0x00, 0x78, 0x00,
    0x1F, 0x00, 0x03, 0xE0, 0x00, 0xF8, 0x00, 0x1F, 0x00, 0x03, 0xE0, 0x00, 0xF8, 0x00, 0x1F, 0x01,
    0xC3, 0xE1, 0xFC, 0xF8, 0x3F, 0x9F, 0x07, 0xFB, 0xC0, 0xFF, 0xF8, 0x01, 0xFF, 0x00, 0x3F, 0xC0,
    0x03, 0xF8, 0x00, 0x7F, 0x00, 0x07, 0xC0, 0x00, 0xF8, 0x00, 0x3F, 0x3F, 0x1F, 0xFF, 0xE7, 0xFF,
    0xFD, 0xEF, 0xDF, 0x79, 0xE3, 0xDE, 0xFD, 0xF7, 0xFF, 0xFD, 0xFF, 0xFE, 0x3F, 0x3F, 0x00, 0x00,
    0x00, 0x3F, 0x07, 0xF0, 0xFF, 0x0F, 0xF1, 0xF8, 0x1F, 0x01, 0xF0, 0x1F, 0x01, 0xF0, 0x1F, 0x01,
    0xF0, 0x1F, 0x01, 0xF0, 0x1F, 0x01, 0xF0, 0x1F, 0x01, 0xF0, 0x1F, 0x01, 0xF0, 0x1F, 0x03, 0xF0,
    0xFF, 0x0F, 0xF0, 0xFE, 0x0F, 0xC0, 0x00, 0x00, 0x1F, 0x0F, 0x3F, 0xCF, 0x7F, 0xFF, 0x7F, 0xFE,
    0xFB, 0xFE, 0x70, 0xFC, 0x00, 0x00, 0x1F, 0x0F, 0x3F, 0xCF, 0x7F, 0xFF, 0x7F, 0xFE, 0xFB, 0xFE,
    0x70, 0xFC, 0x00, 0x30, 0x00, 0xF0, 0x01, 0xE0, 0x07, 0x8F, 0xFF, 0xDF, 0xFF, 0xBF, 0xFF, 0x7F,
    0xFE, 0x03, 0xC0, 0x0F, 0x00, 0x1E, 0x07, 0xFF, 0xEF, 0xFF, 0xDF, 0xFF, 0xBF, 0xFF, 0x1E, 0x00,
    0x3C, 0x00, 0x70, 0x00, 0x60, 0x00, 0x00, 0x38, 0x03, 0xF8, 0x7F, 0xF7, 0xFF, 0xEF, 0xFF, 0x9F,
    0xF8, 0x3F, 0x80, 0x7F, 0xE0, 0xFF, 0xF9, 0xFF, 0xF8, 0x3F, 0xF0, 0x0F, 0xE0, 0x03, 0x80, 0x00,
    0x3F, 0xFF, 0x7F, 0xFE, 0xFF, 0xFD, 0xFF, 0xF8, 0x70, 0x00, 0xFE, 0x03, 0xFF, 0x87, 0xFF, 0xE3,
    0xFF, 0xC0, 0xFF, 0x80, 0x3F, 0x03, 0xFE, 0x3F, 0xFD, 0xFF, 0xFB, 0xFF, 0x83, 0xF8, 0x07, 0x00,
    0x00, 0x00, 0x3F, 0xFF, 0x7F, 0xFE, 0xFF, 0xFD, 0xFF, 0xF8, 0x1F, 0xE1, 0xFE, 0xFF, 0xC7, 0xFD,
    0xFF, 0x1F, 0xFF, 0xFE, 0x7F, 0xEF, 0xCC, 0xFE, 0xDF, 0x01, 0xF0, 0x3E, 0x03, 0xE0, 0x7C, 0x07,
    0xC0, 0xFF, 0xCF, 0xFD, 0xFF, 0x9F, 0xFB, 0xFF, 0x3F, 0xF7, 0xFE, 0x7F, 0xEF, 0x80, 0xF8, 0x1F,
    0x01, 0xF0, 0x3E, 0x03, 0xE0, 0x7C, 0x07, 0xC0, 0xF8, 0x0F, 0x81, 0xF0, 0x1F, 0x03, 0xE0, 0x3E,
    0x07, 0xC0, 0x7C, 0x0F, 0x80, 0xF8, 0x1F, 0x01, 0xF0, 0x3E, 0x03, 0xE0, 0x00, 0x1F, 0xCF, 0x3F,
    0xE7, 0xDF, 0xF7, 0xFF, 0xF9, 0xFF, 0xC8, 0xF7, 0xC0, 0x03, 0xE0, 0x01, 0xF0, 0x00, 0xFF, 0xCF,
    0xFF, 0xE7, 0xFF, 0xF3, 0xFF, 0xF9, 0xFF, 0x80, 0xFF, 0xC0, 0x7F, 0xE0, 0x3F, 0xF0, 0x1F, 0xF8,
    0x0F, 0xFC, 0x07, 0xFE, 0x03, 0xFF, 0x01, 0xFF, 0x80, 0xFF, 0xC0, 0x7F, 0xE0, 0x3E, 0x1F, 0xCF,
    0x8F, 0xF9, 0xF1, 0xFF, 0x3E, 0x7F, 0xE7, 0xCF, 0xC8, 0xF9, 0xF0, 0x1F, 0x3E, 0x03, 0xE7, 0xC0,
    0x7C, 0xFF, 0xCF, 0x9F, 0xF9, 0xF3, 0xFF, 0x3E, 0x7F, 0xE7, 0xCF, 0x80, 0xF9, 0xF0, 0x1F, 0x3E,
    0x03, 0xE7, 0xC0, 0x7C, 0xF8, 0x0F, 0x9F, 0x01, 0xF3, 0xE0, 0x3F, 0x7C, 0x07, 0xFF, 0x80, 0xFF,
    0xF0, 0x0F, 0xFE, 0x00, 0xF8, 0x1F, 0xE1, 0xFC, 0xF9, 0xFF, 0x8F, 0xF3, 0xE7, 0xFC, 0x7F, 0xCF,
    0xBF, 0xF3, 0xFF, 0x3E, 0xFC, 0xCF, 0xCC, 0xFB, 0xE0, 0x3E, 0x00, 0x0F, 0x80, 0xF8, 0x00, 0x3E,
    0x03, 0xE0, 0x00, 0xFF, 0xCF, 0xFC, 0xFB, 0xFF, 0x3F, 0xF3, 0xEF, 0xFC, 0xFF, 0xCF, 0xBF, 0xF3,
    0xFF, 0x3E, 0xF8, 0x0F, 0x80, 0xFB, 0xE0, 0x3E, 0x03, 0xEF, 0x80, 0xF8, 0x0F, 0xBE, 0x03, 0xE0,
    0x3E, 0xF8, 0x0F, 0x80, 0xFB, 0xE0, 0x3E, 0x03, 0xEF, 0x80, 0xF8, 0x0F, 0xBE, 0x03, 0xE0, 0x3E,
    0xF8, 0x0F, 0x80, 0xFB, 0xE0, 0x3E, 0x03, 0xEF, 0x80, 0xF8, 0x0F, 0x80, 0x1F, 0xE1, 0xFC, 0xF8,
    0x7F, 0xE3, 0xFC, 0xF8, 0x7F, 0xC7, 0xFC, 0xF8, 0xFF, 0xCF, 0xFC, 0xF8, 0xFC, 0xCF, 0xCC, 0xF8,
    0xF8, 0x0F, 0x80, 0xF8, 0xF8, 0x0F, 0x80, 0xF8, 0xF8, 0x0F, 0x80, 0xF8, 0xFF, 0xCF, 0xFC, 0xF8,
    0xFF, 0xCF, 0xFC, 0xF8, 0xFF, 0xCF, 0xFC, 0xF8, 0xFF, 0xCF, 0xFC, 0xF8, 0xF8, 0x0F, 0x80, 0xF8,
    0xF8, 0x0F, 0x80, 0xF8, 0xF8, 0x0F, 0x80, 0xF8, 0xF8, 0x0F, 0x80, 0xF8, 0xF8, 0x0F, 0x80, 0xF8,
    0xF8, 0x0F, 0x80, 0xF8, 0xF8, 0x0F, 0x80, 0xFC, 0xF8, 0x0F, 0x80, 0xFE, 0xF8, 0x0F, 0x80, 0xFE,
    0xF8, 0x0F, 0x80, 0x7E, 0xF8, 0x0F, 0x80, 0x3E, 0x00, 0x00, 0x00, 0xE1, 0x00, 0x00, 0x0F, 0x9F,
    0x00, 0x00, 0x7C, 0xF8, 0x00, 0x03, 0xE7, 0xC0, 0x00, 0x0F, 0xBC, 0x00, 0x00, 0x7D, 0xE0, 0x00,
    0x03, 0xEF, 0x80, 0x00, 0x1F, 0x7F, 0x00, 0x07, 0xFB, 0xFF, 0xFF, 0xFF, 0x8F, 0xFF, 0xFF, 0xFC,
    0x3F, 0xFF, 0xFF, 0xC0, 0xFF, 0xFF, 0xF8, 0x00, 0xFF, 0xFC, 0x00, 0x00, 0x00, 0x00, 0x00, 0x00,
    0x00, 0x00, 0x00, 0x08, 0xC0, 0x00, 0x00, 0xEF, 0x00, 0x00, 0x0F, 0x78, 0x00, 0x00, 0x3B, 0x80,
    0x00, 0x00, 0x70, 0x00, 0x00, 0x03, 0x80, 0x00, 0x00, 0x3E, 0x00, 0x00, 0x00, 0xE0, 0x00, 0x20,
    0x00, 0x00, 0x00, 0x07, 0xC0, 0x00, 0x00, 0x00, 0x7C, 0x00, 0x00, 0x10, 0x07, 0xC0, 0x00, 0x03,
    0xC0, 0x78, 0x00, 0x00, 0x7E, 0x07, 0x80, 0x00, 0x0F, 0xC0, 0x7C, 0x00, 0x03, 0xFC, 0x07, 0xF0,
    0x00, 0xFF, 0xF0, 0x7F, 0xFF, 0xFF, 0xFF, 0xF3, 0xFF, 0xFF, 0xFD, 0xFF, 0x1F, 0xFF, 0xFF, 0x9F,
    0xF0, 0xFF, 0xFF, 0xE0, 0x7F, 0x01, 0xFF, 0xE0, 0x00, 0x40, 0x00, 0x00, 0x00, 0x00, 0x00, 0x00,
    0x00, 0x00, 0x00, 0x01, 0x88, 0x00, 0x00, 0x00, 0x3D, 0xC0, 0x00, 0x00, 0x03, 0xDE, 0x00, 0x00,
    0x00, 0x3D, 0xC0, 0x00, 0x00, 0x00, 0x70, 0x00, 0x00, 0x00, 0x0F, 0x00, 0x00, 0x00, 0x00, 0xF0,
    0x00, 0x00, 0x00, 0x07, 0x00, 0x00, 0x00, 0x07, 0x0F, 0x87, 0xC3, 0xF0, 0xF8, 0x7C, 0x3E, 0x1F,
    0x0F, 0x8F, 0xFF, 0xFF, 0xEF, 0xE7, 0xE2, 0x00, 0x00, 0x62, 0x7B, 0xBD, 0xEE, 0xE1, 0xC1, 0xE0,
    0xF0, 0x38, 0x00, 0x00, 0x1F, 0x00, 0x3E, 0x00, 0x7C, 0x00, 0xF8, 0x03, 0xF0, 0x0F, 0xF0, 0x7F,
    0xFE, 0xFF, 0xFF, 0xFF, 0xFF, 0xE7, 0xF4, 0x00, 0x80, 0x00, 0x06, 0x20, 0x1E, 0xE0, 0x3D, 0xE0,
    0x7B, 0x80, 0x1C, 0x00, 0x78, 0x00, 0xF0, 0x00, 0xE0, 0x00, 0x00, 0x0C, 0x00, 0x00, 0x00, 0x60,
    0x00, 0x00, 0x03, 0x20, 0x00, 0x00, 0x1F, 0xC0, 0x00, 0x00, 0xFE, 0x00, 0x00, 0x07, 0x70, 0x00,
    0x00, 0xFF, 0x80, 0x00, 0x07, 0xF8, 0x00, 0x00, 0x1F, 0x80, 0x00, 0x00, 0x00, 0x07, 0x08, 0x00,
    0x00, 0x7C, 0xF8, 0x00, 0x03, 0xE7, 0xC0, 0x00, 0x1F, 0x3E, 0x00, 0x00, 0x7D, 0xE0, 0x00, 0x03,
    0xEF, 0x00, 0x00, 0x1F, 0x7C, 0x00, 0x00, 0xFB, 0xF8, 0x00, 0x3F, 0xDF, 0xFF, 0xFF, 0xFC, 0x7F,
    0xFF, 0xFF, 0xE1, 0xFF, 0xFF, 0xFE, 0x07, 0xFF, 0xFF, 0xC0, 0x07, 0xFF, 0xE0, 0x00, 0x00, 0x04,
    0x00, 0x00, 0x00, 0x00, 0xE0, 0x00, 0x00, 0x00, 0x0E, 0xC0, 0x00, 0x00, 0x00, 0xFE, 0x00, 0x00,
    0x00, 0x0F, 0xF0, 0x00, 0x00, 0x00, 0xF7, 0x00, 0x00, 0x00, 0x1F, 0xF0, 0x00, 0x00, 0x01, 0xFE,
    0x00, 0x00, 0x00, 0x1F, 0x80, 0x00, 0x00, 0x00, 0x00, 0x00, 0x00, 0x20, 0x00, 0x00, 0x00, 0x07,
    0xC0, 0x00, 0x00, 0x00, 0x7C, 0x00, 0x00, 0x10, 0x07, 0xC0, 0x00, 0x03, 0xC0, 0x78, 0x00, 0x00,
    0x7E, 0x07, 0x80, 0x00, 0x0F, 0xC0, 0x7C, 0x00, 0x03, 0xFC, 0x07, 0xF0, 0x00, 0xFF, 0xF0, 0x7F,
    0xFF, 0xFF, 0xFF, 0xF3, 0xFF, 0xFF, 0xFD, 0xFF, 0x1F, 0xFF, 0xFF, 0x9F, 0xF0, 0xFF, 0xFF, 0xE0,
    0x7F, 0x01, 0xFF, 0xE0, 0x00, 0x40, 0x20, 0x38, 0x1D, 0x8F, 0xE7, 0xFB, 0xDF, 0xFF, 0xFE, 0xFC,
    0x00, 0x00, 0x01, 0xC3, 0xE1, 0xF0, 0x7C, 0x3E, 0x1F, 0x0F, 0x87, 0xC3, 0xE3, 0xF7, 0xFB, 0xF9,
    0xFC, 0xF8, 0x40, 0x00, 0x0C, 0x00, 0x18, 0x00, 0x3A, 0x00, 0x7F, 0x00, 0xFE, 0x01, 0xCC, 0x07,
    0xF8, 0x0F, 0xF0, 0x1F, 0x80, 0x00, 0x00, 0x00, 0x00, 0x00, 0x00, 0xF8, 0x01, 0xF0, 0x03, 0xE0,
    0x07, 0xC0, 0x1F, 0x80, 0x7F, 0x83, 0xFF, 0xF7, 0xFF, 0xFF, 0xFF, 0xFF, 0x3F, 0xA0, 0x04, 0x00,
    0x3F, 0x80, 0x07, 0xFF, 0x00, 0x7F, 0xFE, 0x07, 0xFF, 0xFE, 0x7F, 0xFF, 0xE0, 0x03, 0xFE, 0x00,
    0x7F, 0xE0, 0x1F, 0xFE, 0x07, 0xFE, 0x00, 0xFF, 0x00, 0x1F, 0xC0, 0x03, 0xF0, 0x00, 0x3E, 0x00,
    0x07, 0xC6, 0x60, 0x7C, 0x7E, 0x0F, 0x87, 0xE0, 0xF8, 0x18, 0x0F, 0x83, 0xC0, 0xF8, 0x18, 0x0F,
    0xC0, 0x00, 0x7C, 0x00, 0x07, 0xF0, 0x0E, 0x3F, 0xFF, 0xE3, 0xFF, 0xFF, 0x0F, 0xFF, 0xF0, 0x7F,
    0xFE, 0x00, 0xFE, 0x00, 0x3F, 0x80, 0x00, 0x3F, 0xF8, 0x00, 0x1F, 0xFF, 0x80, 0x0F, 0xFF, 0xFC,
    0x07, 0xFF, 0xFE, 0x00, 0x01, 0xFF, 0x00, 0x01, 0xFF, 0x80, 0x03, 0xFF, 0xC0, 0x07, 0xFF, 0x80,
    0x07, 0xF9, 0xE0, 0x07, 0xF0, 0xFC, 0x07, 0xE0, 0x7F, 0xE3, 0xE0, 0x1F, 0xFB, 0xE3, 0x37, 0xFD,
    0xF1, 0xF9, 0xFD, 0xF0, 0xFC, 0x00, 0xF8, 0x18, 0x00, 0x7C, 0x1E, 0x00, 0x3E, 0x06, 0x00, 0x1F,
    0x80, 0x00, 0x07, 0xC0, 0x00, 0x03, 0xF8, 0x07, 0x00, 0xFF, 0xFF, 0x80, 0x7F, 0xFF, 0xE0, 0x0F,
    0xFF, 0xF0, 0x03, 0xFF, 0xF0, 0x00, 0x3F, 0x80, 0x00, 0x3F, 0x80, 0x1F, 0xF8, 0x07, 0xFF, 0x80,
    0xFF, 0xFE, 0x3F, 0xFF, 0xC0, 0x1F, 0xF0, 0x03, 0xFC, 0x03, 0xFF, 0x1F, 0xFF, 0x3F, 0xFE, 0x0F,
    0xFF, 0x03, 0xFF, 0x00, 0xFE, 0x00, 0x20, 0x00, 0x00, 0x00, 0x00, 0x08, 0xC0, 0x07, 0x78, 0x03,
    0xFE, 0x00, 0x77, 0x80, 0x07, 0x00, 0x01, 0xE0, 0x00, 0x78, 0x00, 0x1C, 0x00, 0x3F, 0x80, 0x01,
    0xFF, 0x80, 0x07, 0xFF, 0x80, 0x0F, 0xFF, 0xE0, 0x3F, 0xFF, 0xC0, 0x01, 0xFF, 0x00, 0x03, 0xFC,
    0x00, 0x3F, 0xF0, 0x1F, 0xFF, 0x83, 0xFF, 0xFF, 0xEF, 0xFF, 0xFF, 0xFF, 0xF1, 0xFF, 0xFE, 0x03,
    0xFA, 0x00, 0x00, 0x00, 0x00, 0x00, 0x01, 0x88, 0x00, 0x0F, 0x70, 0x00, 0x3F, 0xC0, 0x00, 0xF7,
    0x00, 0x00, 0x60, 0x00, 0x03, 0xC0, 0x00, 0x0F, 0x00, 0x00, 0x1C, 0x00, 0x00, 0x18, 0x00, 0xC0,
    0x06, 0x40, 0x3F, 0x01, 0xFC, 0x0E, 0xE1, 0xFF, 0x0F, 0xF0, 0x3F, 0x00, 0x00, 0x00, 0x00, 0x03,
    0x00, 0x7C, 0x03, 0xE0, 0x1F, 0x80, 0x7E, 0x01, 0xF0, 0x0F, 0x80, 0x3E, 0x01, 0xF0, 0x0F, 0xB8,
    0xFD, 0xFF, 0xFF, 0xFF, 0xFF, 0xF3, 0xFF, 0x01, 0x80, 0x18, 0x00, 0x06, 0x00, 0x01, 0x90, 0x00,
    0x7E, 0x00, 0x1F, 0xC0, 0x07, 0x70, 0x07, 0xFC, 0x01, 0xFE, 0x00, 0x3F, 0x00, 0x00, 0x00, 0x00,
    0x00, 0x00, 0x06, 0x00, 0x07, 0xC0, 0x01, 0xF8, 0x00, 0x7E, 0x00, 0x0F, 0xC0, 0x01, 0xF0, 0x00,
    0x7C, 0x00, 0x0F, 0x80, 0x03, 0xE0, 0x00, 0xFC, 0x1C, 0x7F, 0x87, 0xFF, 0xFF, 0xFF, 0xFF, 0xFF,
    0xFF, 0xDF, 0xFB, 0xF0, 0x60, 0x10, 0x00, 0xC0, 0x07, 0x80, 0x1E, 0x00, 0x78, 0x03, 0xF0, 0x1F,
    0xE0, 0x7F, 0x81, 0xDE, 0x00, 0x00, 0x00, 0x00, 0x00, 0x00, 0x38, 0x03, 0xE0, 0x0F, 0xC0, 0x1F,
    0x00, 0x7C, 0x01, 0xF0, 0x03, 0xE0, 0x0F, 0x80, 0x3C, 0x01, 0xF0, 0x0F, 0xC0, 0x7E, 0x03, 0xF8,
    0x7F, 0xC1, 0xFE, 0x07, 0xF0, 0x0F, 0x00, 0x30, 0x00, 0x00, 0xC0, 0x00, 0x78, 0x00, 0x3E, 0x00,
    0x07, 0x00, 0x07, 0xF0, 0x03, 0xDE, 0x00, 0xF7, 0x80, 0x1D, 0xE0, 0x00, 0x00, 0x00, 0x00, 0x00,
    0x00, 0x00, 0x03, 0x80, 0x03, 0xE0, 0x00, 0xFC, 0x00, 0x1F, 0x00, 0x07, 0xC0, 0x01, 0xF8, 0x00,
    0x3F, 0x00, 0x0F, 0xF8, 0x03, 0xFF, 0x01, 0xFF, 0xC0, 0xFF, 0xE0, 0x7E, 0x00, 0x3F, 0x80, 0x3F,
    0xC0, 0x1F, 0xE0, 0x07, 0xF0, 0x00, 0xF0, 0x00, 0x30, 0x00, 0x00, 0x03, 0x00, 0x0E, 0x00, 0x3A,
    0x00, 0xFE, 0x03, 0xF8, 0x0E, 0x60, 0x7F, 0x81, 0xFE, 0x07, 0xE0, 0x00, 0x00, 0x00, 0x00, 0x00,
    0x00, 0xE0, 0x0F, 0x80, 0x3F, 0x00, 0x7C, 0x01, 0xF0, 0x07, 0xC0, 0x0F, 0x80, 0x3E, 0x00, 0xF0,
    0x07, 0xC0, 0x3F, 0x01, 0xF8, 0x0F, 0xE1, 0xFF, 0x07, 0xF8, 0x1F, 0xC0, 0x3C, 0x00, 0xC0, 0x00,
    0x03, 0x00, 0x01, 0xC0, 0x00, 0x76, 0x00, 0x1F, 0xC0, 0x03, 0xF8, 0x01, 0xEE, 0x00, 0xFF, 0x80,
    0x3F, 0xC0, 0x0F, 0xC0, 0x00, 0x00, 0x00, 0x00, 0x00, 0x00, 0x00, 0x00, 0xE0, 0x00, 0xF8, 0x00,
    0x3F, 0x00, 0x07, 0xC0, 0x01, 0xF0, 0x00, 0x7E, 0x00, 0x0F, 0xC0, 0x03, 0xFE, 0x00, 0xFF, 0xC0,
    0x7F, 0xF0, 0x3F, 0xF8, 0x1F, 0x80, 0x0F, 0xE0, 0x0F, 0xF0, 0x07, 0xF8, 0x01, 0xFC, 0x00, 0x3C,
    0x00, 0x0C, 0x00, 0x00, 0x00, 0x00, 0x01, 0xC0, 0x00, 0x00, 0xF8, 0x00, 0x00, 0x7F, 0x80, 0x00,
    0x3F, 0xF0, 0x00, 0x0F, 0xFC, 0x00, 0x07, 0xFE, 0x00, 0x00, 0xFF, 0x00, 0x00, 0x1F, 0x80, 0x00,
    0x03, 0xF0, 0x04, 0x00, 0x7F, 0x01, 0xF0, 0x07, 0xF0, 0x3E, 0x00, 0x7F, 0x07, 0xC0, 0x03, 0xF0,
    0xF0, 0x00, 0x3E, 0x1E, 0x00, 0x07, 0xE3, 0xE0, 0x00, 0x7C, 0x7F, 0x00, 0x1F, 0x8F, 0xFF, 0xFF,
    0xF0, 0xFF, 0xFF, 0xFE, 0x0F, 0xFF, 0xFF, 0x80, 0xFF, 0xFF, 0xC0, 0x03, 0xFF, 0xC0, 0x00, 0x00,
    0x00, 0x01, 0x80, 0x00, 0x00, 0x0F, 0x80, 0x00, 0x00, 0x7F, 0x00, 0x00, 0x03, 0xFF, 0x00, 0x00,
    0x0F, 0xFC, 0x00, 0x00, 0x7F, 0xE0, 0x00, 0x00, 0xFF, 0x00, 0x00, 0x03, 0xF8, 0x00, 0x00, 0x07,
    0xE0, 0x00, 0x40, 0x07, 0xE0, 0x01, 0xF0, 0x07, 0xE0, 0x03, 0xE0, 0x07, 0xE0, 0x07, 0xC0, 0x07,
    0xE0, 0x0F, 0x00, 0x07, 0xE0, 0x1E, 0x00, 0x07, 0xC0, 0x3E, 0x00, 0x0F, 0xC0, 0x7F, 0x00, 0x1F,
    0xE0, 0xFF, 0xFF, 0xFF, 0xF8, 0xFF, 0xFF, 0xFF, 0xF0, 0xFF, 0xFF, 0xFF, 0xE0, 0xFF, 0xFF, 0xCF,
    0xC0, 0x3F, 0xFE, 0x02, 0x00, 0x00, 0x30, 0x03, 0xE0, 0x3F, 0x83, 0xFF, 0x1F, 0xF9, 0xFF, 0x07,
    0xF0, 0x3F, 0x00, 0xFE, 0x01, 0xFC, 0x03, 0xF8, 0x07, 0xF0, 0x0F, 0xC0, 0x1F, 0x80, 0x3E, 0x00,
    0xFC, 0x03, 0xF3, 0xFF, 0xCF, 0xFE, 0x3F, 0xF0, 0xFF, 0x83, 0xC0, 0x00, 0x00, 0x30, 0x00, 0x3E,
    0x00, 0x3F, 0x80, 0x3F, 0xF0, 0x1F, 0xF8, 0x1F, 0xF0, 0x07, 0xF0, 0x03, 0xF0, 0x00, 0xFE, 0x00,
    0x1F, 0xC0, 0x03, 0xF8, 0x00, 0x7E, 0x00, 0x0F, 0xC0, 0x01, 0xF8, 0x00, 0x3F, 0x00, 0x0F, 0xC0,
    0x03, 0xFC, 0x3F, 0xFF, 0xEF, 0xFF, 0xFB, 0xFF, 0xFE, 0xFF, 0x9F, 0xBE, 0x00, 0x80, 0x00, 0x00,
    0x02, 0x00, 0x00, 0x00, 0xE0, 0x00, 0x00, 0x7C, 0x00, 0x00, 0x3F, 0x80, 0x00, 0x1F, 0xE0, 0x00,
    0x0F, 0xF3, 0x80, 0x01, 0xF9, 0xF0, 0x00, 0x3C, 0xFF, 0x00, 0x02, 0x7F, 0xE0, 0x00, 0x1F, 0xF8,
    0x00, 0x0F, 0xFC, 0x00, 0x01, 0xFE, 0x00, 0x00, 0x3F, 0x00, 0x00, 0x07, 0xE0, 0x08, 0x00, 0xFE,
    0x03, 0xE0, 0x0F, 0xE0, 0x7C, 0x00, 0xFE, 0x0F, 0x80, 0x07, 0xE1, 0xE0, 0x00, 0x7C, 0x3C, 0x00,
    0x0F, 0xC7, 0xC0, 0x00, 0xF8, 0xFE, 0x00, 0x3F, 0x1F, 0xFF, 0xFF, 0xE1, 0xFF, 0xFF, 0xFC, 0x1F,
    0xFF, 0xFF, 0x01, 0xFF, 0xFF, 0x80, 0x07, 0xFF, 0x80, 0x00, 0x00, 0x00, 0x02, 0x00, 0x00, 0x00,
    0x1C, 0x00, 0x00, 0x00, 0xFC, 0x00, 0x00, 0x07, 0xF8, 0x00, 0x00, 0x1F, 0xC0, 0x00, 0x00, 0xFE,
    0x30, 0x00, 0x03, 0xF1, 0xF0, 0x00, 0x03, 0x8F, 0xE0, 0x00, 0x02, 0x7F, 0xE0, 0x00, 0x01, 0xFF,
    0x80, 0x00, 0x0F, 0xFC, 0x00, 0x00, 0x1F, 0xE0, 0x00, 0x00, 0x7F, 0x00, 0x00, 0x00, 0xFC, 0x00,
    0x08, 0x00, 0xFC, 0x00, 0x3E, 0x00, 0xFC, 0x00, 0x7C, 0x00, 0xFC, 0x00, 0xF8, 0x00, 0xFC, 0x01,
    0xE0, 0x00, 0xFC, 0x03, 0xC0, 0x00, 0xF8, 0x07, 0xC0, 0x01, 0xF8, 0x0F, 0xE0, 0x03, 0xFC, 0x1F,
    0xFF, 0xFF, 0xFF, 0x1F, 0xFF, 0xFF, 0xFE, 0x1F, 0xFF, 0xFF, 0xFC, 0x1F, 0xFF, 0xF9, 0xF8, 0x07,
    0xFF, 0xC0, 0x40, 0x00, 0x20, 0x01, 0xC0, 0x0F, 0xC0, 0x7F, 0x81, 0xFC, 0x0F, 0xE3, 0x1F, 0x1F,
    0x3C, 0xFE, 0x27, 0xFE, 0x1F, 0xF8, 0xFF, 0x81, 0xFC, 0x07, 0xE0, 0x0F, 0xE0, 0x0F, 0xE0, 0x0F,
    0xE0, 0x0F, 0xE0, 0x0F, 0xC0, 0x0F, 0xC0, 0x0F, 0x80, 0x1F, 0x80, 0x3F, 0x1F, 0xFE, 0x3F, 0xF8,
    0x7F, 0xE0, 0xFF, 0x81, 0xE0, 0x00, 0x00, 0x20, 0x00, 0x1C, 0x00, 0x0F, 0xC0, 0x07, 0xF8, 0x01,
    0xFC, 0x00, 0xFE, 0x30, 0x1F, 0x1F, 0x03, 0xCF, 0xE0, 0x27, 0xFE, 0x01, 0xFF, 0x80, 0xFF, 0x80,
    0x1F, 0xC0, 0x07, 0xE0, 0x00, 0xFE, 0x00, 0x0F, 0xE0, 0x00, 0xFE, 0x00, 0x0F, 0xC0, 0x00, 0xFC,
    0x00, 0x0F, 0xC0, 0x00, 0xFC, 0x00, 0x1F, 0x80, 0x03, 0xFC, 0x1F, 0xFF, 0xF3, 0xFF, 0xFE, 0x7F,
    0xFF, 0xCF, 0xF9, 0xF9, 0xF0, 0x04, 0x00, 0x00, 0x00, 0x40, 0x00, 0x1F, 0x00, 0x00, 0xF8, 0x00,
    0x03, 0xE3, 0x80, 0x1F, 0x3E, 0x00, 0xF9, 0xF0, 0x07, 0xCF, 0x80, 0x1F, 0x78, 0x00, 0xFF, 0xC0,
    0x07, 0xBE, 0x00, 0x7D, 0xF8, 0x03, 0xE7, 0xE0, 0x3F, 0x3F, 0xFF, 0xF0, 0xFF, 0xFF, 0x07, 0xFF,
    0xF8, 0x0F, 0xFF, 0x00, 0x1F, 0xE0, 0x00, 0x00, 0x01, 0xE0, 0x00, 0x00, 0xF8, 0x00, 0x00, 0x1F,
    0x00, 0xE0, 0x07, 0xC0, 0x7C, 0x01, 0xF0, 0x1F, 0x00, 0x7F, 0x07, 0xC0, 0x0F, 0xFD, 0xE0, 0x03,
    0xFF, 0xF8, 0x00, 0xFF, 0xFE, 0x00, 0x7F, 0xFF, 0xC0, 0x1F, 0x11, 0xF8, 0x0F, 0xC0, 0x7F, 0xFF,
    0xE0, 0x0F, 0xFF, 0xF8, 0x03, 0xFF, 0xFC, 0x00, 0x3F, 0xFC, 0x00, 0x03, 0xFC, 0x00, 0x00, 0x06,
    0x00, 0x78, 0x07, 0xE0, 0x3F, 0x81, 0xFE, 0x0F, 0xF8, 0xFF, 0xCF, 0xBF, 0x7C, 0xFB, 0xC7, 0xFE,
    0x3F, 0xF9, 0xF7, 0xFF, 0xBF, 0xF8, 0xFF, 0xC3, 0xF8, 0x00, 0x00, 0x03, 0xE0, 0x00, 0xFF, 0x00,
    0x3F, 0xF8, 0x07, 0xFF, 0x80, 0x7F, 0xFC, 0x0F, 0xC7, 0xC0, 0xF8, 0x7E, 0x0F, 0x83, 0xF0, 0xF8,
    0x3F, 0xEF, 0x81, 0xFF, 0x78, 0x1F, 0xF7, 0x00, 0x7E, 0x00, 0x00, 0x80, 0x0E, 0x3E, 0x3E, 0x1F,
    0x1F, 0x1F, 0x1F, 0x1F, 0x1F, 0x3F, 0xFF, 0xFE, 0xFE, 0xF8, 0x88, 0x1C, 0x38, 0x3C, 0x3C, 0x18,
    0x08, 0x00, 0x07, 0x80, 0x07, 0xE0, 0x03, 0xF8, 0x7E, 0xFE, 0x3F, 0xFF, 0x9F, 0xFF, 0xE7, 0xF8,
    0x7F, 0xF8, 0x1F, 0xF0, 0x03, 0xFC, 0x00, 0xFF, 0x00, 0x3F, 0xC0, 0x07, 0xF0, 0x00, 0xF8, 0x00,
    0x18, 0x00, 0x00, 0x00, 0x00, 0x01, 0x80, 0x00, 0x0F, 0x80, 0x00, 0x7F, 0x00, 0x00, 0xFE, 0x00,
    0x07, 0xFE, 0x00, 0x3F, 0xFC, 0x00, 0xFF, 0xF8, 0x07, 0xCF, 0xF0, 0x1F, 0x3F, 0xE0, 0x3D, 0xFF,
    0x80, 0xFF, 0xDF, 0x43, 0xFE, 0x7D, 0xFF, 0xFF, 0xFF, 0xFF, 0xFF, 0xBF, 0xFF, 0xFE, 0xFF, 0xFF,
    0xF0, 0x78, 0x0E, 0x00, 0x00, 0x3E, 0x00, 0x00, 0xFF, 0x00, 0x03, 0xFE, 0x00, 0x0F, 0xFE, 0x00,
    0x1F, 0xFC, 0x00, 0x7C, 0xF8, 0x00, 0xF9, 0xF0, 0x01, 0xF3, 0xC0, 0x07, 0xCF, 0x80, 0xCF, 0xFF,
    0x01, 0xFF, 0xFF, 0xF7, 0xFF, 0xFF, 0xFF, 0xFF, 0xFF, 0xFF, 0xFC, 0xFF, 0x83, 0xF8, 0xFC, 0x01,
    0xF1, 0xF0, 0x03, 0xFF, 0xE0, 0x03, 0xFF, 0xC0, 0x07, 0xFF, 0x00, 0x03, 0xFC, 0x00, 0x01, 0xE0,
    0x00, 0x00, 0x00, 0x01, 0xC0, 0x00, 0xF8, 0x00, 0x3F, 0x00, 0x0F, 0xF0, 0x07, 0xFE, 0x03, 0xFF,
    0xC0, 0xFF, 0xF8, 0x3C, 0xFF, 0x0F, 0x3F, 0xE3, 0xDF, 0xF8, 0xFF, 0xDF, 0x3F, 0xE7, 0xFF, 0xFF,
    0xFF, 0xFF, 0xFF, 0xFF, 0xFE, 0xFD, 0xFF, 0x20, 0x0E, 0x00, 0x01, 0xF0, 0x00, 0x7F, 0x00, 0x1F,
    0xF0, 0x07, 0xFE, 0x01, 0xFF, 0xC0, 0x3E, 0x78, 0x07, 0xCF, 0x01, 0xF3, 0xE0, 0x3E, 0x7C, 0x07,
    0xFF, 0x83, 0xFF, 0xFF, 0xFF, 0xFF, 0xFF, 0xFF, 0xFF, 0xFC, 0xFF, 0xEF, 0x87, 0xE1, 0xF8, 0xF8,
    0x1F, 0xFF, 0x03, 0xFF, 0xC0, 0x3F, 0xF8, 0x03, 0xFE, 0x00, 0x0F, 0x00, 0x00, 0xF0, 0x00, 0x00,
    0x3F, 0x80, 0x00, 0x0F, 0xF0, 0x00, 0x03, 0xFF, 0x00, 0x00, 0xFF, 0xE0, 0x00, 0x3F, 0x3E, 0x00,
    0x0F, 0xC7, 0xC0, 0x03, 0xF0, 0x70, 0x00, 0x7C, 0x00, 0x00, 0x1F, 0x00, 0x00, 0x03, 0xF0, 0x00,
    0x03, 0xBF, 0xFF, 0xFF, 0xF7, 0xFF, 0xFF, 0xFE, 0x7F, 0xFF, 0xFF, 0xC7, 0xFF, 0xFF, 0xF8, 0x0F,
    0xFF, 0xE0, 0x00, 0xFF, 0xE1, 0xFF, 0xFC, 0xFF, 0xFF, 0xBF, 0xFF, 0xFF, 0xFF, 0xF9, 0xFC, 0x00,
    0x3E, 0x00, 0x07, 0xC0, 0x00, 0xFF, 0xFF, 0xDF, 0xFF, 0xF9, 0xFF, 0xFF, 0x1F, 0xFF, 0xE0, 0x7F,
    0xF8, 0x06, 0x00, 0x00, 0x03, 0xE0, 0x00, 0x00, 0x7C, 0x00, 0x00, 0x0E, 0x00, 0x00, 0x01, 0xC0,
    0x00, 0x00, 0x3F, 0x00, 0x00, 0x07, 0xE0, 0x00, 0x00, 0xF8, 0x00, 0x00, 0x10, 0x00, 0x00, 0x00,
    0x1E, 0x00, 0x00, 0x07, 0xF0, 0x00, 0x01, 0xFE, 0x00, 0x00, 0x7F, 0xE0, 0x00, 0x1F, 0xFC, 0x00,
    0x07, 0xE7, 0xC0, 0x01, 0xF8, 0xF8, 0x00, 0x7E, 0x0E, 0x00, 0x0F, 0x80, 0x00, 0x03, 0xE0, 0x00,
    0x00, 0x7E, 0x00, 0x00, 0x77, 0xFF, 0xFF, 0xFE, 0xFF, 0xFF, 0xFF, 0xCF, 0xFF, 0xFF, 0xF8, 0xFF,
    0xFF, 0xFF, 0x01, 0xFF, 0xFC, 0x00, 0x0E, 0x00, 0x03, 0xC0, 0x00, 0xF8, 0x00, 0x1C, 0x00, 0x03,
    0x80, 0x00, 0x7E, 0x00, 0x0F, 0xC0, 0x01, 0xF0, 0x00, 0x20, 0x00, 0x00, 0x1F, 0xFC, 0x3F, 0xFF,
    0x9F, 0xFF, 0xF7, 0xFF, 0xFF, 0xFF, 0xFF, 0x3F, 0x80, 0x07, 0xC0, 0x00, 0xF8, 0x00, 0x1F, 0xFF,
    0xFB, 0xFF, 0xFF, 0x3F, 0xFF, 0xE3, 0xFF, 0xFC, 0x0F, 0xFF, 0x00, 0x00, 0x00, 0xFE, 0x00, 0x03,
    0xFF, 0x00, 0x07, 0xFE, 0x00, 0x0F, 0xFE, 0x00, 0x0F, 0xCC, 0x00, 0x1F, 0x80, 0x00, 0x1F, 0x00,
    0x38, 0x1F, 0x00, 0x7C, 0x1F, 0x80, 0x7C, 0x1F, 0xE0, 0x7C, 0x0F, 0xF8, 0x78, 0x07, 0xFC, 0xF8,
    0x01, 0xFE, 0xF8, 0x00, 0x7E, 0xFC, 0x00, 0x7C, 0x7E, 0x01, 0xFC, 0x7F, 0xFF, 0xF8, 0x3F, 0xFF,
    0xF0, 0x1F, 0xFF, 0xE0, 0x0F, 0xFF, 0xC0, 0x03, 0xFE, 0x00, 0x00, 0x00, 0x00, 0x0E, 0x00, 0x00,
    0x07, 0xC0, 0x1C, 0x01, 0xF0, 0x07, 0xF0, 0x7C, 0x01, 0xFF, 0xDE, 0x00, 0xFF, 0xFF, 0x80, 0x1F,
    0xFF, 0xE0, 0x01, 0xFF, 0xFC, 0x00, 0x3F, 0x1F, 0x80, 0x1F, 0x07, 0xFF, 0xFF, 0xC0, 0xFF, 0xFF,
    0xE0, 0x3F, 0xFF, 0xF0, 0x03, 0xFF, 0xF8, 0x00, 0x3F, 0xF0, 0x00, 0x07, 0x07, 0xC1, 0xF0, 0x7E,
    0x0F, 0x83, 0xE0, 0xF8, 0x3E, 0x0F, 0x87, 0xEF, 0xFB, 0xFC, 0xFE, 0x3F, 0x08, 0x00, 0x00, 0x63,
    0x3D, 0xEF, 0x7F, 0xDE, 0x73, 0x80, 0x00, 0x00, 0x1F, 0x00, 0x3E, 0x00, 0x7C, 0x00, 0xF8, 0x03,
    0xF0, 0x0F, 0xF0, 0x7F, 0xFE, 0xFF, 0xFF, 0xFF, 0xFF, 0xE7, 0xF4, 0x00, 0x80, 0x00, 0x06, 0x30,
    0x1E, 0xF0, 0x3D, 0xE0, 0x7B, 0xC0, 0x73, 0x80, 0x07, 0xC0, 0xFE, 0x0F, 0xF0, 0x7F, 0x87, 0xFC,
    0x3E, 0x01, 0xF0, 0x07, 0xCE, 0x3F, 0xF0, 0xFF, 0xFF, 0xFF, 0xFF, 0xEF, 0xFC, 0x3F, 0x01, 0xC0,
    0x00, 0x00, 0x0F, 0xDB, 0xFF, 0xBF, 0xE0, 0x38, 0x00, 0x03, 0xC0, 0xF8, 0x1F, 0x03, 0xE0, 0x7C,
    0x0F, 0x80, 0xF0, 0x1E, 0x03, 0xC0, 0x78, 0x0F, 0x01, 0xE0, 0x3E, 0x07, 0xC0, 0xF8, 0x1F, 0x03,
    0xE0, 0x7C, 0x0F, 0x81, 0xF0, 0x00, 0x01, 0xF9, 0x07, 0xFE, 0x1F, 0xF8, 0x03, 0x80, 0x00, 0x00,
    0xF0, 0x07, 0xC0, 0x1F, 0x00, 0x7C, 0x01, 0xF0, 0x03, 0xC0, 0x0F, 0x00, 0x3C, 0x00, 0xF8, 0x03,
    0xE0, 0x0F, 0x80, 0x3E, 0x00, 0xF8, 0x03, 0xE0, 0x0F, 0x80, 0x3E, 0x00, 0xF8, 0x03, 0xF0, 0x0F,
    0xF8, 0x3F, 0xF0, 0x7F, 0xC0, 0xFE, 0x00, 0x20, 0x18, 0xF3, 0xE7, 0x0E, 0x0F, 0xBF, 0xFC, 0x00,
    0x79, 0xF3, 0xE7, 0xCF, 0x9F, 0x1E, 0x3C, 0x78, 0xF1, 0xE3, 0xC7, 0xCF, 0x9F, 0x3E, 0x7C, 0xF9,
    0xF3, 0xE0, 0x18, 0x07, 0xC0, 0xFC, 0x0E, 0x00, 0xF0, 0x07, 0xE0, 0xFE, 0x0F, 0x80, 0x40, 0x03,
    0xC0, 0x7C, 0x07, 0xC0, 0x7C, 0x07, 0xC0, 0x3C, 0x03, 0xC0, 0x3C, 0x03, 0xE0, 0x3E, 0x03, 0xE0,
    0x3E, 0x03, 0xE0, 0x3E, 0x03, 0xE0, 0x3E, 0x03, 0xE0, 0x3F, 0x03, 0xFE, 0x3F, 0xF1, 0xFF, 0x0F,
    0xE0, 0x08, 0x03, 0x00, 0x3E, 0x00, 0xF8, 0x03, 0x80, 0x0E, 0x00, 0x3F, 0x00, 0xFC, 0x03, 0xE0,
    0x08, 0x00, 0x1F, 0x00, 0xFE, 0x07, 0xFC, 0x3F, 0xF8, 0xFF, 0xE7, 0xCF, 0x9F, 0x1E, 0x7C, 0x7D,
    0xFF, 0xF7, 0xFF, 0xCF, 0xFE, 0x1F, 0xF8, 0x07, 0xE0, 0x7F, 0x1F, 0xFC, 0x7F, 0xE1, 0xFF, 0x07,
    0xF0, 0x1E, 0x00, 0x03, 0x00, 0x03, 0xE0, 0x00, 0xF8, 0x00, 0x38, 0x00, 0x0E, 0x00, 0x03, 0xF0,
    0x00, 0xFC, 0x00, 0x3E, 0x00, 0x08, 0x00, 0x00, 0x00, 0x00, 0x7C, 0x00, 0x3F, 0x80, 0x1F, 0xF0,
    0x0F, 0xFE, 0x03, 0xFF, 0x81, 0xF3, 0xE0, 0x7C, 0x7C, 0x1F, 0x1F, 0x07, 0xFF, 0xF9, 0xFF, 0xFF,
    0x3F, 0xFF, 0xC7, 0xFF, 0xE0, 0x1F, 0xE0, 0x1F, 0xC0, 0x7F, 0xF0, 0x1F, 0xF8, 0x07, 0xFC, 0x01,
    0xFC, 0x00, 0x78, 0x00, 0x00, 0x79, 0xF3, 0xE7, 0xCF, 0x9F, 0x1E, 0x3C, 0x78, 0xF1, 0xE3, 0xC7,
    0xCF, 0x9F, 0x3E, 0x7C, 0xF9, 0xF3, 0xE7, 0xCF, 0x80, 0x0C, 0x7C, 0xFB, 0xC3, 0x87, 0xFF, 0xDF,
    0x20, 0x78, 0x1F, 0x03, 0xE0, 0x7C, 0x0F, 0x80, 0xF0, 0x1E, 0x03, 0xC0, 0x7C, 0x0F, 0x81, 0xF0,
    0x3E, 0x07, 0xC0, 0xF8, 0x1F, 0x03, 0xE0, 0x7C, 0x0F, 0xC1, 0xFF, 0x3F, 0xF3, 0xFE, 0x3F, 0x80,
    0x40, 0xE0, 0x3C, 0x0F, 0x81, 0xC0, 0x38, 0x03, 0xE0, 0xFE, 0x1F, 0x00, 0x00, 0x07, 0x00, 0x00,
    0x0F, 0x00, 0x00, 0x1F, 0x00, 0xFE, 0x1C, 0x03, 0xFF, 0x1C, 0x07, 0xFE, 0x0F, 0x8F, 0xFE, 0x1F,
    0xCF, 0xCC, 0x1F, 0x1F, 0x80, 0x00, 0x1F, 0x00, 0x38, 0x1F, 0x00, 0x7C, 0x1F, 0x80, 0x7C, 0x1F,
    0xE0, 0x7C, 0x0F, 0xF8, 0x78, 0x07, 0xFC, 0xF8, 0x01, 0xFE, 0xF8, 0x00, 0x7E, 0xFC, 0x00, 0x7C,
    0x7E, 0x01, 0xFC, 0x7F, 0xFF, 0xF8, 0x3F, 0xFF, 0xF0, 0x1F, 0xFF, 0xE0, 0x0F, 0xFF, 0xC0, 0x03,
    0xFE, 0x00, 0x07, 0x00, 0x00, 0x03, 0xC0, 0x00, 0x01, 0xF0, 0x00, 0x00, 0x70, 0x00, 0x00, 0x1C,
    0x00, 0x00, 0x03, 0xE0, 0x00, 0x01, 0xFC, 0x00, 0x00, 0x7C, 0x00, 0x00, 0x00, 0x00, 0x00, 0x0E,
    0x00, 0x00, 0x07, 0xC0, 0x1C, 0x01, 0xF0, 0x07, 0xF0, 0x7C, 0x01, 0xFF, 0xDE, 0x00, 0xFF, 0xFF,
    0x80, 0x1F, 0xFF, 0xE0, 0x01, 0xFF, 0xFC, 0x00, 0x3F, 0x1F, 0x80, 0x1F, 0x07, 0xFF, 0xFF, 0xC0,
    0xFF, 0xFF, 0xE0, 0x3F, 0xFF, 0xF0, 0x03, 0xFF, 0xF8, 0x00, 0x3F, 0xF0, 0x00, 0x18, 0x7C, 0x7C,
    0xF0, 0x70, 0x7E, 0xFE, 0x7C, 0x40, 0x0E, 0x3E, 0x3E, 0x1F, 0x1F, 0x1F, 0x1F, 0x1F, 0x1F, 0x3F,
    0xFF, 0xFE, 0xFE, 0xF8, 0x80, 0x06, 0x00, 0x7C, 0x03, 0xF0, 0x0E, 0x00, 0x3C, 0x00, 0x7E, 0x03,
    0xF8, 0x0F, 0x80, 0x10, 0x00, 0x00, 0x00, 0xF0, 0x03, 0xC0, 0x0F, 0x00, 0x7C, 0x01, 0xF0, 0x0F,
    0xF0, 0xFF, 0xFB, 0xFF, 0xFF, 0xFF, 0xFE, 0x7E, 0x80, 0x20, 0x7B, 0xEF, 0xBE, 0xFB, 0xE7, 0x9E,
    0x79, 0xE7, 0x9E, 0x7D, 0xF7, 0xDF, 0x7D, 0xF7, 0xDF, 0x7D, 0xF0, 0x78, 0x1F, 0x03, 0xE0, 0x7C,
    0x0F, 0x80, 0xF0, 0x1E, 0x03, 0xC0, 0x7C, 0x0F, 0x81, 0xF0, 0x3E, 0x07, 0xC0, 0xF8, 0x1F, 0x03,
    0xE0, 0x7C, 0x0F, 0xC1, 0xFF, 0x3F, 0xF3, 0xFE, 0x3F, 0x80, 0x40, 0x00, 0x00, 0x00, 0xE1, 0x00,
    0x00, 0x0F, 0x9F, 0x00, 0x00, 0x7C, 0xF8, 0x00, 0x03, 0xE7, 0xC0, 0x00, 0x0F, 0xBC, 0x00, 0x00,
    0x7D, 0xE0, 0x00, 0x03, 0xEF, 0x80, 0x00, 0x1F, 0x7F, 0x00, 0x07, 0xFB, 0xFF, 0xFF, 0xFF, 0x8F,
    0xFF, 0xFF, 0xFC, 0x3F, 0xFF, 0xFF, 0xC0, 0xFF, 0xFF, 0xF8, 0x00, 0xFF, 0xFC, 0x00, 0x00, 0x00,
    0x00, 0x00, 0x00, 0x00, 0x00, 0x00, 0x02, 0x00, 0x00, 0x00, 0x3C, 0x00, 0x00, 0x03, 0xE0, 0x00,
    0x00, 0x1F, 0x00, 0x00, 0x00, 0x70, 0x00, 0x00, 0x20, 0x00, 0x00, 0x00, 0x07, 0xC0, 0x00, 0x00,
    0x00, 0x7C, 0x00, 0x00, 0x10, 0x07, 0xC0, 0x00, 0x03, 0xC0, 0x78, 0x00, 0x00, 0x7E, 0x07, 0x80,
    0x00, 0x0F, 0xC0, 0x7C, 0x00, 0x03, 0xFC, 0x07, 0xF0, 0x00, 0xFF, 0xF0, 0x7F, 0xFF, 0xFF, 0xFF,
    0xF3, 0xFF, 0xFF, 0xFD, 0xFF, 0x1F, 0xFF, 0xFF, 0x9F, 0xF0, 0xFF, 0xFF, 0xE0, 0x7F, 0x01, 0xFF,
    0xE0, 0x00, 0x40, 0x00, 0x00, 0x00, 0x00, 0x00, 0x00, 0x00, 0x00, 0x00, 0x00, 0x20, 0x00, 0x00,
    0x00, 0x0F, 0x00, 0x00, 0x00, 0x00, 0xF8, 0x00, 0x00, 0x00, 0x0F, 0x80, 0x00, 0x00, 0x00, 0x70,
    0x00, 0x00, 0x0E, 0x3E, 0x3E, 0x1F, 0x1F, 0x1F, 0x1F, 0x1F, 0x1F, 0x3F, 0xFF, 0xFE, 0xFE, 0xF8,
    0x80, 0x00, 0x10, 0x3C, 0x7C, 0x7C, 0x38, 0x00, 0x00, 0x3C, 0x00, 0xF0, 0x03, 0xC0, 0x1F, 0x00,
    0x7C, 0x03, 0xFC, 0x3F, 0xFE, 0xFF, 0xFF, 0xFF, 0xFF, 0x9F, 0xA0, 0x08, 0x00, 0x00, 0x30, 0x01,
    0xE0, 0x07, 0xC0, 0x1E, 0x00, 0x38, 0x00, 0x3C, 0xE1, 0xEF, 0x0F, 0x7C, 0x7B, 0xC0, 0x04, 0x00,
    0x00, 0x18, 0x01, 0xE0, 0x1F, 0x80, 0xFE, 0x07, 0xF8, 0x3F, 0xE3, 0xFF, 0x3E, 0xFD, 0xF3, 0xEF,
    0x1F, 0xF8, 0xFF, 0xE7, 0xDF, 0xFE, 0xFF, 0xE3, 0xFF, 0x0F, 0xE0, 0x00, 0x00, 0x0F, 0x78, 0x01,
    0xEF, 0x00, 0x3D, 0xE0, 0x07, 0xBC, 0x00, 0x00, 0x00, 0x00, 0x00, 0x00, 0x1E, 0x00, 0x03, 0xC0,
    0x00, 0x78, 0x00, 0x7F, 0x00, 0x3F, 0xF0, 0x0F, 0xFE, 0x03, 0xFF, 0xC0, 0xFF, 0xF8, 0x1F, 0x1F,
    0x03, 0xC3, 0xE0, 0xF8, 0x7C, 0x1F, 0xFF, 0x81, 0xFF, 0xF0, 0x3F, 0xFF, 0x03, 0xFF, 0xFC, 0x1F,
    0xFF, 0xC0, 0x0F, 0xF8, 0x00, 0x7E, 0x00, 0x00, 0x00, 0x00, 0x3D, 0xE0, 0x00, 0x01, 0xEF, 0x00,
    0x00, 0x0F, 0x78, 0x00, 0x00, 0x7B, 0xC0, 0x00, 0x00, 0x04, 0x0E, 0x10, 0x00, 0x00, 0xF9, 0xF0,
    0x00, 0x07, 0xCF, 0x80, 0x00, 0x3E, 0x7C, 0x00, 0x00, 0xFB, 0xC0, 0x00, 0x07, 0xDE, 0x00, 0x00,
    0x3E, 0xF8, 0x00, 0x01, 0xF7, 0xF0, 0x00, 0x7F, 0xBF, 0xFF, 0xFF, 0xF8, 0xFF, 0xFF, 0xFF, 0xC3,
    0xFF, 0xFF, 0xFC, 0x0F, 0xFF, 0xFF, 0x80, 0x0F, 0xFF, 0xC0, 0x00, 0x00, 0x1C, 0xE0, 0x00, 0x00,
    0x03, 0xEF, 0x00, 0x00, 0x00, 0x3F, 0xF0, 0x00, 0x00, 0x01, 0xEF, 0x00, 0x00, 0x00, 0x00, 0x40,
    0x00, 0x02, 0x00, 0x00, 0x00, 0x00, 0x7C, 0x00, 0x00, 0x00, 0x07, 0xC0, 0x00, 0x01, 0x00, 0x7C,
    0x00, 0x00, 0x3C, 0x07, 0x80, 0x00, 0x07, 0xE0, 0x78, 0x00, 0x00, 0xFC, 0x07, 0xC0, 0x00, 0x3F,
    0xC0, 0x7F, 0x00, 0x0F, 0xFF, 0x07, 0xFF, 0xFF, 0xFF, 0xFF, 0x3F, 0xFF, 0xFF, 0xDF, 0xF1, 0xFF,
    0xFF, 0xF9, 0xFF, 0x0F, 0xFF, 0xFE, 0x07, 0xF0, 0x1F, 0xFE, 0x00, 0x04, 0x73, 0xBF, 0xFF, 0xFD,
    0xEF, 0x21, 0x00, 0x00, 0x70, 0x7C, 0x1F, 0x03, 0xE0, 0xF8, 0x3E, 0x0F, 0x83, 0xE0, 0xF8, 0x7E,
    0x7F, 0x9F, 0xC7, 0xF1, 0xF0, 0x40, 0x00, 0x1C, 0xE0, 0x7F, 0xE0, 0xFF, 0xC1, 0xEF, 0x00, 0x04,
    0x00, 0x00, 0x00, 0x00, 0x07, 0xC0, 0x0F, 0x80, 0x1F, 0x00, 0x3E, 0x00, 0xFC, 0x03, 0xFC, 0x1F,
    0xFF, 0xBF, 0xFF, 0xFF, 0xFF, 0xF9, 0xFD, 0x00, 0x20, 0x00, 0x03, 0x00, 0x00, 0x00, 0x3C, 0x00,
    0x00, 0x01, 0xE0, 0x00, 0x00, 0x0F, 0x00, 0x00, 0x01, 0xFC, 0x00, 0x00, 0x1F, 0xF0, 0x00, 0x00,
    0xFF, 0x80, 0x00, 0x03, 0xBC, 0x00, 0x00, 0x00, 0x00, 0xE1, 0x00, 0x00, 0x0F, 0x9F, 0x00, 0x00,
    0x7C, 0xF8, 0x00, 0x03, 0xE7, 0xC0, 0x00, 0x0F, 0xBC, 0x00, 0x00, 0x7D, 0xE0, 0x00, 0x03, 0xEF,
    0x80, 0x00, 0x1F, 0x7F, 0x00, 0x07, 0xFB, 0xFF, 0xFF, 0xFF, 0x8F, 0xFF, 0xFF, 0xFC, 0x3F, 0xFF,
    0xFF, 0xC0, 0xFF, 0xFF, 0xF8, 0x00, 0xFF, 0xFC, 0x00, 0x00, 0x03, 0x00, 0x00, 0x00, 0x00, 0x38,
    0x00, 0x00, 0x00, 0x07, 0xC0, 0x00, 0x00, 0x00, 0x38, 0x00, 0x00, 0x00, 0x0F, 0xE0, 0x00, 0x00,
    0x01, 0xEF, 0x00, 0x00, 0x00, 0x1F, 0xF0, 0x00, 0x00, 0x01, 0xEE, 0x00, 0x00, 0x00, 0x00, 0x00,
    0x00, 0x02, 0x00, 0x00, 0x00, 0x00, 0x7C, 0x00, 0x00, 0x00, 0x07, 0xC0, 0x00, 0x01, 0x00, 0x7C,
    0x00, 0x00, 0x3C, 0x07, 0x80, 0x00, 0x07, 0xE0, 0x78, 0x00, 0x00, 0xFC, 0x07, 0xC0, 0x00, 0x3F,
    0xC0, 0x7F, 0x00, 0x0F, 0xFF, 0x07, 0xFF, 0xFF, 0xFF, 0xFF, 0x3F, 0xFF, 0xFF, 0xDF, 0xF1, 0xFF,
    0xFF, 0xF9, 0xFF, 0x0F, 0xFF, 0xFE, 0x07, 0xF0, 0x1F, 0xFE, 0x00, 0x04, 0x18, 0x1E, 0x0F, 0x83,
    0x87, 0xF7, 0xBF, 0xFF, 0xEE, 0x00, 0x00, 0x03, 0x87, 0xC3, 0xE0, 0xF8, 0x7C, 0x3E, 0x1F, 0x0F,
    0x87, 0xC7, 0xEF, 0xF7, 0xF3, 0xF9, 0xF0, 0x80, 0x00, 0x03, 0x00, 0x0F, 0x00, 0x1E, 0x00, 0x3C,
    0x01, 0xFC, 0x03, 0xFC, 0x07, 0xF8, 0x0E, 0xF0, 0x00, 0x00, 0x00, 0x00, 0x00, 0x00, 0x7C, 0x00,
    0xF8, 0x01, 0xF0, 0x03, 0xE0, 0x0F, 0xC0, 0x3F, 0xC1, 0xFF, 0xFB, 0xFF, 0xFF, 0xFF, 0xFF, 0x9F,
    0xD0, 0x02, 0x00, 0x3F, 0x80, 0x07, 0xFF, 0x00, 0x7F, 0xFE, 0x07, 0xFF, 0xFC, 0x7F, 0xFF, 0xC0,
    0x03, 0xFE, 0x00, 0x7F, 0xE0, 0x1F, 0xFE, 0x07, 0xFE, 0x00, 0xFF, 0x00, 0x1F, 0xC0, 0x03, 0xF0,
    0x00, 0x7E, 0x00, 0x07, 0xC0, 0x00, 0x7C, 0x3C, 0x0F, 0x83, 0xC0, 0xF8, 0x3C, 0x0F, 0x83, 0xC0,
    0xF8, 0x00, 0x0F, 0x80, 0x00, 0xFC, 0x00, 0x07, 0xF0, 0x1C, 0x7F, 0xFF, 0xE3, 0xFF, 0xFE, 0x1F,
    0xFF, 0xE0, 0x7F, 0xFC, 0x00, 0xFE, 0x00, 0x3F, 0x80, 0x00, 0x7F, 0xF0, 0x00, 0x7F, 0xFE, 0x00,
    0x7F, 0xFF, 0xC0, 0x7F, 0xFF, 0xC0, 0x00, 0x3F, 0xE0, 0x00, 0x7F, 0xE0, 0x01, 0xFF, 0xE0, 0x07,
    0xFF, 0x80, 0x0F, 0xF7, 0x80, 0x1F, 0xC7, 0xE0, 0x3F, 0x03, 0xFF, 0x7E, 0x03, 0xFF, 0x7C, 0x01,
    0xFF, 0x7C, 0x3C, 0xFF, 0xF8, 0x3C, 0x04, 0xF8, 0x3C, 0x00, 0xF8, 0x3C, 0x00, 0xF8, 0x00, 0x00,
    0xF8, 0x00, 0x00, 0xFC, 0x00, 0x00, 0x7F, 0x01, 0xC0, 0x7F, 0xFF, 0xE0, 0x3F, 0xFF, 0xE0, 0x1F,
    0xFF, 0xE0, 0x07, 0xFF, 0xC0, 0x00, 0xFE, 0x00, 0x3F, 0x80, 0x1F, 0xF8, 0x07, 0xFF, 0x80, 0xFF,
    0xFE, 0x3F, 0xFF, 0xC0, 0x1F, 0xF0, 0x03, 0xFC, 0x03, 0xFF, 0x1F, 0xFF, 0x3F, 0xFE, 0x0F, 0xFF,
    0x03, 0xFF, 0x00, 0xFE, 0x00, 0x20, 0x00, 0x00, 0x00, 0x00, 0x03, 0x00, 0x01, 0xE0, 0x00, 0xF8,
    0x00, 0x3E, 0x00, 0x07, 0x00, 0x3F, 0x80, 0x01, 0xFF, 0x80, 0x07, 0xFF, 0x80, 0x0F, 0xFF, 0xE0,
    0x3F, 0xFF, 0xC0, 0x01, 0xFF, 0x00, 0x03, 0xFC, 0x00, 0x3F, 0xF0, 0x1F, 0xFF, 0x83, 0xFF, 0xFF,
    0xEF, 0xFF, 0xFF, 0xFF, 0xF1, 0xFF, 0xFE, 0x03, 0xFA, 0x00, 0x00, 0x00, 0x00, 0x00, 0x00, 0x60,
    0x00, 0x03, 0xC0, 0x00, 0x0F, 0x80, 0x00, 0x3E, 0x00, 0x00, 0x70, 0x00, 0x3F, 0x80, 0x07, 0xFF,
    0x00, 0x7F, 0xFE, 0x07, 0xFF, 0xFC, 0x7F, 0xFF, 0xC0, 0x03, 0xFE, 0x00, 0x7F, 0xE0, 0x1F, 0xFE,
    0x07, 0xFE, 0x00, 0xFF, 0x00, 0x1F, 0xC0, 0x03, 0xF0, 0x00, 0x7E, 0x00, 0x07, 0xC0, 0x00, 0x7C,
    0x00, 0x0F, 0x80, 0x00, 0xF8, 0x00, 0x0F, 0x80, 0x00, 0xF8, 0x00, 0x0F, 0x80, 0x00, 0xFC, 0x00,
    0x07, 0xF0, 0x1C, 0x7F, 0xFF, 0xE3, 0xFF, 0xFE, 0x1F, 0xFF, 0xE0, 0x7F, 0xFC, 0x00, 0xFE, 0x00,
    0x3F, 0x80, 0x00, 0x7F, 0xF0, 0x00, 0x7F, 0xFE, 0x00, 0x7F, 0xFF, 0xC0, 0x7F, 0xFF, 0xC0, 0x00,
    0x3F, 0xE0, 0x00, 0x7F, 0xE0, 0x01, 0xFF, 0xE0, 0x07, 0xFF, 0x80, 0x0F, 0xF7, 0x80, 0x1F, 0xC7,
    0xE0, 0x3F, 0x03, 0xFF, 0x7E, 0x03, 0xFF, 0x7C, 0x01, 0xFF, 0x7C, 0x00, 0xFF, 0xF8, 0x00, 0x04,
    0xF8, 0x00, 0x00, 0xF8, 0x00, 0x00, 0xF8, 0x00, 0x00, 0xF8, 0x00, 0x00, 0xFC, 0x00, 0x00, 0x7F,
    0x01, 0xC0, 0x7F, 0xFF, 0xE0, 0x3F, 0xFF, 0xE0, 0x1F, 0xFF, 0xE0, 0x07, 0xFF, 0xC0, 0x00, 0xFE,
    0x00, 0x3F, 0x80, 0x1F, 0xF8, 0x07, 0xFF, 0x80, 0xFF, 0xFE, 0x3F, 0xFF, 0xC0, 0x1F, 0xF0, 0x03,
    0xFC, 0x03, 0xFF, 0x1F, 0xFF, 0x3F, 0xFE, 0x0F, 0xFF, 0x03, 0xFF, 0x00, 0xFE, 0x00, 0x20, 0x00,
    0x00, 0x3F, 0x80, 0x01, 0xFF, 0x80, 0x07, 0xFF, 0x80, 0x0F, 0xFF, 0xE0, 0x3F, 0xFF, 0xC0, 0x01,
    0xFF, 0x00, 0x03, 0xFC, 0x00, 0x3F, 0xF0, 0x1F, 0xFF, 0x83, 0xFF, 0xFF, 0xEF, 0xFF, 0xFF, 0xFF,
    0xF1, 0xFF, 0xFE, 0x03, 0xFA, 0x00, 0x00, 0x00, 0x00, 0x40, 0x00, 0x0F, 0x00, 0x01, 0xF0, 0x00,
    0x1F, 0x00, 0x00, 0xF0, 0x00, 0x00, 0x00, 0x00, 0x00, 0x03, 0xF8, 0x00, 0x7F, 0xF0, 0x07, 0xFF,
    0xE0, 0x7F, 0xFF, 0xC7, 0xFF, 0xFC, 0x00, 0x3F, 0xE0, 0x07, 0xFE, 0x01, 0xFF, 0xE0, 0x7F, 0xE0,
    0x0F, 0xF0, 0x01, 0xFC, 0x00, 0x3F, 0x00, 0x07, 0xE0, 0x00, 0x7C, 0x00, 0x07, 0xC0, 0x00, 0xF8,
    0x00, 0x0F, 0x80, 0x00, 0xF8, 0x00, 0x0F, 0x80, 0x00, 0xF8, 0x00, 0x0F, 0xC0, 0x00, 0x7F, 0x01,
    0xC7, 0xFF, 0xFE, 0x3F, 0xFF, 0xE1, 0xFF, 0xFE, 0x07, 0xFF, 0xC0, 0x0F, 0xE0, 0x00, 0x40, 0x00,
    0x00, 0xF0, 0x00, 0x01, 0xF0, 0x00, 0x01, 0xF0, 0x00, 0x00, 0xF0, 0x00, 0x00, 0x00, 0x00, 0x00,
    0x00, 0x00, 0x3F, 0x80, 0x00, 0x7F, 0xF0, 0x00, 0x7F, 0xFE, 0x00, 0x7F, 0xFF, 0xC0, 0x7F, 0xFF,
    0xC0, 0x00, 0x3F, 0xE0, 0x00, 0x7F, 0xE0, 0x01, 0xFF, 0xE0, 0x07, 0xFF, 0x80, 0x0F, 0xF7, 0x80,
    0x1F, 0xC7, 0xE0, 0x3F, 0x03, 0xFF, 0x7E, 0x03, 0xFF, 0x7C, 0x01, 0xFF, 0x7C, 0x00, 0xFF, 0xF8,
    0x00, 0x04, 0xF8, 0x00, 0x00, 0xF8, 0x00, 0x00, 0xF8, 0x00, 0x00, 0xF8, 0x00, 0x00, 0xFC, 0x00,
    0x00, 0x7F, 0x01, 0xC0, 0x7F, 0xFF, 0xE0, 0x3F, 0xFF, 0xE0, 0x1F, 0xFF, 0xE0, 0x07, 0xFF, 0xC0,
    0x00, 0xFE, 0x00, 0x00, 0x00, 0x07, 0x80, 0x01, 0xE0, 0x00, 0x78, 0x00, 0x1E, 0x00, 0x00, 0x00,
    0x00, 0x00, 0x00, 0x00, 0x00, 0x3F, 0x80, 0x1F, 0xF8, 0x07, 0xFF, 0x80, 0xFF, 0xFE, 0x3F, 0xFF,
    0xC0, 0x1F, 0xF0, 0x03, 0xFC, 0x03, 0xFF, 0x1F, 0xFF, 0x3F, 0xFE, 0x0F, 0xFF, 0x03, 0xFF, 0x00,
    0xFE, 0x00, 0x20, 0x00, 0x00, 0x00, 0x00, 0x00, 0x78, 0x00, 0x01, 0xE0, 0x00, 0x07, 0x80, 0x00,
    0x1E, 0x00, 0x00, 0x00, 0x00, 0x00, 0x00, 0x00, 0x00, 0x00, 0x00, 0x3F, 0x80, 0x01, 0xFF, 0x80,
    0x07, 0xFF, 0x80, 0x0F, 0xFF, 0xE0, 0x3F, 0xFF, 0xC0, 0x01, 0xFF, 0x00, 0x03, 0xFC, 0x00, 0x3F,
    0xF0, 0x1F, 0xFF, 0x83, 0xFF, 0xFF, 0xEF, 0xFF, 0xFF, 0xFF, 0xF1, 0xFF, 0xFE, 0x03, 0xFA, 0x00,
    0x00, 0x00, 0x00, 0x00, 0x0C, 0x01, 0xF0, 0x0F, 0x80, 0x7E, 0x01, 0xF8, 0x07, 0xC0, 0x3E, 0x00,
    0xF8, 0x07, 0xC0, 0x3E, 0xE3, 0xF7, 0xFF, 0xFF, 0xFF, 0xFF, 0xCF, 0xFC, 0x06, 0x00, 0x00, 0x00,
    0x00, 0x60, 0x00, 0x7C, 0x00, 0x1F, 0x80, 0x07, 0xE0, 0x00, 0xFC, 0x00, 0x1F, 0x00, 0x07, 0xC0,
    0x00, 0xF8, 0x00, 0x3E, 0x00, 0x0F, 0xC1, 0xC7, 0xF8, 0x7F, 0xFF, 0xFF, 0xFF, 0xFF, 0xFF, 0xFD,
    0xFF, 0xBF, 0x06, 0x01, 0x00, 0x04, 0x00, 0x78, 0x07, 0xC0, 0x3E, 0x00, 0xF0, 0x00, 0x00, 0x00,
    0x00, 0x30, 0x07, 0xC0, 0x3E, 0x01, 0xF8, 0x07, 0xE0, 0x1F, 0x00, 0xF8, 0x03, 0xE0, 0x1F, 0x00,
    0xFB, 0x8F, 0xDF, 0xFF, 0xFF, 0xFF, 0xFF, 0x3F, 0xF0, 0x18, 0x00, 0x04, 0x00, 0x03, 0xC0, 0x01,
    0xF0, 0x00, 0x7C, 0x00, 0x0F, 0x00, 0x00, 0x00, 0x00, 0x00, 0x00, 0x06, 0x00, 0x07, 0xC0, 0x01,
    0xF8, 0x00, 0x7E, 0x00, 0x0F, 0xC0, 0x01, 0xF0, 0x00, 0x7C, 0x00, 0x0F, 0x80, 0x03, 0xE0, 0x00,
    0xFC, 0x1C, 0x7F, 0x87, 0xFF, 0xFF, 0xFF, 0xFF, 0xFF, 0xFF, 0xDF, 0xFB, 0xF0, 0x60, 0x10, 0x00,
    0x00, 0x07, 0x00, 0xF8, 0x07, 0xE0, 0x1F, 0x00, 0xF8, 0x07, 0xC0, 0x1F, 0x00, 0xF8, 0x07, 0x80,
    0x7C, 0x07, 0xE0, 0x7E, 0x07, 0xF1, 0xFF, 0x0F, 0xF0, 0x7F, 0x01, 0xE0, 0x0C, 0x00, 0x00, 0x00,
    0x00, 0x38, 0x00, 0x3E, 0x00, 0x0F, 0xC0, 0x01, 0xF0, 0x00, 0x7C, 0x00, 0x1F, 0x80, 0x03, 0xF0,
    0x00, 0xFF, 0x80, 0x3F, 0xF0, 0x1F, 0xFC, 0x0F, 0xFE, 0x07, 0xE0, 0x03, 0xF8, 0x03, 0xFC, 0x01,
    0xFE, 0x00, 0x7F, 0x00, 0x0F, 0x00, 0x03, 0x00, 0x00, 0x00, 0x80, 0x0F, 0x00, 0xF8, 0x07, 0xC0,
    0x1E, 0x00, 0x00, 0x00, 0x00, 0x00, 0x00, 0xE0, 0x1F, 0x00, 0xFC, 0x03, 0xE0, 0x1F, 0x00, 0xF8,
    0x03, 0xE0, 0x1F, 0x00, 0xF0, 0x0F, 0x80, 0xFC, 0x0F, 0xC0, 0xFE, 0x3F, 0xE1, 0xFE, 0x0F, 0xE0,
    0x3C, 0x01, 0x80, 0x00, 0x00, 0x80, 0x00, 0xF0, 0x00, 0x3E, 0x00, 0x0F, 0x80, 0x03, 0xC0, 0x00,
    0x00, 0x00, 0x00, 0x00, 0x00, 0x00, 0x00, 0xE0, 0x00, 0xF8, 0x00, 0x3F, 0x00, 0x07, 0xC0, 0x01,
    0xF0, 0x00, 0x7E, 0x00, 0x0F, 0xC0, 0x03, 0xFE, 0x00, 0xFF, 0xC0, 0x7F, 0xF0, 0x3F, 0xF8, 0x1F,
    0x80, 0x0F, 0xE0, 0x0F, 0xF0, 0x07, 0xF8, 0x01, 0xFC, 0x00, 0x3C, 0x00, 0x0C, 0x00, 0x00, 0x00,
    0x00, 0x00, 0x00, 0x18, 0x00, 0x00, 0x00, 0x00, 0xF8, 0x00, 0x00, 0x00, 0x01, 0xF0, 0x00, 0x00,
    0x00, 0x03, 0xE0, 0x00, 0x1E, 0x07, 0xC7, 0xC0, 0x00, 0x7C, 0x0F, 0x87, 0xC0, 0x00, 0x7C, 0x1F,
    0x0F, 0x9C, 0x00, 0xF8, 0x3E, 0x1F, 0x7C, 0x01, 0xF0, 0xFC, 0x3E, 0xF8, 0x03, 0xF1, 0xF8, 0xFD,
    0xF0, 0x03, 0xFF, 0xFF, 0xF3, 0xC0, 0x07, 0xFF, 0xFF, 0xEF, 0x80, 0x0F, 0xFF, 0xFF, 0x9F, 0x00,
    0x3F, 0xFD, 0xFE, 0x3F, 0x00, 0x7C, 0x00, 0x00, 0x3F, 0x01, 0xF8, 0x00, 0x00, 0x7F, 0xFF, 0xE0,
    0x00, 0x00, 0x7F, 0xFF, 0xC0, 0x00, 0x00, 0xFF, 0xFF, 0x00, 0x00, 0x00, 0x7F, 0xF8, 0x00, 0x00,
    0x00, 0x3F, 0xC0, 0x00, 0x00, 0x00, 0x00, 0x00, 0x00, 0x00, 0x3C, 0x00, 0x00, 0x00, 0x00, 0x01,
    0xE0, 0x00, 0x00, 0x78, 0x1F, 0x0F, 0x00, 0x00, 0x07, 0xC0, 0xF8, 0x7C, 0x00, 0x00, 0x1F, 0x07,
    0xC3, 0xE0, 0x1C, 0x00, 0xF8, 0x3E, 0x1F, 0x01, 0xF0, 0x07, 0xC3, 0xF0, 0xF8, 0x0F, 0x80, 0x3F,
    0x1F, 0x8F, 0xF0, 0x7C, 0x00, 0xFF, 0xFF, 0xFF, 0xF3, 0xC0, 0x07, 0xFF, 0xFF, 0xFF, 0xFE, 0x00,
    0x3F, 0xFF, 0xFF, 0xFF, 0xF0, 0x03, 0xFF, 0xDF, 0xE7, 0xEF, 0xC0, 0x1F, 0x00, 0x10, 0x00, 0x3F,
    0x01, 0xF8, 0x00, 0x00, 0x01, 0xFF, 0xFF, 0x80, 0x00, 0x00, 0x07, 0xFF, 0xFC, 0x00, 0x00, 0x00,
    0x3F, 0xFF, 0xC0, 0x00, 0x00, 0x00, 0x7F, 0xF8, 0x00, 0x00, 0x00, 0x00, 0xFF, 0x00, 0x00, 0x00,
    0x00, 0x00, 0x00, 0x03, 0x80, 0x00, 0x01, 0xF0, 0x00, 0x00, 0x3F, 0x00, 0x00, 0x03, 0xE0, 0xE0,
    0x7C, 0x7C, 0x1E, 0x0F, 0x8F, 0x87, 0xC1, 0xF0, 0xF8, 0xF8, 0x3C, 0x1F, 0x1F, 0x0F, 0x83, 0xE7,
    0xF3, 0xF8, 0xFB, 0xFF, 0xFF, 0xFF, 0x7F, 0xFF, 0xFF, 0xEF, 0xFF, 0xFF, 0xF9, 0xF7, 0xF9, 0xFE,
    0x20, 0x08, 0x04, 0x00, 0x00, 0x00, 0x03, 0xC0, 0x00, 0x00, 0x01, 0xE0, 0x03, 0x81, 0xF0, 0xF0,
    0x01, 0xE0, 0xF8, 0x78, 0x01, 0xF0, 0x7C, 0x3C, 0x00, 0xF8, 0x3C, 0x1F, 0x00, 0x7C, 0x3E, 0x0F,
    0x80, 0x7F, 0x3F, 0x8F, 0xE0, 0xFF, 0xFF, 0xFF, 0xFF, 0x7F, 0xFF, 0xFF, 0xFF, 0xBF, 0xFF, 0xFF,
    0xDF, 0xDF, 0x7F, 0x9F, 0xC7, 0xE8, 0x02, 0x01, 0x00, 0x40, 0x00, 0x00, 0x00, 0x60, 0x00, 0x00,
    0x00, 0x01, 0xE0, 0x00, 0x00, 0x00, 0x03, 0xC0, 0x00, 0x00, 0x00, 0x07, 0x80, 0x00, 0x00, 0x00,
    0x3F, 0x80, 0x00, 0x00, 0x00, 0x7F, 0x80, 0x00, 0x00, 0x01, 0xFF, 0x00, 0x00, 0x00, 0x01, 0xDE,
    0x00, 0x00, 0x00, 0x00, 0x00, 0x18, 0x00, 0x00, 0x00, 0x00, 0xF8, 0x00, 0x00, 0x00, 0x01, 0xF0,
    0x00, 0x00, 0x00, 0x03, 0xE0, 0x00, 0x1E, 0x07, 0xC7, 0xC0, 0x00, 0x7C, 0x0F, 0x87, 0xC0, 0x00,
    0x7C, 0x1F, 0x0F, 0x9C, 0x00, 0xF8, 0x3E, 0x1F, 0x7C, 0x01, 0xF0, 0xFC, 0x3E, 0xF8, 0x03, 0xF1,
    0xF8, 0xFD, 0xF0, 0x03, 0xFF, 0xFF, 0xF3, 0xC0, 0x07, 0xFF, 0xFF, 0xEF, 0x80, 0x0F, 0xFF, 0xFF,
    0x9F, 0x00, 0x3F, 0xFD, 0xFE, 0x3F, 0x00, 0x7C, 0x00, 0x00, 0x3F, 0x01, 0xF8, 0x00, 0x00, 0x7F,
    0xFF, 0xE0, 0x00, 0x00, 0x7F, 0xFF, 0xC0, 0x00, 0x00, 0xFF, 0xFF, 0x00, 0x00, 0x00, 0x7F, 0xF8,
    0x00, 0x00, 0x00, 0x3F, 0xC0, 0x00, 0x00, 0x00, 0x00, 0x00, 0x00, 0x60, 0x00, 0x00, 0x00, 0x00,
    0x07, 0x80, 0x00, 0x00, 0x00, 0x00, 0x3C, 0x00, 0x00, 0x00, 0x00, 0x01, 0xE0, 0x00, 0x00, 0x00,
    0x00, 0x3F, 0x80, 0x00, 0x00, 0x00, 0x01, 0xFE, 0x00, 0x00, 0x00, 0x00, 0x1F, 0xF0, 0x00, 0x00,
    0x00, 0x00, 0x77, 0x80, 0x00, 0x00, 0x00, 0x00, 0x00, 0x00, 0x00, 0x00, 0x00, 0x00, 0x00, 0x00,
    0x00, 0x00, 0x00, 0x00, 0x0F, 0x00, 0x00, 0x00, 0x00, 0x00, 0x78, 0x00, 0x00, 0x1E, 0x07, 0xC3,
    0xC0, 0x00, 0x01, 0xF0, 0x3E, 0x1F, 0x00, 0x00, 0x07, 0xC1, 0xF0, 0xF8, 0x07, 0x00, 0x3E, 0x0F,
    0x87, 0xC0, 0x7C, 0x01, 0xF0, 0xFC, 0x3E, 0x03, 0xE0, 0x0F, 0xC7, 0xE3, 0xFC, 0x1F, 0x00, 0x3F,
    0xFF, 0xFF, 0xFC, 0xF0, 0x01, 0xFF, 0xFF, 0xFF, 0xFF, 0x80, 0x0F, 0xFF, 0xFF, 0xFF, 0xFC, 0x00,
    0xFF, 0xF7, 0xF9, 0xFB, 0xF0, 0x07, 0xC0, 0x04, 0x00, 0x0F, 0xC0, 0x7E, 0x00, 0x00, 0x00, 0x7F,
    0xFF, 0xE0, 0x00, 0x00, 0x01, 0xFF, 0xFF, 0x00, 0x00, 0x00, 0x0F, 0xFF, 0xF0, 0x00, 0x00, 0x00,
    0x1F, 0xFE, 0x00, 0x00, 0x00, 0x00, 0x3F, 0xC0, 0x00, 0x00, 0x00, 0x00, 0x00, 0x03, 0x00, 0x00,
    0x00, 0xF0, 0x00, 0x00, 0x1E, 0x00, 0x00, 0x03, 0xC0, 0x00, 0x00, 0xFE, 0x00, 0x00, 0x3F, 0xC0,
    0x00, 0x07, 0xFC, 0x00, 0x00, 0xF7, 0x00, 0x00, 0x00, 0x03, 0x80, 0x00, 0x01, 0xF0, 0x00, 0x00,
    0x3F, 0x00, 0x00, 0x03, 0xE0, 0xE0, 0x7C, 0x7C, 0x1E, 0x0F, 0x8F, 0x87, 0xC1, 0xF0, 0xF8, 0xF8,
    0x3C, 0x1F, 0x1F, 0x0F, 0x83, 0xE7, 0xF3, 0xF8, 0xFB, 0xFF, 0xFF, 0xFF, 0x7F, 0xFF, 0xFF, 0xEF,
    0xFF, 0xFF, 0xF9, 0xF7, 0xF9, 0xFE, 0x20, 0x08, 0x04, 0x00, 0x00, 0x03, 0x00, 0x00, 0x00, 0x03,
    0xC0, 0x00, 0x00, 0x01, 0xE0, 0x00, 0x00, 0x00, 0xF0, 0x00, 0x00, 0x01, 0xFC, 0x00, 0x00, 0x00,
    0xFF, 0x00, 0x00, 0x00, 0xFF, 0x80, 0x00, 0x00, 0x3B, 0xC0, 0x00, 0x00, 0x00, 0x00, 0x00, 0x00,
    0x00, 0x00, 0x00, 0x00, 0x00, 0x00, 0xF0, 0x00, 0x00, 0x00, 0x78, 0x00, 0xE0, 0x7C, 0x3C, 0x00,
    0x78, 0x3E, 0x1E, 0x00, 0x7C, 0x1F, 0x0F, 0x00, 0x3E, 0x0F, 0x07, 0xC0, 0x1F, 0x0F, 0x83, 0xE0,
    0x1F, 0xCF, 0xE3, 0xF8, 0x3F, 0xFF, 0xFF, 0xFF, 0xDF, 0xFF, 0xFF, 0xFF, 0xEF, 0xFF, 0xFF, 0xF7,
    0xF7, 0xDF, 0xE7, 0xF1, 0xFA, 0x00, 0x80, 0x40, 0x10, 0x00, 0x00, 0x00, 0x01, 0xF8, 0x00, 0x00,
    0x00, 0x03, 0xFF, 0x00, 0x00, 0x00, 0x07, 0xFF, 0xC0, 0x00, 0x3C, 0x07, 0xFF, 0xE0, 0x00, 0x3E,
    0x07, 0xFF, 0xF8, 0x00, 0x0F, 0x87, 0xF0, 0x7C, 0xE0, 0x07, 0xC7, 0xF0, 0x3E, 0xF8, 0x03, 0xE3,
    0xE0, 0x3F, 0x7C, 0x01, 0xFF, 0xF0, 0x7F, 0x3E, 0x00, 0x7F, 0xFF, 0xFF, 0x9E, 0x00, 0x3F, 0xFF,
    0xFF, 0x9F, 0x00, 0x1F, 0xFF, 0xFF, 0x8F, 0x80, 0x0F, 0xFF, 0xFF, 0x07, 0xE0, 0x0F, 0x87, 0xF8,
    0x01, 0xF8, 0x0F, 0xC0, 0x00, 0x00, 0xFF, 0xFF, 0xC0, 0x00, 0x00, 0x3F, 0xFF, 0xE0, 0x00, 0x00,
    0x0F, 0xFF, 0xE0, 0x00, 0x00, 0x03, 0xFF, 0xC0, 0x00, 0x00, 0x00, 0x7F, 0x80, 0x00, 0x00, 0x00,
    0x00, 0x00, 0x00, 0x01, 0xF8, 0x00, 0x00, 0x00, 0x00, 0x3F, 0xF0, 0x00, 0x00, 0x00, 0x07, 0xFF,
    0xC0, 0x00, 0x03, 0xC0, 0x7F, 0xFE, 0x00, 0x00, 0x3E, 0x07, 0xFF, 0xF8, 0x00, 0x00, 0xF8, 0x7F,
    0x07, 0xC0, 0xE0, 0x07, 0xC7, 0xF0, 0x3E, 0x0F, 0x80, 0x3E, 0x3E, 0x03, 0xF0, 0x7C, 0x01, 0xFF,
    0xF0, 0x7F, 0x03, 0xE0, 0x07, 0xFF, 0xFF, 0xFF, 0x9E, 0x00, 0x3F, 0xFF, 0xFF, 0xFF, 0xF0, 0x01,
    0xFF, 0xFF, 0xFF, 0xFF, 0x80, 0x0F, 0xFF, 0xFF, 0x7F, 0x7E, 0x00, 0xF8, 0x7F, 0x80, 0x21, 0xF8,
    0x0F, 0xC0, 0x00, 0x00, 0x0F, 0xFF, 0xFC, 0x00, 0x00, 0x00, 0x3F, 0xFF, 0xE0, 0x00, 0x00, 0x00,
    0xFF, 0xFE, 0x00, 0x00, 0x00, 0x03, 0xFF, 0xC0, 0x00, 0x00, 0x00, 0x07, 0xF8, 0x00, 0x00, 0x00,
    0x00, 0x00, 0x00, 0x3F, 0x00, 0x00, 0x0F, 0xFC, 0x00, 0x03, 0xFF, 0xE0, 0xC0, 0x7F, 0xFE, 0x1F,
    0x0F, 0xFF, 0xE1, 0xF1, 0xFC, 0x1F, 0x1E, 0x3F, 0x81, 0xF3, 0xE3, 0xF0, 0x3F, 0x7F, 0x7E, 0x07,
    0xEF, 0xFF, 0xFF, 0xFE, 0xFF, 0xFF, 0xFF, 0xCF, 0xFF, 0xFF, 0xF8, 0xF1, 0xFF, 0xFE, 0x00, 0x03,
    0xFF, 0x00, 0x00, 0x00, 0x3F, 0x00, 0x00, 0x00, 0xFF, 0xC0, 0x00, 0x03, 0xFF, 0xE0, 0x0C, 0x07,
    0xFF, 0xE0, 0x1F, 0x0F, 0xFF, 0xE0, 0x1F, 0x1F, 0xC1, 0xF0, 0x1E, 0x3F, 0x81, 0xF0, 0x3E, 0x3F,
    0x03, 0xF0, 0x7F, 0x7E, 0x07, 0xE0, 0xFF, 0xFF, 0xFF, 0xFE, 0xFF, 0xFF, 0xFF, 0xFF, 0xFF, 0xFF,
    0xFF, 0xFF, 0xF1, 0xFF, 0xFE, 0xFE, 0x00, 0x3F, 0xF0, 0x00, 0x00, 0x00, 0x00, 0x00, 0x40, 0x00,
    0x00, 0x00, 0x00, 0xF0, 0x00, 0x00, 0x00, 0x00, 0x7C, 0x00, 0x00, 0x00, 0x00, 0x3E, 0x00, 0x00,
    0x00, 0x00, 0x1E, 0x00, 0x00, 0x00, 0x00, 0x00, 0x00, 0x00, 0x00, 0x00, 0x00, 0x00, 0x00, 0x00,
    0x00, 0x00, 0x00, 0x00, 0x00, 0x00, 0x01, 0xF8, 0x00, 0x00, 0x00, 0x03, 0xFF, 0x00, 0x00, 0x00,
    0x07, 0xFF, 0xC0, 0x00, 0x3C, 0x07, 0xFF, 0xE0, 0x00, 0x3E, 0x07, 0xFF, 0xF8, 0x00, 0x0F, 0x87,
    0xF0, 0x7C, 0xE0, 0x07, 0xC7, 0xF0, 0x3E, 0xF8, 0x03, 0xE3, 0xE0, 0x3F, 0x7C, 0x01, 0xFF, 0xF0,
    0x7F, 0x3E, 0x00, 0x7F, 0xFF, 0xFF, 0x9E, 0x00, 0x3F, 0xFF, 0xFF, 0x9F, 0x00, 0x1F, 0xFF, 0xFF,
    0x8F, 0x80, 0x0F, 0xFF, 0xFF, 0x07, 0xE0, 0x0F, 0x87, 0xF8, 0x01, 0xF8, 0x0F, 0xC0, 0x00, 0x00,
    0xFF, 0xFF, 0xC0, 0x00, 0x00, 0x3F, 0xFF, 0xE0, 0x00, 0x00, 0x0F, 0xFF, 0xE0, 0x00, 0x00, 0x03,
    0xFF, 0xC0, 0x00, 0x00, 0x00, 0x7F, 0x80, 0x00, 0x00, 0x00, 0x00, 0x00, 0x00, 0x00, 0x40, 0x00,
    0x00, 0x00, 0x00, 0x0F, 0x00, 0x00, 0x00, 0x00, 0x00, 0x7C, 0x00, 0x00, 0x00, 0x00, 0x03, 0xE0,
    0x00, 0x00, 0x00, 0x00, 0x1E, 0x00, 0x00, 0x00, 0x00, 0x00, 0x00, 0x00, 0x00, 0x00, 0x00, 0x00,
    0x00, 0x00, 0x00, 0x00, 0x00, 0x00, 0x00, 0x00, 0x00, 0x00, 0x01, 0xF8, 0x00, 0x00, 0x00, 0x00,
    0x3F, 0xF0, 0x00, 0x00, 0x00, 0x07, 0xFF, 0xC0, 0x00, 0x03, 0xC0, 0x7F, 0xFE, 0x00, 0x00, 0x3E,
    0x07, 0xFF, 0xF8, 0x00, 0x00, 0xF8, 0x7F, 0x07, 0xC0, 0xE0, 0x07, 0xC7, 0xF0, 0x3E, 0x0F, 0x80,
    0x3E, 0x3E, 0x03, 0xF0, 0x7C, 0x01, 0xFF, 0xF0, 0x7F, 0x03, 0xE0, 0x07, 0xFF, 0xFF, 0xFF, 0x9E,
    0x00, 0x3F, 0xFF, 0xFF, 0xFF, 0xF0, 0x01, 0xFF, 0xFF, 0xFF, 0xFF, 0x80, 0x0F, 0xFF, 0xFF, 0x7F,
    0x7E, 0x00, 0xF8, 0x7F, 0x80, 0x21, 0xF8, 0x0F, 0xC0, 0x00, 0x00, 0x0F, 0xFF, 0xFC, 0x00, 0x00,
    0x00, 0x3F, 0xFF, 0xE0, 0x00, 0x00, 0x00, 0xFF, 0xFE, 0x00, 0x00, 0x00, 0x03, 0xFF, 0xC0, 0x00,
    0x00, 0x00, 0x07, 0xF8, 0x00, 0x00, 0x00, 0x00, 0x00, 0x00, 0x08, 0x00, 0x00, 0x03, 0xC0, 0x00,
    0x00, 0x3E, 0x00, 0x00, 0x03, 0xE0, 0x00, 0x00, 0x3C, 0x00, 0x00, 0x00, 0x00, 0x00, 0x00, 0x00,
    0x00, 0x00, 0x00, 0x00, 0x00, 0x00, 0x3F, 0x00, 0x00, 0x0F, 0xFC, 0x00, 0x03, 0xFF, 0xE0, 0xC0,
    0x7F, 0xFE, 0x1F, 0x0F, 0xFF, 0xE1, 0xF1, 0xFC, 0x1F, 0x1E, 0x3F, 0x81, 0xF3, 0xE3, 0xF0, 0x3F,
    0x7F, 0x7E, 0x07, 0xEF, 0xFF, 0xFF, 0xFE, 0xFF, 0xFF, 0xFF, 0xCF, 0xFF, 0xFF, 0xF8, 0xF1, 0xFF,
    0xFE, 0x00, 0x03, 0xFF, 0x00, 0x00, 0x00, 0x08, 0x00, 0x00, 0x00, 0x3C, 0x00, 0x00, 0x00, 0x3E,
    0x00, 0x00, 0x00, 0x3E, 0x00, 0x00, 0x00, 0x3C, 0x00, 0x00, 0x00, 0x00, 0x00, 0x00, 0x00, 0x00,
    0x00, 0x00, 0x00, 0x00, 0x00, 0x00, 0x00, 0x3F, 0x00, 0x00, 0x00, 0xFF, 0xC0, 0x00, 0x03, 0xFF,
    0xE0, 0x0C, 0x07, 0xFF, 0xE0, 0x1F, 0x0F, 0xFF, 0xE0, 0x1F, 0x1F, 0xC1, 0xF0, 0x1E, 0x3F, 0x81,
    0xF0, 0x3E, 0x3F, 0x03, 0xF0, 0x7F, 0x7E, 0x07, 0xE0, 0xFF, 0xFF, 0xFF, 0xFE, 0xFF, 0xFF, 0xFF,
    0xFF, 0xFF, 0xFF, 0xFF, 0xFF, 0xF1, 0xFF, 0xFE, 0xFE, 0x00, 0x3F, 0xF0, 0x00, 0x07, 0xC0, 0x00,
    0x07, 0xC0, 0x00, 0x07, 0xC0, 0x00, 0x07, 0xC0, 0x00, 0x07, 0xC0, 0x00, 0x07, 0xC0, 0x00, 0x07,
    0xC0, 0x00, 0x07, 0xC0, 0x00, 0x07, 0xC0, 0x00, 0x03, 0xC3, 0xF0, 0x03, 0xCF, 0xFC, 0x03, 0xFF,
    0xFE, 0x03, 0xFF, 0xFE, 0x03, 0xFF, 0xFF, 0x03, 0xFC, 0x1F, 0x03, 0xF8, 0x1F, 0x03, 0xF0, 0x1F,
    0x47, 0xE0, 0xFE, 0x7F, 0xFF, 0xFE, 0xFF, 0xFF, 0xFC, 0xFF, 0xFF, 0xF8, 0xFF, 0xFF, 0xE0, 0x0F,
    0xFE, 0x00, 0x07, 0xC0, 0x00, 0x00, 0x7C, 0x00, 0x00, 0x07, 0xC0, 0x00, 0x00, 0x7C, 0x00, 0x00,
    0x07, 0xC0, 0x00, 0x00, 0x7C, 0x00, 0x00, 0x07, 0xC0, 0x00, 0x00, 0x7C, 0x00, 0x00, 0x07, 0xC0,
    0x00, 0x00, 0x3C, 0x3F, 0x00, 0x03, 0xCF, 0xFC, 0x00, 0x3F, 0xFF, 0xE0, 0x03, 0xFF, 0xFE, 0x00,
    0x3F, 0xFF, 0xF0, 0x03, 0xFC, 0x1F, 0x00, 0x3F, 0x81, 0xF0, 0x03, 0xF0, 0x1F, 0x04, 0x7E, 0x0F,
    0xE0, 0x7F, 0xFF, 0xFF, 0xEF, 0xFF, 0xFF, 0xFF, 0xFF, 0xFF, 0xFF, 0xFF, 0xFF, 0xFE, 0xFE, 0x0F,
    0xFE, 0x00, 0x80, 0x3E, 0x00, 0x01, 0xF0, 0x00, 0x0F, 0x80, 0x00, 0x7C, 0x00, 0x03, 0xE0, 0x00,
    0x1F, 0x00, 0x00, 0xF8, 0x00, 0x07, 0xC0, 0x00, 0x3E, 0x00, 0x01, 0xF1, 0xFE, 0x0F, 0xBF, 0xF8,
    0x7F, 0xFF, 0xE3, 0xFF, 0xFF, 0x1F, 0xFC, 0xFC, 0xFF, 0x83, 0xE3, 0xF0, 0x1F, 0x3F, 0x01, 0xF9,
    0xF8, 0xFF, 0xBF, 0xFF, 0xFD, 0xFF, 0xFF, 0xCF, 0xFF, 0xF8, 0x7F, 0xFF, 0x03, 0xFC, 0x00, 0x00,
    0x3E, 0x00, 0x00, 0x1F, 0x00, 0x00, 0x0F, 0x80, 0x00, 0x07, 0xC0, 0x00, 0x03, 0xE0, 0x00, 0x01,
    0xF0, 0x00, 0x00, 0xF8, 0x00, 0x00, 0x7C, 0x00, 0x00, 0x3E, 0x00, 0x00, 0x1F, 0x1F, 0xE0, 0x0F,
    0xBF, 0xF8, 0x07, 0xFF, 0xFE, 0x03, 0xFF, 0xFF, 0x01, 0xFF, 0xCF, 0xC0, 0xFF, 0x83, 0xE0, 0x3F,
    0x01, 0xF0, 0x3F, 0x01, 0xF8, 0x1F, 0x8F, 0xF8, 0x3F, 0xFF, 0xFF, 0xDF, 0xFF, 0xFF, 0xFF, 0xFF,
    0xFF, 0xFF, 0xFF, 0xF3, 0xFB, 0xFC, 0x00, 0x00, 0x07, 0xC0, 0x00, 0x07, 0xC0, 0x40, 0x07, 0xC1,
    0xE0, 0x07, 0xC1, 0xF0, 0x07, 0xC1, 0xF0, 0x07, 0xC1, 0xE0, 0x07, 0xC0, 0x00, 0x07, 0xC0, 0x00,
    0x07, 0xC0, 0x00, 0x03, 0xC3, 0xF0, 0x03, 0xCF, 0xFC, 0x03, 0xFF, 0xFE, 0x03, 0xFF, 0xFE, 0x03,
    0xFF, 0xFF, 0x03, 0xFC, 0x1F, 0x03, 0xF8, 0x1F, 0x03, 0xF0, 0x1F, 0x47, 0xE0, 0xFE, 0x7F, 0xFF,
    0xFE, 0xFF, 0xFF, 0xFC, 0xFF, 0xFF, 0xF8, 0xFF, 0xFF, 0xE0, 0x0F, 0xFE, 0x00, 0x07, 0xC0, 0x00,
    0x00, 0x7C, 0x08, 0x00, 0x07, 0xC1, 0xE0, 0x00, 0x7C, 0x3E, 0x00, 0x07, 0xC3, 0xE0, 0x00, 0x7C,
    0x1E, 0x00, 0x07, 0xC0, 0x00, 0x00, 0x7C, 0x00, 0x00, 0x07, 0xC0, 0x00, 0x00, 0x3C, 0x3F, 0x00,
    0x03, 0xCF, 0xFC, 0x00, 0x3F, 0xFF, 0xE0, 0x03, 0xFF, 0xFE, 0x00, 0x3F, 0xFF, 0xF0, 0x03, 0xFC,
    0x1F, 0x00, 0x3F, 0x81, 0xF0, 0x03, 0xF0, 0x1F, 0x04, 0x7E, 0x0F, 0xE0, 0x7F, 0xFF, 0xFF, 0xEF,
    0xFF, 0xFF, 0xFF, 0xFF, 0xFF, 0xFF, 0xFF, 0xFF, 0xFE, 0xFE, 0x0F, 0xFE, 0x00, 0x80, 0x3E, 0x00,
    0x01, 0xF0, 0x20, 0x0F, 0x87, 0x80, 0x7C, 0x3E, 0x03, 0xE1, 0xF0, 0x1F, 0x0F, 0x00, 0xF8, 0x00,
    0x07, 0xC0, 0x00, 0x3E, 0x00, 0x01, 0xF1, 0xFE, 0x0F, 0xBF, 0xF8, 0x7F, 0xFF, 0xE3, 0xFF, 0xFF,
    0x1F, 0xFC, 0xFC, 0xFF, 0x83, 0xE3, 0xF0, 0x1F, 0x3F, 0x01, 0xF9, 0xF8, 0xFF, 0xBF, 0xFF, 0xFD,
    0xFF, 0xFF, 0xCF, 0xFF, 0xF8, 0x7F, 0xFF, 0x03, 0xFC, 0x00, 0x00, 0x3E, 0x00, 0x00, 0x1F, 0x02,
    0x00, 0x0F, 0x87, 0x80, 0x07, 0xC3, 0xE0, 0x03, 0xE1, 0xF0, 0x01, 0xF0, 0xF0, 0x00, 0xF8, 0x00,
    0x00, 0x7C, 0x00, 0x00, 0x3E, 0x00, 0x00, 0x1F, 0x1F, 0xE0, 0x0F, 0xBF, 0xF8, 0x07, 0xFF, 0xFE,
    0x03, 0xFF, 0xFF, 0x01, 0xFF, 0xCF, 0xC0, 0xFF, 0x83, 0xE0, 0x3F, 0x01, 0xF0, 0x3F, 0x01, 0xF8,
    0x1F, 0x8F, 0xF8, 0x3F, 0xFF, 0xFF, 0xDF, 0xFF, 0xFF, 0xFF, 0xFF, 0xFF, 0xFF, 0xFF, 0xF3, 0xFB,
    0xFC, 0x00, 0x00, 0x01, 0xC0, 0x01, 0xFE, 0x00, 0x7F, 0xC0, 0x1F, 0xF8, 0x07, 0xFF, 0x00, 0xFC,
    0x00, 0x1F, 0x00, 0x03, 0xE0, 0x00, 0x7C, 0x1C, 0x07, 0xFF, 0x80, 0xFF, 0xF8, 0x0F, 0xFF, 0x01,
    0xFF, 0xC0, 0x7F, 0x80, 0x0F, 0xC0, 0x03, 0xF0, 0x00, 0x7C, 0x00, 0x1F, 0x00, 0x03, 0xE0, 0x00,
    0x7C, 0x00, 0x0F, 0x80, 0x01, 0xF0, 0x00, 0x3F, 0x00, 0x03, 0xF8, 0x0E, 0x7F, 0xFF, 0xC7, 0xFF,
    0xFC, 0x7F, 0xFF, 0x83, 0xFF, 0xE0, 0x1F, 0xE0, 0x03, 0xF8, 0x01, 0xFF, 0x80, 0x7F, 0xF8, 0x1F,
    0xFF, 0x03, 0xE3, 0xE0, 0x7E, 0x3C, 0x0F, 0xEF, 0x80, 0xFF, 0xF0, 0x0F, 0xFC, 0x00, 0xFF, 0x80,
    0x1F, 0xFF, 0x87, 0xFF, 0xF1, 0xFF, 0xFE, 0x7F, 0x7F, 0xDF, 0x80, 0x27, 0xE0, 0x00, 0xF8, 0x00,
    0x1F, 0x00, 0x03, 0xE0, 0x00, 0x7C, 0x00, 0x0F, 0xE0, 0x71, 0xFF, 0xFF, 0x1F, 0xFF, 0xE1, 0xFF,
    0xFC, 0x1F, 0xFF, 0x00, 0x7F, 0x00, 0x01, 0xF0, 0x07, 0xF8, 0x1F, 0xF8, 0x1F, 0xF0, 0x3F, 0xF0,
    0x3E, 0x00, 0x3E, 0x00, 0x3E, 0x00, 0x3E, 0x0C, 0x1F, 0xFE, 0x1F, 0xFE, 0xFF, 0xFE, 0xFF, 0xFE,
    0xFF, 0xF8, 0xFF, 0xC0, 0x80, 0x00, 0x01, 0xF8, 0x00, 0x7F, 0xE0, 0x0F, 0xFE, 0x01, 0xFF, 0xF0,
    0x3F, 0x1F, 0x01, 0xF1, 0xF0, 0x1F, 0x9F, 0x01, 0xFF, 0xE0, 0x07, 0xFE, 0x00, 0xFF, 0xE0, 0x7F,
    0xFF, 0xE7, 0xFF, 0xFF, 0x7F, 0xFF, 0xF7, 0xF1, 0xFE, 0x40, 0x00, 0x80, 0x00, 0x80, 0x00, 0x78,
    0x00, 0x0F, 0x80, 0x01, 0xF0, 0x00, 0x3C, 0x00, 0x00, 0x00, 0x00, 0x00, 0x00, 0x0E, 0x00, 0x0F,
    0xF0, 0x03, 0xFE, 0x00, 0xFF, 0xC0, 0x3F, 0xF8, 0x07, 0xE0, 0x00, 0xF8, 0x00, 0x1F, 0x00, 0x03,
    0xE0, 0xE0, 0x3F, 0xFC, 0x07, 0xFF, 0xC0, 0x7F, 0xF8, 0x0F, 0xFE, 0x03, 0xFC, 0x00, 0x7E, 0x00,
    0x1F, 0x80, 0x03, 0xE0, 0x00, 0xF8, 0x00, 0x1F, 0x00, 0x03, 0xE0, 0x00, 0x7C, 0x00, 0x0F, 0x80,
    0x01, 0xF8, 0x00, 0x1F, 0xC0, 0x73, 0xFF, 0xFE, 0x3F, 0xFF, 0xE3, 0xFF, 0xFC, 0x1F, 0xFF, 0x00,
    0xFF, 0x00, 0x00, 0x40, 0x00, 0x3C, 0x00, 0x07, 0xC0, 0x00, 0xF8, 0x00, 0x1E, 0x00, 0x00, 0x00,
    0x00, 0x00, 0x00, 0x00, 0x00, 0x03, 0xF8, 0x01, 0xFF, 0x80, 0x7F, 0xF8, 0x1F, 0xFF, 0x03, 0xE3,
    0xE0, 0x7E, 0x3C, 0x0F, 0xEF, 0x80, 0xFF, 0xF0, 0x0F, 0xFC, 0x00, 0xFF, 0x80, 0x1F, 0xFF, 0x87,
    0xFF, 0xF1, 0xFF, 0xFE, 0x7F, 0x7F, 0xDF, 0x80, 0x27, 0xE0, 0x00, 0xF8, 0x00, 0x1F, 0x00, 0x03,
    0xE0, 0x00, 0x7C, 0x00, 0x0F, 0xE0, 0x71, 0xFF, 0xFF, 0x1F, 0xFF, 0xE1, 0xFF, 0xFC, 0x1F, 0xFF,
    0x00, 0x7F, 0x00, 0x00, 0x00, 0x03, 0xC0, 0x03, 0xC0, 0x03, 0xC0, 0x03, 0xC0, 0x00, 0x00, 0x00,
    0x00, 0x01, 0xF0, 0x07, 0xF8, 0x1F, 0xF8, 0x1F, 0xF0, 0x3F, 0xF0, 0x3E, 0x00, 0x3E, 0x00, 0x3E,
    0x00, 0x3E, 0x0C, 0x1F, 0xFE, 0x1F, 0xFE, 0xFF, 0xFE, 0xFF, 0xFE, 0xFF, 0xF8, 0xFF, 0xC0, 0x80,
    0x00, 0x00, 0x40, 0x00, 0x0F, 0x00, 0x01, 0xF0, 0x00, 0x1F, 0x00, 0x00, 0xF0, 0x00, 0x00, 0x00,
    0x00, 0x00, 0x00, 0x00, 0x00, 0x01, 0xF8, 0x00, 0x7F, 0xE0, 0x0F, 0xFE, 0x01, 0xFF, 0xF0, 0x3F,
    0x1F, 0x01, 0xF1, 0xF0, 0x1F, 0x9F, 0x01, 0xFF, 0xE0, 0x07, 0xFE, 0x00, 0xFF, 0xE0, 0x7F, 0xFF,
    0xE7, 0xFF, 0xFF, 0x7F, 0xFF, 0xF7, 0xF1, 0xFE, 0x40, 0x00, 0x80, 0x00, 0x00, 0x02, 0x00, 0x00,
    0x00, 0x3C, 0x00, 0x00, 0x03, 0xE0, 0x00, 0x00, 0x1F, 0x00, 0x00, 0x00, 0x78, 0x00, 0x00, 0x00,
    0x00, 0x00, 0x00, 0x00, 0x00, 0x00, 0x00, 0x00, 0x00, 0x00, 0x0F, 0xC0, 0x00, 0x00, 0xFF, 0x00,
    0x00, 0x0F, 0xFC, 0x00, 0x00, 0xFF, 0xE0, 0x00, 0x07, 0xFF, 0x90, 0x00, 0x3C, 0x7D, 0xF0, 0x03,
    0xE3, 0xEF, 0x80, 0x1F, 0xFF, 0x7C, 0x00, 0x7F, 0xFB, 0xC0, 0x03, 0xFF, 0xDE, 0x00, 0x0F, 0xFE,
    0xF8, 0x00, 0x3F, 0xF7, 0xF0, 0x00, 0x1F, 0xBF, 0xFF, 0xFF, 0xF8, 0xFF, 0xFF, 0xFF, 0xC3, 0xFF,
    0xFF, 0xFC, 0x0F, 0xFF, 0xFF, 0xC0, 0x0F, 0xFF, 0xE0, 0x00, 0x00, 0x00, 0x00, 0x00, 0x00, 0x00,
    0x00, 0x3C, 0x00, 0x00, 0x00, 0x07, 0x80, 0x00, 0x00, 0x00, 0xF0, 0x00, 0x00, 0x00, 0x1E, 0x00,
    0x00, 0x00, 0x00, 0x00, 0x00, 0x00, 0x00, 0x00, 0x00, 0x00, 0x00, 0x00, 0x00, 0x00, 0x00, 0x03,
    0xF0, 0x00, 0x00, 0x00, 0xFF, 0x00, 0x80, 0x00, 0x3F, 0xF0, 0x3E, 0x00, 0x0F, 0xFF, 0x07, 0xC0,
    0x01, 0xF7, 0xE0, 0xF8, 0x00, 0x3E, 0x7C, 0x1E, 0x00, 0x07, 0x8F, 0x83, 0xC0, 0x00, 0xF9, 0xF0,
    0x7C, 0x00, 0x1F, 0xFE, 0x0F, 0xE0, 0x01, 0xFF, 0x81, 0xFF, 0xFF, 0xFF, 0xFF, 0x9F, 0xFF, 0xFF,
    0xFF, 0xF1, 0xFF, 0xFF, 0xFF, 0xFE, 0x1F, 0xFF, 0xFF, 0xFF, 0xC0, 0x7F, 0xFC, 0x00, 0x20, 0x01,
    0x00, 0x0F, 0x00, 0x7C, 0x01, 0xF0, 0x03, 0xC0, 0x00, 0x00, 0x00, 0x00, 0x00, 0x07, 0xE0, 0x3F,
    0xC1, 0xFF, 0x8F, 0xFE, 0x3F, 0xF8, 0xF1, 0xF7, 0xC7, 0xDF, 0xFF, 0x7F, 0xFC, 0xFF, 0xF3, 0xFF,
    0xC3, 0xFF, 0x01, 0xFB, 0xFF, 0xEF, 0xFF, 0x3F, 0xF8, 0xFF, 0x83, 0x00, 0x00, 0x00, 0x00, 0x00,
    0xF0, 0x00, 0x3C, 0x00, 0x0F, 0x00, 0x03, 0xC0, 0x00, 0x00, 0x00, 0x00, 0x00, 0x00, 0x00, 0x07,
    0xE0, 0x03, 0xFC, 0x01, 0xFF, 0x80, 0xFF, 0xF0, 0x3E, 0xFC, 0x0F, 0x1F, 0x03, 0xC7, 0xC0, 0xF9,
    0xF0, 0x3F, 0xFC, 0x07, 0xFE, 0x0F, 0xFF, 0xFF, 0xFF, 0xFF, 0xFF, 0xFF, 0xFF, 0xBF, 0xF8, 0x00,
    0x10, 0x00, 0x07, 0xBC, 0x00, 0x07, 0xBC, 0x00, 0x0F, 0xFC, 0x00, 0x07, 0xBC, 0x00, 0x00, 0x10,
    0x00, 0x00, 0x00, 0x00, 0x00, 0xC0, 0x00, 0x03, 0xF8, 0x00, 0x07, 0xFC, 0x00, 0x0F, 0xFC, 0x00,
    0x0F, 0xFE, 0x00, 0x1F, 0x3E, 0x38, 0x1F, 0x3E, 0x7C, 0x1F, 0x1E, 0x7C, 0x1F, 0xFF, 0x78, 0x1F,
    0xFE, 0xF8, 0x1F, 0xFE, 0xF8, 0x0F, 0xFE, 0xF8, 0x03, 0xFE, 0x7C, 0x00, 0x7E, 0x7F, 0x01, 0xFC,
    0x7F, 0xFF, 0xFC, 0x3F, 0xFF, 0xF8, 0x1F, 0xFF, 0xF0, 0x0F, 0xFF, 0xC0, 0x01, 0xFE, 0x00, 0x00,
    0x07, 0x38, 0x00, 0x00, 0xFF, 0xC0, 0x00, 0x0F, 0xFC, 0x00, 0x00, 0x7B, 0xC0, 0x00, 0x02, 0x10,
    0x00, 0x00, 0x00, 0x00, 0x00, 0x00, 0xE0, 0x00, 0x00, 0x3F, 0x80, 0x00, 0x07, 0xFC, 0x00, 0x00,
    0xFF, 0xC0, 0x00, 0x0F, 0xFE, 0x00, 0x01, 0xF3, 0xE0, 0x30, 0x1F, 0x3E, 0x07, 0xC1, 0xF1, 0xE0,
    0x7C, 0x1F, 0xFF, 0xE7, 0xC1, 0xFF, 0xFF, 0x78, 0x0F, 0xFF, 0xFF, 0x80, 0x7F, 0xFE, 0xF8, 0x00,
    0x7F, 0x8F, 0xC0, 0x07, 0xE0, 0x7E, 0x00, 0xFC, 0x07, 0xFF, 0xFF, 0xC0, 0x7F, 0xFF, 0xF8, 0x03,
    0xFF, 0xFF, 0x00, 0x1F, 0xFF, 0xC0, 0x00, 0x7F, 0xF0, 0x00, 0x1E, 0x70, 0x7B, 0xC1, 0xEF, 0x87,
    0xBC, 0x00, 0x20, 0x00, 0x00, 0x00, 0x01, 0xF8, 0x0F, 0xF0, 0x7F, 0xE3, 0xFF, 0x8F, 0xFE, 0x3C,
    0x7D, 0xF1, 0xF7, 0xFF, 0xDF, 0xFF, 0x3F, 0xFC, 0xFF, 0xF0, 0xFF, 0xC0, 0x7E, 0xFF, 0xFB, 0xFF,
    0xCF, 0xFE, 0x3F, 0xE0, 0xC0, 0x00, 0x0E, 0x70, 0x07, 0xFE, 0x01, 0xFF, 0x80, 0x39, 0xC0, 0x04,
    0x20, 0x00, 0x00, 0x00, 0x00, 0x00, 0x1F, 0x80, 0x0F, 0xF0, 0x07, 0xFE, 0x03, 0xFF, 0xC0, 0xFB,
    0xF0, 0x3C, 0x7C, 0x0F, 0x1F, 0x03, 0xE7, 0xC0, 0xFF, 0xF0, 0x1F, 0xF8, 0x3F, 0xFF, 0xFF, 0xFF,
    0xFF, 0xFF, 0xFF, 0xFE, 0xFF, 0xE0, 0x00, 0x40, 0x00, 0x00, 0x07, 0x80, 0x00, 0x01, 0xE0, 0x00,
    0x00, 0x78, 0x00, 0x00, 0x1F, 0x00, 0x01, 0x07, 0xC0, 0x01, 0xE1, 0xF0, 0x00, 0xF8, 0x7C, 0x00,
    0x7E, 0x1F, 0x00, 0x1E, 0x07, 0xC0, 0x07, 0xC1, 0xF2, 0x00, 0xF0, 0x7D, 0xF0, 0x1E, 0x1F, 0x7C,
    0x3F, 0x87, 0xDF, 0x0F, 0xC1, 0xF7, 0x83, 0xE0, 0x7D, 0xE0, 0x60, 0x1F, 0x7C, 0x00, 0x07, 0xDF,
    0xC0, 0x03, 0xF7, 0xFF, 0xFF, 0xF8, 0xFF, 0xFF, 0xFE, 0x1F, 0xFF, 0xFF, 0x03, 0xFF, 0xFF, 0x80,
    0x1F, 0xFF, 0x00, 0x00, 0x00, 0x07, 0x80, 0x00, 0x00, 0x0F, 0x00, 0x00, 0x00, 0x1E, 0x00, 0x00,
    0x00, 0x3E, 0x00, 0x00, 0x10, 0x7C, 0x00, 0x00, 0xF0, 0xF8, 0x00, 0x03, 0xE1, 0xF0, 0x00, 0x0F,
    0xC3, 0xE0, 0x00, 0x1E, 0x07, 0xC0, 0x00, 0x3E, 0x0F, 0x80, 0x80, 0x3C, 0x1F, 0x03, 0xE0, 0x3C,
    0x3E, 0x07, 0xC3, 0xF8, 0x7C, 0x0F, 0x87, 0xE0, 0xF8, 0x1E, 0x0F, 0x81, 0xF0, 0x3C, 0x0C, 0x03,
    0xE0, 0x7C, 0x00, 0x07, 0xC0, 0xFE, 0x00, 0x1F, 0xC1, 0xFF, 0xFF, 0xFF, 0xF9, 0xFF, 0xFF, 0xFF,
    0xF1, 0xFF, 0xFF, 0xFF, 0xE1, 0xFF, 0xFF, 0xCF, 0xC0, 0x7F, 0xFC, 0x02, 0x00, 0x00, 0x30, 0x03,
    0xE0, 0x3F, 0x83, 0xFF, 0x1F, 0xF9, 0xFF, 0x07, 0xF0, 0x3F, 0x00, 0xFE, 0x01, 0xFC, 0x03, 0xF8,
    0x07, 0xF0, 0x0F, 0xC0, 0x1F, 0x80, 0x3E, 0x00, 0xFC, 0x03, 0xF3, 0xFF, 0xCF, 0xFE, 0x3F, 0xF0,
    0xFF, 0x83, 0xC0, 0x00, 0x00, 0x30, 0x00, 0x3E, 0x00, 0x3F, 0x80, 0x3F, 0xF0, 0x1F, 0xF8, 0x1F,
    0xF0, 0x07, 0xF0, 0x03, 0xF0, 0x00, 0xFE, 0x00, 0x1F, 0xC0, 0x03, 0xF8, 0x00, 0x7E, 0x00, 0x0F,
    0xC0, 0x01, 0xF8, 0x00, 0x3F, 0x00, 0x0F, 0xC0, 0x03, 0xFC, 0x3F, 0xFF, 0xEF, 0xFF, 0xFB, 0xFF,
    0xFE, 0xFF, 0x9F, 0xBE, 0x00, 0x80, 0x00, 0x01, 0xF0, 0x00, 0x0F, 0x80, 0x00, 0x7C, 0x00, 0x03,
    0xE0, 0x00, 0x1F, 0x00, 0x00, 0xF8, 0x00, 0x07, 0xC0, 0x00, 0x3E, 0x00, 0x01, 0xF0, 0x00, 0x0F,
    0x80, 0x00, 0x7C, 0x00, 0x03, 0xE0, 0x00, 0x1F, 0x00, 0x00, 0x78, 0x00, 0x03, 0xC7, 0x00, 0x1E,
    0x7C, 0x00, 0xF3, 0xE0, 0x07, 0x9F, 0x00, 0x3C, 0xF0, 0x01, 0xEF, 0x80, 0x1F, 0x7C, 0x00, 0xFB,
    0xF0, 0x07, 0xCF, 0xC0, 0x7C, 0x7F, 0xFF, 0xE1, 0xFF, 0xFE, 0x0F, 0xFF, 0xE0, 0x1F, 0xFE, 0x00,
    0x3F, 0xC0, 0x00, 0x00, 0x01, 0xF0, 0x00, 0x00, 0x7C, 0x00, 0x00, 0x1F, 0x00, 0x00, 0x07, 0xC0,
    0x00, 0x01, 0xF0, 0x00, 0x00, 0x7C, 0x00, 0x00, 0x1F, 0x00, 0x00, 0x07, 0xC0, 0x00, 0x01, 0xF0,
    0x00, 0x00, 0x7C, 0x00, 0x00, 0x1F, 0x00, 0x00, 0x07, 0xC0, 0x00, 0x01, 0xF0, 0x00, 0x00, 0x7C,
    0x00, 0x00, 0x1F, 0x00, 0xE0, 0x03, 0xC0, 0x7C, 0x00, 0xF8, 0x1F, 0x00, 0x3F, 0x07, 0xC0, 0x0F,
    0xF9, 0xE0, 0x03, 0xFF, 0xF8, 0x01, 0xFF, 0xFE, 0x00, 0x7F, 0xEF, 0xC0, 0x1F, 0x01, 0xF8, 0x0F,
    0xC0, 0x7F, 0xFF, 0xE0, 0x0F, 0xFF, 0xF8, 0x03, 0xFF, 0xFC, 0x00, 0x3F, 0xFC, 0x00, 0x03, 0xFC,
    0x00, 0x00, 0x3E, 0x3E, 0x3E, 0x3E, 0x3E, 0x3E, 0x3E, 0x3E, 0x3E, 0x3E, 0x3E, 0x3E, 0x1E, 0x1E,
    0x1F, 0x1F, 0x1F, 0x3E, 0xFE, 0xFE, 0xFC, 0xF8, 0x80, 0x3E, 0x01, 0xF0, 0x0F, 0x80, 0x7C, 0x03,
    0xE0, 0x1F, 0x00, 0xF8, 0x07, 0xC0, 0x3E, 0x01, 0xF0, 0x0F, 0x80, 0x7C, 0x01, 0xE0, 0x0F, 0x00,
    0x7C, 0x03, 0xE0, 0x1F, 0x01, 0xFC, 0x3F, 0xFD, 0xFF, 0xFF, 0xFF, 0xF9, 0xFA, 0x00, 0x00, 0x07,
    0xF0, 0x1F, 0xF0, 0x7F, 0xF1, 0xFF, 0xE3, 0xFF, 0xE7, 0x87, 0xC3, 0x0F, 0x80, 0x1F, 0x0F, 0xFE,
    0x7F, 0xFD, 0xFF, 0xFB, 0xFF, 0xFF, 0xC0, 0xDF, 0x00, 0x3E, 0x00, 0x7C, 0x00, 0xF8, 0x01, 0xF0,
    0x03, 0xE0, 0x03, 0xC0, 0x07, 0xC0, 0x0F, 0x80, 0x1F, 0x00, 0x3E, 0x00, 0x20, 0x00, 0x00, 0x38,
    0x00, 0x07, 0xF0, 0x00, 0x3F, 0xE0, 0x03, 0xFF, 0x80, 0x1F, 0xFF, 0x00, 0x7F, 0x7C, 0x03, 0xF0,
    0xF8, 0x1F, 0xE1, 0xE0, 0x7F, 0xC7, 0xC1, 0xFF, 0xFF, 0xEF, 0xFF, 0xFF, 0xFE, 0xFF, 0xFF, 0xF8,
    0xFE, 0xFB, 0xE0, 0xF0, 0x0F, 0x80, 0x00, 0x3E, 0x00, 0x00, 0xF8, 0x00, 0x03, 0xE0, 0x00, 0x07,
    0xC0, 0x00, 0x1F, 0x00, 0x00, 0x7C, 0x00, 0x01, 0xF0, 0x00, 0x07, 0xC0, 0x00, 0x0F, 0x80, 0x00,
    0x30, 0x00, 0x00, 0x00, 0x40, 0x03, 0xF8, 0x07, 0xFC, 0x0F, 0xFE, 0x0F, 0xFE, 0x1F, 0xBF, 0x1F,
    0x1F, 0x3F, 0x1F, 0x7F, 0xBF, 0xFF, 0xFF, 0xFF, 0xFE, 0xFF, 0xFC, 0xF3, 0xF8, 0x80, 0x00, 0x00,
    0x40, 0x00, 0x1F, 0xC0, 0x01, 0xFF, 0x00, 0x1F, 0xF8, 0x00, 0xFF, 0xE0, 0x0F, 0x9F, 0x00, 0xF8,
    0xFC, 0x07, 0xC3, 0xE0, 0x7F, 0x9F, 0xC7, 0xFF, 0xFF, 0xBF, 0xFF, 0xFF, 0xFF, 0xFF, 0xFF, 0x1F,
    0xDF, 0x40, 0x38, 0x00, 0x00, 0x20, 0x00, 0x07, 0x80, 0x00, 0x3E, 0x00, 0x01, 0xF0, 0x00, 0x0F,
    0x00, 0x00, 0x00, 0x00, 0x00, 0x01, 0x00, 0x00, 0x7C, 0x00, 0x03, 0xE0, 0x00, 0x0F, 0x8E, 0x00,
    0x7C, 0xF8, 0x03, 0xE7, 0xC0, 0x1F, 0x3E, 0x00, 0x7D, 0xE0, 0x03, 0xFF, 0x00, 0x1E, 0xF8, 0x01,
    0xF7, 0xE0, 0x0F, 0x9F, 0x80, 0xFC, 0xFF, 0xFF, 0xC3, 0xFF, 0xFC, 0x1F, 0xFF, 0xE0, 0x3F, 0xFC,
    0x00, 0x7F, 0x80, 0x00, 0x20, 0x00, 0x00, 0x3C, 0x00, 0x00, 0x0F, 0x80, 0x00, 0x03, 0xE0, 0x00,
    0x00, 0xF0, 0x00, 0x00, 0x00, 0x00, 0x00, 0x00, 0x00, 0x00, 0x00, 0x07, 0x80, 0x00, 0x03, 0xE0,
    0x00, 0x00, 0x7C, 0x03, 0x80, 0x1F, 0x01, 0xF0, 0x07, 0xC0, 0x7C, 0x01, 0xFC, 0x1F, 0x00, 0x3F,
    0xF7, 0x80, 0x0F, 0xFF, 0xE0, 0x03, 0xFF, 0xF8, 0x01, 0xFF, 0xFF, 0x00, 0x7C, 0x47, 0xE0, 0x3F,
    0x01, 0xFF, 0xFF, 0x80, 0x3F, 0xFF, 0xE0, 0x0F, 0xFF, 0xF0, 0x00, 0xFF, 0xF0, 0x00, 0x0F, 0xF0,
    0x00, 0x08, 0x3C, 0x3E, 0x3E, 0x3C, 0x00, 0x00, 0x0E, 0x3E, 0x3E, 0x1F, 0x1F, 0x1F, 0x1F, 0x1F,
    0x1F, 0x3F, 0xFF, 0xFE, 0xFE, 0xF8, 0x80, 0x00, 0x00, 0x3C, 0x01, 0xF0, 0x07, 0xC0, 0x0F, 0x00,
    0x00, 0x00, 0x00, 0x00, 0x00, 0x0F, 0x00, 0x3C, 0x00, 0xF0, 0x07, 0xC0, 0x1F, 0x00, 0xFF, 0x0F,
    0xFF, 0xBF, 0xFF, 0xFF, 0xFF, 0xE7, 0xE8, 0x02, 0x00, 0x06, 0x00, 0x78, 0x07, 0xE0, 0x3F, 0x81,
    0xFE, 0x0F, 0xF8, 0xFF, 0xCF, 0xBF, 0x7C, 0xFB, 0xC7, 0xFE, 0x3F, 0xF9, 0xF7, 0xFF, 0xBF, 0xF8,
    0xFF, 0xC3, 0xF8, 0x00, 0x00, 0x00, 0x78, 0x00, 0x0F, 0x00, 0x01, 0xE0, 0x01, 0xFC, 0x00, 0xFF,
    0xC0, 0x3F, 0xF8, 0x0F, 0xFF, 0x03, 0xFF, 0xE0, 0x7C, 0x7C, 0x0F, 0x0F, 0x83, 0xE1, 0xF0, 0x7F,
    0xFE, 0x07, 0xFF, 0xC0, 0xFF, 0xFC, 0x0F, 0xFF, 0xF0, 0x7F, 0xFF, 0x00, 0x3F, 0xE0, 0x01, 0xF8,
    0x00, 0x00, 0x00, 0x00, 0x00, 0x01, 0xC0, 0x00, 0xF8, 0x00, 0x3F, 0x00, 0x0F, 0xF0, 0x07, 0xFE,
    0x03, 0xFF, 0xC0, 0xFF, 0xF8, 0x3C, 0xFF, 0x0F, 0x3F, 0xE3, 0xDF, 0xF8, 0xFF, 0xDF, 0x3F, 0xE7,
    0xFF, 0xFF, 0xFF, 0xFF, 0xFF, 0xFF, 0xFE, 0xFD, 0xFF, 0x20, 0x0E, 0x00, 0x01, 0xF0, 0x00, 0x7F,
    0x00, 0x1F, 0xF0, 0x07, 0xFE, 0x01, 0xFF, 0xC0, 0x3E, 0x78, 0x07, 0xCF, 0x01, 0xF3, 0xE0, 0x3E,
    0x7C, 0x07, 0xFF, 0x83, 0xFF, 0xFF, 0xFF, 0xFF, 0xFF, 0xFF, 0xFF, 0xFC, 0xFF, 0xEF, 0x87, 0xE1,
    0xF8, 0xF8, 0x1F, 0xFF, 0x03, 0xFF, 0xC0, 0x3F, 0xF8, 0x03, 0xFE, 0x00, 0x0F, 0x00, 0x07, 0xC0,
    0x3F, 0x81, 0xFF, 0x0F, 0xFE, 0x3F, 0xF9, 0xF3, 0xE7, 0xC7, 0x9F, 0x1F, 0x7F, 0xFD, 0xFF, 0xF3,
    0xFF, 0x87, 0xFE, 0x01, 0xF8, 0x1F, 0xC7, 0xFF, 0x1F, 0xF8, 0x7F, 0xC1, 0xFC, 0x07, 0x80, 0x00,
    0x07, 0xC0, 0x03, 0xF8, 0x01, 0xFF, 0x00, 0xFF, 0xE0, 0x3F, 0xF8, 0x1F, 0x3E, 0x07, 0xC7, 0xC1,
    0xF1, 0xF0, 0x7F, 0xFF, 0x9F, 0xFF, 0xF3, 0xFF, 0xFC, 0x7F, 0xFE, 0x01, 0xFE, 0x01, 0xFC, 0x07,
    0xFF, 0x01, 0xFF, 0x80, 0x7F, 0xC0, 0x1F, 0xC0, 0x07, 0x80, 0x00, 0x00, 0x00, 0xFE, 0x00, 0x03,
    0xFF, 0x00, 0x07, 0xFE, 0x00, 0x0F, 0xFE, 0x00, 0x0F, 0xCC, 0x00, 0x1F, 0x80, 0x00, 0x1F, 0x00,
    0x38, 0x1F, 0x00, 0x7C, 0x1F, 0x80, 0x7C, 0x1F, 0xE0, 0x7C, 0x0F, 0xF8, 0x78, 0x07, 0xFC, 0xF8,
    0x01, 0xFE, 0xF8, 0x00, 0x7E, 0xFC, 0x00, 0x7C, 0x7E, 0x01, 0xFC, 0x7F, 0xFF, 0xF8, 0x3F, 0xFF,
    0xF0, 0x1F, 0xFF, 0xE0, 0x0F, 0xFF, 0xC0, 0x03, 0xFE, 0x00, 0x00, 0x00, 0x00, 0x0E, 0x00, 0x00,
    0x07, 0xC0, 0x1C, 0x01, 0xF0, 0x07, 0xF0, 0x7C, 0x01, 0xFF, 0xDE, 0x00, 0xFF, 0xFF, 0x80, 0x1F,
    0xFF, 0xE0, 0x01, 0xFF, 0xFC, 0x00, 0x3F, 0x1F, 0x80, 0x1F, 0x07, 0xFF, 0xFF, 0xC0, 0xFF, 0xFF,
    0xE0, 0x3F, 0xFF, 0xF0, 0x03, 0xFF, 0xF8, 0x00, 0x3F, 0xF0, 0x00, 0x00, 0x00, 0xFE, 0x00, 0x03,
    0xFF, 0x00, 0x07, 0xFE, 0x00, 0x0F, 0xFE, 0x00, 0x0F, 0xCC, 0x00, 0x1F, 0x80, 0x00, 0x1F, 0x00,
    0x38, 0x1F, 0x00, 0x7C, 0x1F, 0x80, 0x7C, 0x1F, 0xE0, 0x7C, 0x0F, 0xF8, 0x78, 0x07, 0xFC, 0xF8,
    0x01, 0xFE, 0xF8, 0x00, 0x7E, 0xFC, 0x00, 0x7C, 0x7E, 0x01, 0xFC, 0x7F, 0xFF, 0xF8, 0x3F, 0xFF,
    0xF0, 0x1F, 0xFF, 0xE0, 0x0F, 0xFF, 0xC0, 0x03, 0xFE, 0x00, 0x00, 0x00, 0x00, 0x00, 0x00, 0x00,
    0x01, 0x8C, 0x00, 0x03, 0xDE, 0x00, 0x03, 0xDE, 0x00, 0x03, 0xDE, 0x00, 0x03, 0xDE, 0x00, 0x00,
    0x00, 0x00, 0x0E, 0x00, 0x00, 0x07, 0xC0, 0x1C, 0x01, 0xF0, 0x07, 0xF0, 0x7C, 0x01, 0xFF, 0xDE,
    0x00, 0xFF, 0xFF, 0x80, 0x1F, 0xFF, 0xE0, 0x01, 0xFF, 0xFC, 0x00, 0x3F, 0x1F, 0x80, 0x1F, 0x07,
    0xFF, 0xFF, 0xC0, 0xFF, 0xFF, 0xE0, 0x3F, 0xFF, 0xF0, 0x03, 0xFF, 0xF8, 0x00, 0x3F, 0xF0, 0x00,
    0x00, 0x00, 0x00, 0x00, 0x00, 0x00, 0x00, 0x21, 0x80, 0x00, 0x1E, 0xF0, 0x00, 0x0F, 0xFC, 0x00,
    0x03, 0xFF, 0x00, 0x00, 0x73, 0x80, 0x00, 0x07, 0x07, 0xC1, 0xF0, 0x7E, 0x0F, 0x83, 0xE0, 0xF8,
    0x3E, 0x0F, 0x87, 0xEF, 0xFB, 0xFC, 0xFE, 0x3F, 0x08, 0x00, 0x00, 0x63, 0x3D, 0xEF, 0x7F, 0xDE,
    0x73, 0x80, 0x00, 0x00, 0x1F, 0x00, 0x3E, 0x00, 0x7C, 0x00, 0xF8, 0x03, 0xF0, 0x0F, 0xF0, 0x7F,
    0xFE, 0xFF, 0xFF, 0xFF, 0xFF, 0xE7, 0xF4, 0x00, 0x80, 0x00, 0x06, 0x30, 0x1E, 0xF0, 0x3D, 0xE0,
    0x7B, 0xC0, 0x73, 0x80, 0x00, 0x00, 0x0F, 0xD8, 0x03, 0xFF, 0x86, 0x3F, 0xE3, 0xC0, 0x38, 0x7C,
    0x00, 0x0F, 0x81, 0x81, 0xF0, 0x78, 0x3E, 0x1F, 0xC7, 0xC3, 0xFC, 0xF8, 0x1F, 0xDF, 0x01, 0xFF,
    0xC0, 0x0F, 0xF8, 0x00, 0xFF, 0x00, 0x0F, 0xE0, 0x01, 0xFE, 0x00, 0x7F, 0xC0, 0x1F, 0xFC, 0x07,
    0xEF, 0x81, 0xF9, 0xF0, 0x7F, 0xFE, 0x0F, 0xFF, 0xC1, 0xFF, 0xF0, 0x3F, 0xFC, 0x00, 0x00, 0x00,
    0x7C, 0x80, 0x01, 0xFF, 0x80, 0x03, 0xFF, 0x7C, 0x00, 0x18, 0xF8, 0x00, 0x01, 0xF0, 0x00, 0x03,
    0xE0, 0x08, 0x07, 0xC0, 0x38, 0x0F, 0x80, 0xF8, 0x1F, 0x01, 0xF8, 0x3E, 0x01, 0xF8, 0x7C, 0x01,
    0xF8, 0xF8, 0x01, 0xF9, 0xF0, 0x01, 0xFB, 0xE0, 0x01, 0xFF, 0xC0, 0x01, 0xFF, 0x80, 0x01, 0xFF,
    0x00, 0x03, 0xFE, 0x00, 0x03, 0xFE, 0x03, 0xFF, 0xFC, 0x0F, 0xFF, 0xFF, 0x9F, 0xFF, 0xFF, 0xBF,
    0xF9, 0xFF, 0x7F, 0xC1, 0xFC, 0x10, 0x00, 0x20, 0x38, 0x00, 0x3C, 0x00, 0x3E, 0x00, 0x1C, 0x00,
    0x0E, 0x00, 0x03, 0xE0, 0x33, 0xF8, 0x79, 0xF0, 0x3E, 0x00, 0x1F, 0x0C, 0x0F, 0x8F, 0x07, 0xCF,
    0xE3, 0xE7, 0xF9, 0xF0, 0xFE, 0xF8, 0x3F, 0xF8, 0x07, 0xFC, 0x01, 0xFE, 0x00, 0x7F, 0x00, 0x3F,
    0xC0, 0x3F, 0xE0, 0x3F, 0xF8, 0x3F, 0x7C, 0x3F, 0x3E, 0x3F, 0xFF, 0x1F, 0xFF, 0x8F, 0xFF, 0x87,
    0xFF, 0x80, 0x0C, 0x00, 0x00, 0xF8, 0x00, 0x03, 0xE0, 0x00, 0x1E, 0x00, 0x00, 0x38, 0x00, 0x00,
    0xFC, 0x00, 0x07, 0xF1, 0xF0, 0x0F, 0x87, 0xC0, 0x20, 0x1F, 0x00, 0x00, 0x7C, 0x02, 0x01, 0xF0,
    0x1C, 0x07, 0xC0, 0xF8, 0x1F, 0x03, 0xF0, 0x7C, 0x07, 0xE1, 0xF0, 0x0F, 0xC7, 0xC0, 0x1F, 0x9F,
    0x00, 0x3F, 0x7C, 0x00, 0x7F, 0xF0, 0x00, 0xFF, 0xC0, 0x01, 0xFF, 0x00, 0x07, 0xFC, 0x00, 0x0F,
    0xF8, 0x1F, 0xFF, 0xE0, 0xFF, 0xFF, 0xFB, 0xFF, 0xFF, 0xFF, 0xFE, 0x7F, 0xFF, 0xE0, 0xFE, 0x10,
    0x00, 0x20, 0x00, 0x0C, 0x00, 0x3C, 0x00, 0x3E, 0x00, 0x3E, 0x30, 0x3E, 0x78, 0x3E, 0xFE, 0x3E,
    0xFF, 0x3E, 0x3F, 0xBE, 0x1F, 0xFC, 0x07, 0xFC, 0x03, 0xFC, 0x01, 0xFC, 0x01, 0xFE, 0x03, 0xFE,
    0x07, 0xFF, 0x0F, 0xDF, 0x1F, 0x9F, 0x3F, 0xFF, 0x3F, 0xFF, 0x3F, 0xFE, 0x3F, 0xFC, 0x00, 0x00,
    0x06, 0x00, 0x1F, 0x00, 0x3F, 0x00, 0x38, 0x00, 0x3C, 0x00, 0x1F, 0x80, 0x3F, 0x80, 0x3E, 0x00,
    0x10, 0x00, 0x00, 0x1F, 0x00, 0x00, 0x7C, 0x00, 0x01, 0xF0, 0x00, 0x07, 0xC0, 0x20, 0x1F, 0x01,
    0xC0, 0x7C, 0x0F, 0x81, 0xF0, 0x3F, 0x07, 0xC0, 0x7E, 0x1F, 0x00, 0xFC, 0x7C, 0x01, 0xF9, 0xF0,
    0x03, 0xF7, 0xC0, 0x07, 0xFF, 0x00, 0x0F, 0xFC, 0x00, 0x1F, 0xF0, 0x00, 0x7F, 0xC0, 0x00, 0xFF,
    0x81, 0xFF, 0xFE, 0x0F, 0xFF, 0xFF, 0xBF, 0xFF, 0xFF, 0xFF, 0xE7, 0xFF, 0xFE, 0x0F, 0xE1, 0x00,
    0x02, 0x01, 0x80, 0x00, 0x1F, 0x00, 0x00, 0xFC, 0x00, 0x03, 0x80, 0x00, 0x0F, 0x00, 0x00, 0x1F,
    0x80, 0x00, 0xFE, 0x00, 0x03, 0xE0, 0x00, 0x04, 0x00, 0x00, 0x00, 0x0C, 0x00, 0x3C, 0x00, 0x3E,
    0x00, 0x3E, 0x30, 0x3E, 0x78, 0x3E, 0xFE, 0x3E, 0xFF, 0x3E, 0x3F, 0xBE, 0x1F, 0xFC, 0x07, 0xFC,
    0x03, 0xFC, 0x01, 0xFC, 0x01, 0xFE, 0x03, 0xFE, 0x07, 0xFF, 0x0F, 0xDF, 0x1F, 0x9F, 0x3F, 0xFF,
    0x3F, 0xFF, 0x3F, 0xFE, 0x3F, 0xFC, 0x00, 0x1F, 0x00, 0x00, 0x7C, 0x00, 0x01, 0xF0, 0x00, 0x07,
    0xC0, 0x20, 0x1F, 0x01, 0xC0, 0x7C, 0x0F, 0x81, 0xF0, 0x3F, 0x07, 0xC0, 0x7E, 0x1F, 0x00, 0xFC,
    0x7C, 0x01, 0xF9, 0xF0, 0x03, 0xF7, 0xC0, 0x07, 0xFF, 0x00, 0x0F, 0xFC, 0x00, 0x1F, 0xF0, 0x00,
    0x7F, 0xC0, 0x00, 0xFF, 0x81, 0xFF, 0xFE, 0x0F, 0xFF, 0xFF, 0xBF, 0xFF, 0xFF, 0xFF, 0xE7, 0xFF,
    0xFE, 0x0F, 0xE1, 0x00, 0x02, 0x00,
};

static const EpdGlyph ubuntu_14_boldGlyphs[] = {
    { 0, 0, 0, 0, 0, 0, 0 }, // U+0000
    { 0, 0, 0, 0, 0, 0, 0 }, // U+0008
    { 0, 0, 112, 0, 0, 0, 0 }, // U+0009
    { 0, 0, 112, 0, 0, 0, 0 }, // U+000D
    { 0, 0, 0, 0, 0, 0, 0 }, // U+001D
    { 0, 0, 112, 0, 0, 0, 0 }, // U+0020
    { 6, 20, 133, 1, 20, 15, 0 }, // !
    { 12, 9, 217, 1, 22, 14, 15 }, // "
    { 18, 20, 326, 1, 20, 45, 29 }, // #
    { 15, 25, 265, 1, 22, 47, 74 }, // $
    { 25, 20, 428, 1, 20, 63, 121 }, // %
    { 20, 20, 329, 1, 20, 50, 184 }, // &
    { 5, 9, 115, 1, 22, 6, 234 }, // '
    { 9, 28, 166, 2, 23, 32, 240 }, // (
    { 9, 28, 166, 0, 23, 32, 272 }, // )
    { 13, 12, 234, 1, 20, 20, 304 }, // *
    { 15, 14, 265, 1, 16, 27, 324 }, // +
    { 7, 9, 115, 0, 4, 8, 351 }, // ,
    { 10, 4, 159, 0, 11, 5, 359 }, // -
    { 7, 5, 115, 0, 5, 5, 364 }, // .
    { 15, 28, 204, -1, 23, 53, 369 }, // /
    { 16, 20, 265, 0, 20, 40, 422 }, // 0
    { 10, 20, 265, 2, 20, 25, 462 }, // 1
    { 14, 20, 265, 1, 20, 35, 487 }, // 2
    { 15, 20, 265, 0, 20, 38, 522 }, // 3
    { 16, 20, 265, 0, 20, 40, 560 }, // 4
    { 14, 20, 265, 1, 20, 35, 600 }, // 5
    { 15, 20, 265, 1, 20, 38, 635 }, // 6
    { 15, 20, 265, 1, 20, 38, 673 }, // 7
    { 15, 20, 265, 1, 20, 38, 711 }, // 8
    { 16, 20, 265, 0, 20, 40, 749 }, // 9
    { 7, 15, 115, 0, 15, 14, 789 }, // :
    { 7, 20, 115, 0, 15, 18, 803 }, // ;
    { 15, 15, 265, 1, 16, 29, 821 }, // <
    { 15, 11, 265, 1, 14, 21, 850 }, // =
    { 15, 15, 265, 1, 16, 29, 871 }, // >
    { 13, 23, 212, 0, 23, 38, 900 }, // ?
    { 26, 26, 455, 1, 21, 85, 938 }, // @
    { 21, 20, 337, 0, 20, 53, 1023 }, // A
    { 17, 20, 314, 2, 20, 43, 1076 }, // B
    { 18, 20, 302, 1, 20, 45, 1119 }, // C
    { 18, 20, 344, 2, 20, 45, 1164 }, // D
    { 15, 20, 283, 2, 20, 38, 1209 }, // E
    { 14, 20, 268, 2, 20, 35, 1247 }, // F
    { 18, 20, 328, 1, 20, 45, 1282 }, // G
    { 17, 20, 343, 2, 20, 43, 1327 }, // H
    { 5, 20, 147, 2, 20, 13, 1370 }, // I
    { 14, 20, 247, 0, 20, 35, 1383 }, // J
    { 18, 20, 319, 2, 20, 45, 1418 }, // K
    { 14, 20, 263, 2, 20, 35, 1463 }, // L
    { 24, 20, 419, 1, 20, 60, 1498 }, // M
    { 18, 20, 353, 2, 20, 45, 1558 }, // N
    { 21, 20, 369, 1, 20, 53, 1603 }, // O
    { 16, 20, 301, 2, 20, 40, 1656 }, // P
    { 21, 25, 369, 1, 20, 66, 1696 }, // Q
    { 17, 20, 311, 2, 20, 43, 1762 }, // R
    { 15, 20, 272, 1, 20, 38, 1805 }, // S
    { 18, 20, 287, 0, 20, 45, 1843 }, // T
    { 17, 20, 330, 2, 20, 43, 1888 }, // U
    { 21, 20, 337, 0, 20, 53, 1931 }, // V
    { 27, 20, 442, 0, 20, 68, 1984 }, // W
    { 20, 20, 315, 0, 20, 50, 2052 }, // X
    { 20, 20, 309, 0, 20, 50, 2102 }, // Y
    { 16, 20, 285, 1, 20, 40, 2152 }, // Z
    { 9, 28, 173, 2, 23, 32, 2192 }, // [
    { 15, 28, 204, -1, 23, 53, 2224 }, // <backslash>
    { 9, 28, 173, 0, 23, 32, 2277 }, // ]
    { 16, 12, 265, 0, 20, 24, 2309 }, // ^
    { 15, 4, 233, 0, -1, 8, 2333 }, // _
    { 8, 6, 133, 0, 23, 6, 2341 }, // `
    { 14, 15, 258, 1, 15, 27, 2347 }, // a
    { 15, 23, 282, 2, 23, 44, 2374 }, // b
    { 13, 15, 233, 1, 15, 25, 2418 }, // c
    { 15, 23, 282, 1, 23, 44, 2443 }, // d
    { 15, 15, 273, 1, 15, 29, 2487 }, // e
    { 11, 23, 197, 2, 23, 32, 2516 }, // f
    { 15, 20, 277, 1, 15, 38, 2548 }, // g
    { 14, 23, 275, 2, 23, 41, 2586 }, // h
    { 6, 23, 135, 1, 23, 18, 2627 }, // i
    { 10, 28, 135, -3, 23, 35, 2645 }, // j
    { 15, 23, 270, 2, 23, 44, 2680 }, // k
    { 7, 23, 147, 2, 23, 21, 2724 }, // l
    { 22, 15, 402, 2, 15, 42, 2745 }, // m
    { 14, 15, 275, 2, 15, 27, 2787 }, // n
    { 16, 15, 283, 1, 15, 30, 2814 }, // o
    { 15, 20, 282, 2, 15, 38, 2844 }, // p
    { 15, 20, 282, 1, 15, 38, 2882 }, // q
    { 10, 15, 197, 2, 15, 19, 2920 }, // r
    { 12, 15, 226, 1, 15, 23, 2939 }, // s
    { 11, 20, 207, 1, 20, 28, 2962 }, // t
    { 15, 15, 275, 1, 15, 29, 2990 }, // u
    { 16, 15, 257, 0, 15, 30, 3019 }, // v
    { 23, 15, 366, 0, 15, 44, 3049 }, // w
    { 16, 15, 259, 0, 15, 30, 3093 }, // x
    { 16, 20, 255, 0, 15, 40, 3123 }, // y
    { 13, 15, 233, 1, 15, 25, 3163 }, // z
    { 10, 28, 173, 1, 23, 35, 3188 }, // {
    { 5, 28, 150, 2, 23, 18, 3223 }, // |
    { 10, 28, 173, 0, 23, 35, 3241 }, // }
    { 16, 6, 265, 0, 12, 12, 3276 }, // ~
    { 0, 0, 112, 0, 0, 0, 3288 }, // U+00A0
    { 6, 20, 133, 1, 15, 15, 3288 }, // U+00A1
    { 13, 22, 265, 1, 19, 36, 3303 }, // U+00A2
    { 15, 20, 265, 0, 20, 38, 3339 }, // U+00A3
    { 16, 16, 265, 0, 18, 32, 3377 }, // U+00A4
    { 18, 20, 265, -1, 20, 45, 3409 }, // U+00A5
    { 5, 28, 141, 2, 23, 18, 3454 }, // U+00A6
    { 14, 25, 240, 0, 20, 44, 3472 }, // U+00A7
    { 12, 4, 250, 2, 21, 6, 3516 }, // U+00A8
    { 21, 20, 372, 1, 20, 53, 3522 }, // U+00A9
    { 11, 11, 186, 0, 20, 16, 3575 }, // U+00AA
    { 17, 15, 279, 0, 16, 32, 3591 }, // U+00AB
    { 15, 11, 265, 1, 12, 21, 3623 }, // U+00AC
    { 10, 4, 159, 0, 11, 5, 3644 }, // U+00AD
    { 21, 20, 372, 1, 20, 53, 3649 }, // U+00AE
    { 11, 3, 175, 0, 21, 5, 3702 }, // U+00AF
    { 10, 9, 169, 0, 23, 12, 3707 }, // U+00B0
    { 15, 19, 265, 1, 19, 36, 3719 }, // U+00B1
    { 10, 11, 169, 0, 20, 14, 3755 }, // U+00B2
    { 10, 12, 169, 0, 20, 15, 3769 }, // U+00B3
    { 8, 6, 133, 0, 23, 6, 3784 }, // U+00B4
    { 14, 20, 277, 2, 15, 35, 3790 }, // U+00B5
    { 18, 27, 331, 1, 21, 61, 3825 }, // U+00B6
    { 7, 5, 115, 0, 11, 5, 3886 }, // U+00B7
    { 7, 8, 152, 1, 1, 7, 3891 }, // U+00B8
    { 7, 11, 169, 1, 20, 10, 3898 }, // U+00B9
    { 13, 12, 213, 0, 20, 20, 3908 }, // U+00BA
    { 17, 15, 279, 0, 16, 32, 3928 }, // U+00BB
    { 25, 22, 410, 0, 21, 69, 3960 }, // U+00BC
    { 25, 21, 410, 0, 21, 66, 4029 }, // U+00BD
    { 25, 22, 410, 0, 21, 69, 4095 }, // U+00BE
    { 13, 20, 212, 0, 15, 33, 4164 }, // U+00BF
    { 21, 28, 337, 0, 28, 74, 4197 }, // U+00C0
    { 21, 28, 337, 0, 28, 74, 4271 }, // U+00C1
    { 21, 28, 337, 0, 28, 74, 4345 }, // U+00C2
    { 21, 27, 337, 0, 27, 71, 4419 }, // U+00C3
    { 21, 26, 337, 0, 26, 69, 4490 }, // U+00C4
    { 21, 26, 337, 0, 26, 69, 4559 }, // U+00C5
    { 28, 20, 464, 0, 20, 70, 4628 }, // U+00C6
    { 18, 26, 302, 1, 20, 59, 4698 }, // U+00C7
    { 15, 28, 283, 2, 28, 53, 4757 }, // U+00C8
    { 15, 28, 283, 2, 28, 53, 4810 }, // U+00C9
    { 15, 28, 283, 2, 28, 53, 4863 }, // U+00CA
    { 15, 26, 283, 2, 26, 49, 4916 }, // U+00CB
    { 7, 28, 147, 1, 28, 25, 4965 }, // U+00CC
    { 8, 28, 147, 1, 28, 28, 4990 }, // U+00CD
    { 10, 28, 147, 0, 28, 35, 5018 }, // U+00CE
    { 12, 26, 147, -1, 26, 39, 5053 }, // U+00CF
    { 21, 20, 349, 0, 20, 53, 5092 }, // U+00D0
    { 18, 27, 353, 2, 27, 61, 5145 }, // U+00D1
    { 21, 28, 369, 1, 28, 74, 5206 }, // U+00D2
    { 21, 28, 369, 1, 28, 74, 5280 }, // U+00D3
    { 21, 28, 369, 1, 28, 74, 5354 }, // U+00D4
    { 21, 27, 369, 1, 27, 71, 5428 }, // U+00D5
    { 21, 26, 369, 1, 26, 69, 5499 }, // U+00D6
    { 14, 13, 265, 1, 15, 23, 5568 }, // U+00D7
    { 21, 22, 369, 1, 21, 58, 5591 }, // U+00D8
    { 17, 28, 330, 2, 28, 60, 5649 }, // U+00D9
    { 17, 28, 330, 2, 28, 60, 5709 }, // U+00DA
    { 17, 28, 330, 2, 28, 60, 5769 }, // U+00DB
    { 17, 26, 330, 2, 26, 56, 5829 }, // U+00DC
    { 20, 28, 309, 0, 28, 70, 5885 }, // U+00DD
    { 16, 20, 301, 2, 20, 40, 5955 }, // U+00DE
    { 17, 23, 308, 2, 23, 49, 5995 }, // U+00DF
    { 14, 23, 258, 1, 23, 41, 6044 }, // U+00E0
    { 14, 23, 258, 1, 23, 41, 6085 }, // U+00E1
    { 14, 23, 258, 1, 23, 41, 6126 }, // U+00E2
    { 14, 22, 258, 1, 22, 39, 6167 }, // U+00E3
    { 14, 21, 258, 1, 21, 37, 6206 }, // U+00E4
    { 14, 24, 258, 1, 24, 42, 6243 }, // U+00E5
    { 24, 15, 408, 1, 15, 45, 6285 }, // U+00E6
    { 13, 21, 233, 1, 15, 35, 6330 }, // U+00E7
    { 15, 23, 273, 1, 23, 44, 6365 }, // U+00E8
    { 15, 23, 273, 1, 23, 44, 6409 }, // U+00E9
    { 15, 23, 273, 1, 23, 44, 6453 }, // U+00EA
    { 15, 21, 273, 1, 21, 40, 6497 }, // U+00EB
    { 8, 23, 135, 0, 23, 23, 6537 }, // U+00EC
    { 7, 23, 135, 1, 23, 21, 6560 }, // U+00ED
    { 10, 23, 135, -1, 23, 29, 6581 }, // U+00EE
    { 12, 21, 135, -2, 21, 32, 6610 }, // U+00EF
    { 16, 23, 281, 1, 23, 46, 6642 }, // U+00F0
    { 14, 22, 275, 2, 22, 39, 6688 }, // U+00F1
    { 16, 23, 283, 1, 23, 46, 6727 }, // U+00F2
    { 16, 23, 283, 1, 23, 46, 6773 }, // U+00F3
    { 16, 23, 283, 1, 23, 46, 6819 }, // U+00F4
    { 16, 22, 283, 1, 22, 44, 6865 }, // U+00F5
    { 16, 21, 283, 1, 21, 42, 6909 }, // U+00F6
    { 15, 18, 265, 1, 18, 34, 6951 }, // U+00F7
    { 16, 17, 283, 1, 16, 34, 6985 }, // U+00F8
    { 15, 23, 275, 1, 23, 44, 7019 }, // U+00F9
    { 15, 23, 275, 1, 23, 44, 7063 }, // U+00FA
    { 15, 23, 275, 1, 23, 44, 7107 }, // U+00FB
    { 15, 21, 275, 1, 21, 40, 7151 }, // U+00FC
    { 16, 28, 255, 0, 23, 56, 7191 }, // U+00FD
    { 15, 28, 282, 2, 23, 53, 7247 }, // U+00FE
    { 16, 26, 255, 0, 21, 52, 7300 }, // U+00FF
    { 21, 25, 337, 0, 25, 66, 7352 }, // U+0100
    { 14, 21, 258, 1, 21, 37, 7418 }, // U+0101
    { 21, 26, 337, 0, 26, 69, 7455 }, // U+0102
    { 14, 22, 258, 1, 22, 39, 7524 }, // U+0103
    { 22, 26, 337, 0, 20, 72, 7563 }, // U+0104
    { 14, 21, 258, 1, 15, 37, 7635 }, // U+0105
    { 18, 28, 302, 1, 28, 63, 7672 }, // U+0106
    { 13, 23, 233, 1, 23, 38, 7735 }, // U+0107
    { 18, 28, 302, 1, 28, 63, 7773 }, // U+0108
    { 13, 23, 233, 1, 23, 38, 7836 }, // U+0109
    { 18, 27, 302, 1, 27, 61, 7874 }, // U+010A
    { 13, 22, 233, 1, 22, 36, 7935 }, // U+010B
    { 18, 28, 302, 1, 28, 63, 7971 }, // U+010C
    { 13, 23, 233, 1, 23, 38, 8034 }, // U+010D
    { 18, 28, 344, 2, 28, 63, 8072 }, // U+010E
    { 21, 23, 320, 1, 23, 61, 8135 }, // U+010F
    { 21, 20, 349, 0, 20, 53, 8196 }, // U+0110
    { 17, 23, 283, 1, 23, 49, 8249 }, // U+0111
    { 15, 25, 283, 2, 25, 47, 8298 }, // U+0112
    { 15, 21, 273, 1, 21, 40, 8345 }, // U+0113
    { 15, 26, 283, 2, 26, 49, 8385 }, // U+0114
    { 15, 22, 273, 1, 22, 42, 8434 }, // U+0115
    { 15, 27, 283, 2, 27, 51, 8476 }, // U+0116
    { 15, 22, 273, 1, 22, 42, 8527 }, // U+0117
    { 16, 26, 283, 2, 20, 52, 8569 }, // U+0118
    { 15, 21, 273, 1, 15, 40, 8621 }, // U+0119
    { 15, 28, 283, 2, 28, 53, 8661 }, // U+011A
    { 15, 23, 273, 1, 23, 44, 8714 }, // U+011B
    { 18, 28, 328, 1, 28, 63, 8758 }, // U+011C
    { 15, 28, 277, 1, 23, 53, 8821 }, // U+011D
    { 18, 26, 328, 1, 26, 59, 8874 }, // U+011E
    { 15, 27, 277, 1, 22, 51, 8933 }, // U+011F
    { 18, 27, 328, 1, 27, 61, 8984 }, // U+0120
    { 15, 27, 277, 1, 22, 51, 9045 }, // U+0121
    { 18, 27, 328, 1, 20, 61, 9096 }, // U+0122
    { 15, 28, 277, 1, 23, 53, 9157 }, // U+0123
    { 17, 28, 343, 2, 28, 60, 9210 }, // U+0124
    { 15, 29, 275, 1, 29, 55, 9270 }, // U+0125
    { 22, 20, 353, 0, 20, 55, 9325 }, // U+0126
    { 16, 23, 280, 0, 23, 46, 9380 }, // U+0127
    { 11, 27, 147, -1, 27, 38, 9426 }, // U+0128
    { 12, 22, 135, -2, 22, 33, 9464 }, // U+0129
    { 11, 25, 147, -1, 25, 35, 9497 }, // U+012A
    { 10, 21, 135, -1, 21, 27, 9532 }, // U+012B
    { 10, 26, 147, 0, 26, 33, 9559 }, // U+012C
    { 10, 22, 135, -1, 22, 28, 9592 }, // U+012D
    { 8, 26, 147, 0, 20, 26, 9620 }, // U+012E
    { 7, 29, 135, 0, 23, 26, 9646 }, // U+012F
    { 5, 27, 147, 2, 27, 17, 9672 }, // U+0130
    { 5, 15, 135, 2, 15, 10, 9689 }, // U+0131
    { 21, 20, 393, 2, 20, 53, 9699 }, // U+0132
    { 15, 28, 269, 1, 23, 53, 9752 }, // U+0133
    { 16, 28, 247, 0, 28, 56, 9805 }, // U+0134
    { 12, 28, 135, -3, 23, 42, 9861 }, // U+0135
    { 18, 27, 319, 2, 20, 61, 9903 }, // U+0136
    { 15, 30, 270, 2, 23, 57, 9964 }, // U+0137
    { 15, 15, 272, 2, 15, 29, 10021 }, // U+0138
    { 14, 28, 263, 2, 28, 49, 10050 }, // U+0139
    { 8, 29, 147, 1, 29, 29, 10099 }, // U+013A
    { 14, 27, 263, 2, 20, 48, 10128 }, // U+013B
    { 8, 30, 147, 1, 23, 30, 10176 }, // U+013C
    { 14, 21, 263, 2, 21, 37, 10206 }, // U+013D
    { 10, 23, 173, 2, 23, 29, 10243 }, // U+013E
    { 14, 20, 263, 2, 20, 35, 10272 }, // U+013F
    { 13, 23, 242, 2, 23, 38, 10307 }, // U+0140
    { 17, 20, 277, 0, 20, 43, 10345 }, // U+0141
    { 12, 23, 170, -1, 23, 35, 10388 }, // U+0142
    { 18, 28, 353, 2, 28, 63, 10423 }, // U+0143
    { 14, 23, 275, 2, 23, 41, 10486 }, // U+0144
    { 18, 27, 353, 2, 20, 61, 10527 }, // U+0145
    { 14, 22, 275, 2, 15, 39, 10588 }, // U+0146
    { 18, 28, 353, 2, 28, 63, 10627 }, // U+0147
    { 14, 23, 275, 2, 23, 41, 10690 }, // U+0148
    { 18, 23, 289, -1, 23, 52, 10731 }, // U+0149
    { 18, 26, 353, 2, 20, 59, 10783 }, // U+014A
    { 14, 20, 275, 2, 15, 35, 10842 }, // U+014B
    { 21, 25, 369, 1, 25, 66, 10877 }, // U+014C
    { 16, 21, 283, 1, 21, 42, 10943 }, // U+014D
    { 21, 26, 369, 1, 26, 69, 10985 }, // U+014E
    { 16, 22, 283, 1, 22, 44, 11054 }, // U+014F
    { 21, 28, 369, 1, 28, 74, 11098 }, // U+0150
    { 16, 23, 283, 1, 23, 46, 11172 }, // U+0151
    { 27, 20, 465, 1, 20, 68, 11218 }, // U+0152
    { 25, 15, 437, 1, 15, 47, 11286 }, // U+0153
    { 17, 28, 311, 2, 28, 60, 11333 }, // U+0154
    { 10, 23, 197, 2, 23, 29, 11393 }, // U+0155
    { 17, 27, 311, 2, 20, 58, 11422 }, // U+0156
    { 12, 22, 197, 0, 15, 33, 11480 }, // U+0157
    { 17, 28, 311, 2, 28, 60, 11513 }, // U+0158
    { 10, 23, 197, 2, 23, 29, 11573 }, // U+0159
    { 15, 28, 272, 1, 28, 53, 11602 }, // U+015A
    { 12, 23, 226, 1, 23, 35, 11655 }, // U+015B
    { 15, 28, 272, 1, 28, 53, 11690 }, // U+015C
    { 12, 23, 226, 1, 23, 35, 11743 }, // U+015D
    { 15, 26, 272, 1, 20, 49, 11778 }, // U+015E
    { 12, 21, 226, 1, 15, 32, 11827 }, // U+015F
    { 15, 28, 272, 1, 28, 53, 11859 }, // U+0160
    { 12, 23, 226, 1, 23, 35, 11912 }, // U+0161
    { 18, 27, 287, 0, 20, 61, 11947 }, // U+0162
    { 11, 27, 207, 1, 20, 38, 12008 }, // U+0163
    { 18, 28, 287, 0, 28, 63, 12046 }, // U+0164
    { 11, 23, 207, 1, 23, 32, 12109 }, // U+0165
    { 18, 20, 287, 0, 20, 45, 12141 }, // U+0166
    { 11, 20, 207, 1, 20, 28, 12186 }, // U+0167
    { 17, 27, 330, 2, 27, 58, 12214 }, // U+0168
    { 15, 22, 275, 1, 22, 42, 12272 }, // U+0169
    { 17, 25, 330, 2, 25, 54, 12314 }, // U+016A
    { 15, 21, 275, 1, 21, 40, 12368 }, // U+016B
    { 17, 26, 330, 2, 26, 56, 12408 }, // U+016C
    { 15, 22, 275, 1, 22, 42, 12464 }, // U+016D
    { 17, 28, 330, 2, 28, 60, 12506 }, // U+016E
    { 15, 24, 275, 1, 24, 45, 12566 }, // U+016F
    { 17, 28, 330, 2, 28, 60, 12611 }, // U+0170
    { 15, 23, 275, 1, 23, 44, 12671 }, // U+0171
    { 17, 26, 330, 2, 20, 56, 12715 }, // U+0172
    { 15, 21, 275, 1, 15, 40, 12771 }, // U+0173
    { 27, 28, 442, 0, 28, 95, 12811 }, // U+0174
    { 23, 23, 366, 0, 23, 67, 12906 }, // U+0175
    { 20, 28, 309, 0, 28, 70, 12973 }, // U+0176
    { 16, 28, 255, 0, 23, 56, 13043 }, // U+0177
    { 20, 26, 309, 0, 26, 65, 13099 }, // U+0178
    { 16, 28, 285, 1, 28, 56, 13164 }, // U+0179
    { 13, 23, 233, 1, 23, 38, 13220 }, // U+017A
    { 16, 27, 285, 1, 27, 54, 13258 }, // U+017B
    { 13, 22, 233, 1, 22, 36, 13312 }, // U+017C
    { 16, 28, 285, 1, 28, 56, 13348 }, // U+017D
    { 13, 23, 233, 1, 23, 38, 13404 }, // U+017E
    { 11, 23, 154, 2, 23, 32, 13442 }, // U+017F
    { 21, 23, 369, 1, 23, 61, 13474 }, // U+01A0
    { 17, 18, 283, 1, 18, 39, 13535 }, // U+01A1
    { 20, 23, 349, 2, 23, 58, 13574 }, // U+01AF
    { 18, 18, 292, 1, 18, 41, 13632 }, // U+01B0
    { 35, 28, 607, 2, 28, 123, 13673 }, // U+01C4
    { 33, 23, 567, 2, 23, 95, 13796 }, // U+01C5
    { 30, 23, 511, 1, 23, 87, 13891 }, // U+01C6
    { 28, 20, 509, 2, 20, 70, 13978 }, // U+01C7
    { 21, 28, 396, 2, 23, 74, 14048 }, // U+01C8
    { 14, 28, 281, 2, 23, 49, 14122 }, // U+01C9
    { 34, 20, 598, 2, 20, 85, 14171 }, // U+01CA
    { 27, 28, 487, 2, 23, 95, 14256 }, // U+01CB
    { 22, 28, 410, 2, 23, 77, 14351 }, // U+01CC
    { 21, 28, 337, 0, 28, 74, 14428 }, // U+01CD
    { 14, 23, 258, 1, 23, 41, 14502 }, // U+01CE
    { 10, 28, 147, 0, 28, 35, 14543 }, // U+01CF
    { 10, 23, 135, -1, 23, 29, 14578 }, // U+01D0
    { 21, 28, 369, 1, 28, 74, 14607 }, // U+01D1
    { 16, 23, 283, 1, 23, 46, 14681 }, // U+01D2
    { 17, 28, 330, 2, 28, 60, 14727 }, // U+01D3
    { 15, 23, 275, 1, 23, 44, 14787 }, // U+01D4
    { 17, 28, 330, 2, 28, 60, 14831 }, // U+01D5
    { 15, 24, 275, 1, 24, 45, 14891 }, // U+01D6
    { 17, 29, 330, 2, 29, 62, 14936 }, // U+01D7
    { 15, 26, 275, 1, 26, 49, 14998 }, // U+01D8
    { 17, 29, 330, 2, 29, 62, 15047 }, // U+01D9
    { 15, 26, 275, 1, 26, 49, 15109 }, // U+01DA
    { 17, 29, 330, 2, 29, 62, 15158 }, // U+01DB
    { 15, 26, 275, 1, 26, 49, 15220 }, // U+01DC
    { 15, 15, 273, 1, 15, 29, 15269 }, // U+01DD
    { 21, 28, 337, 0, 28, 74, 15298 }, // U+01DE
    { 14, 24, 258, 1, 24, 42, 15372 }, // U+01DF
    { 21, 28, 337, 0, 28, 74, 15414 }, // U+01E0
    { 14, 24, 258, 1, 24, 42, 15488 }, // U+01E1
    { 28, 25, 464, 0, 25, 88, 15530 }, // U+01E2
    { 24, 21, 408, 1, 21, 63, 15618 }, // U+01E3
    { 20, 20, 340, 1, 20, 50, 15681 }, // U+01E4
    { 17, 20, 281, 1, 15, 43, 15731 }, // U+01E5
    { 18, 28, 328, 1, 28, 63, 15774 }, // U+01E6
    { 15, 28, 277, 1, 23, 53, 15837 }, // U+01E7
    { 18, 28, 319, 2, 28, 63, 15890 }, // U+01E8
    { 15, 29, 270, 2, 29, 55, 15953 }, // U+01E9
    { 21, 26, 369, 1, 20, 69, 16008 }, // U+01EA
    { 16, 21, 283, 1, 15, 42, 16077 }, // U+01EB
    { 21, 31, 369, 1, 25, 82, 16119 }, // U+01EC
    { 16, 27, 283, 1, 21, 54, 16201 }, // U+01ED
    { 17, 28, 287, 0, 28, 60, 16255 }, // U+01EE
    { 14, 29, 240, 0, 24, 51, 16315 }, // U+01EF
    { 12, 28, 135, -3, 23, 42, 16366 }, // U+01F0
    { 35, 20, 607, 2, 20, 88, 16408 }, // U+01F1
    { 33, 20, 567, 2, 20, 83, 16496 }, // U+01F2
    { 30, 23, 511, 1, 23, 87, 16579 }, // U+01F3
    { 18, 28, 328, 1, 28, 63, 16666 }, // U+01F4
    { 15, 28, 277, 1, 23, 53, 16729 }, // U+01F5
    { 28, 20, 495, 2, 20, 70, 16782 }, // U+01F6
    { 17, 25, 313, 2, 20, 54, 16852 }, // U+01F7
    { 18, 28, 353, 2, 28, 63, 16906 }, // U+01F8
    { 14, 23, 275, 2, 23, 41, 16969 }, // U+01F9
    { 21, 29, 337, 0, 29, 77, 17010 }, // U+01FA
    { 14, 28, 258, 1, 28, 49, 17087 }, // U+01FB
    { 28, 28, 464, 0, 28, 98, 17136 }, // U+01FC
    { 24, 23, 408, 1, 23, 69, 17234 }, // U+01FD
    { 21, 29, 369, 1, 28, 77, 17303 }, // U+01FE
    { 16, 24, 283, 1, 23, 48, 17380 }, // U+01FF
    { 21, 28, 337, 0, 28, 74, 17428 }, // U+0200
    { 14, 23, 258, 1, 23, 41, 17502 }, // U+0201
    { 21, 27, 337, 0, 27, 71, 17543 }, // U+0202
    { 14, 22, 258, 1, 22, 39, 17614 }, // U+0203
    { 15, 28, 283, 2, 28, 53, 17653 }, // U+0204
    { 15, 23, 273, 1, 23, 44, 17706 }, // U+0205
    { 15, 27, 283, 2, 27, 51, 17750 }, // U+0206
    { 15, 22, 273, 1, 22, 42, 17801 }, // U+0207
    { 13, 28, 147, -3, 28, 46, 17843 }, // U+0208
    { 13, 23, 135, -3, 23, 38, 17889 }, // U+0209
    { 11, 27, 147, -1, 27, 38, 17927 }, // U+020A
    { 10, 22, 135, -1, 22, 28, 17965 }, // U+020B
    { 21, 28, 369, 1, 28, 74, 17993 }, // U+020C
    { 16, 23, 283, 1, 23, 46, 18067 }, // U+020D
    { 21, 27, 369, 1, 27, 71, 18113 }, // U+020E
    { 16, 22, 283, 1, 22, 44, 18184 }, // U+020F
    { 17, 28, 311, 2, 28, 60, 18228 }, // U+0210
    { 12, 23, 197, 0, 23, 35, 18288 }, // U+0211
    { 17, 27, 311, 2, 27, 58, 18323 }, // U+0212
    { 10, 22, 197, 2, 22, 28, 18381 }, // U+0213
    { 17, 28, 330, 2, 28, 60, 18409 }, // U+0214
    { 15, 23, 275, 1, 23, 44, 18469 }, // U+0215
    { 17, 27, 330, 2, 27, 58, 18513 }, // U+0216
    { 15, 22, 275, 1, 22, 42, 18571 }, // U+0217
    { 15, 27, 272, 1, 20, 51, 18613 }, // U+0218
    { 12, 22, 226, 1, 15, 33, 18664 }, // U+0219
    { 18, 27, 287, 0, 20, 61, 18697 }, // U+021A
    { 11, 27, 207, 1, 20, 38, 18758 }, // U+021B
    { 15, 25, 265, 0, 20, 47, 18796 }, // U+021C
    { 13, 20, 223, 0, 15, 33, 18843 }, // U+021D
    { 17, 28, 343, 2, 28, 60, 18876 }, // U+021E
    { 14, 29, 275, 2, 29, 51, 18936 }, // U+021F
    { 10, 5, 0, -16, 22, 7, 18987 }, // U+0300
    { 10, 5, 0, -11, 22, 7, 18994 }, // U+0301
    { 12, 5, 0, -6, 22, 8, 19001 }, // U+0302
    { 13, 4, 0, -17, 21, 7, 19009 }, // U+0303
    { 10, 4, 0, -5, 21, 5, 19016 }, // U+0304
    { 12, 5, 0, -6, 22, 8, 19021 }, // U+0306
    { 6, 4, 0, -3, 22, 3, 19029 }, // U+0307
    { 12, 4, 0, -6, 22, 6, 19032 }, // U+0308
    { 8, 7, 0, -4, 24, 7, 19038 }, // U+030A
    { 14, 5, 0, -5, 22, 9, 19045 }, // U+030B
    { 12, 5, 0, -6, 22, 8, 19054 }, // U+030C
    { 11, 5, 182, 0, 22, 7, 19062 }, // U+0311
    { 6, 8, 0, -3, 21, 6, 19069 }, // U+0312
    { 6, 5, 0, -3, -1, 4, 19075 }, // U+0326
    { 8, 7, 0, -4, 0, 7, 19079 }, // U+0327
    { 6, 8, 0, -3, 1, 6, 19086 }, // U+0328
    { 0, 0, 0, 0, 0, 0, 19092 }, // U+034F
    { 15, 28, 283, 2, 28, 53, 19092 }, // U+0400
    { 15, 26, 283, 2, 26, 49, 19145 }, // U+0401
    { 23, 20, 380, 0, 20, 58, 19194 }, // U+0402
    { 15, 28, 277, 2, 28, 53, 19252 }, // U+0403
    { 18, 20, 320, 1, 20, 45, 19305 }, // U+0404
    { 15, 20, 272, 1, 20, 38, 19350 }, // U+0405
    { 5, 20, 147, 2, 20, 13, 19388 }, // U+0406
    { 12, 26, 147, -1, 26, 39, 19401 }, // U+0407
    { 14, 20, 247, 0, 20, 35, 19440 }, // U+0408
    { 32, 20, 527, 0, 20, 80, 19475 }, // U+0409
    { 28, 20, 502, 2, 20, 70, 19555 }, // U+040A
    { 22, 20, 360, 0, 20, 55, 19625 }, // U+040B
    { 18, 28, 319, 2, 28, 63, 19680 }, // U+040C
    { 18, 28, 353, 2, 28, 63, 19743 }, // U+040D
    { 19, 26, 304, 0, 26, 62, 19806 }, // U+040E
    { 17, 25, 341, 2, 20, 54, 19868 }, // U+040F
    { 21, 20, 337, 0, 20, 53, 19922 }, // U+0410
    { 16, 20, 303, 2, 20, 40, 19975 }, // U+0411
    { 17, 20, 314, 2, 20, 43, 20015 }, // U+0412
    { 15, 20, 277, 2, 20, 38, 20058 }, // U+0413
    { 24, 25, 384, 0, 20, 75, 20096 }, // U+0414
    { 15, 20, 283, 2, 20, 38, 20171 }, // U+0415
    { 29, 20, 459, 0, 20, 73, 20209 }, // U+0416
    { 17, 20, 285, 0, 20, 43, 20282 }, // U+0417
    { 18, 20, 353, 2, 20, 45, 20325 }, // U+0418
    { 18, 27, 353, 2, 27, 61, 20370 }, // U+0419
    { 18, 20, 319, 2, 20, 45, 20431 }, // U+041A
    { 21, 20, 368, 0, 20, 53, 20476 }, // U+041B
    { 24, 20, 419, 1, 20, 60, 20529 }, // U+041C
    { 17, 20, 343, 2, 20, 43, 20589 }, // U+041D
    { 21, 20, 369, 1, 20, 53, 20632 }, // U+041E
    { 17, 20, 341, 2, 20, 43, 20685 }, // U+041F
    { 16, 20, 301, 2, 20, 40, 20728 }, // U+0420
    { 18, 20, 302, 1, 20, 45, 20768 }, // U+0421
    { 18, 20, 287, 0, 20, 45, 20813 }, // U+0422
    { 19, 20, 304, 0, 20, 48, 20858 }, // U+0423
    { 23, 21, 406, 1, 21, 61, 20906 }, // U+0424
    { 20, 20, 315, 0, 20, 50, 20967 }, // U+0425
    { 21, 25, 369, 2, 20, 66, 21017 }, // U+0426
    { 17, 20, 317, 1, 20, 43, 21083 }, // U+0427
    { 26, 20, 476, 2, 20, 65, 21126 }, // U+0428
    { 29, 25, 504, 2, 20, 91, 21191 }, // U+0429
    { 22, 20, 361, 0, 20, 55, 21282 }, // U+042A
    { 23, 20, 433, 2, 20, 58, 21337 }, // U+042B
    { 16, 20, 308, 2, 20, 40, 21395 }, // U+042C
    { 18, 20, 318, 1, 20, 45, 21435 }, // U+042D
    { 28, 20, 505, 2, 20, 70, 21480 }, // U+042E
    { 17, 20, 322, 1, 20, 43, 21550 }, // U+042F
    { 14, 15, 258, 1, 15, 27, 21593 }, // U+0430
    { 16, 23, 281, 1, 23, 46, 21620 }, // U+0431
    { 15, 15, 279, 2, 15, 29, 21666 }, // U+0432
    { 11, 15, 211, 2, 15, 21, 21695 }, // U+0433
    { 20, 19, 316, 0, 15, 48, 21716 }, // U+0434
    { 15, 15, 273, 1, 15, 29, 21764 }, // U+0435
    { 25, 15, 396, 0, 15, 47, 21793 }, // U+0436
    { 14, 15, 231, 0, 15, 27, 21840 }, // U+0437
    { 14, 15, 289, 2, 15, 27, 21867 }, // U+0438
    { 14, 22, 289, 2, 22, 39, 21894 }, // U+0439
    { 15, 15, 274, 2, 15, 29, 21933 }, // U+043A
    { 17, 15, 293, 0, 15, 32, 21962 }, // U+043B
    { 20, 15, 355, 1, 15, 38, 21994 }, // U+043C
    { 14, 15, 277, 2, 15, 27, 22032 }, // U+043D
    { 16, 15, 283, 1, 15, 30, 22059 }, // U+043E
    { 14, 15, 277, 2, 15, 27, 22089 }, // U+043F
    { 15, 20, 282, 2, 15, 38, 22116 }, // U+0440
    { 13, 15, 233, 1, 15, 25, 22154 }, // U+0441
    { 15, 15, 245, 0, 15, 29, 22179 }, // U+0442
    { 16, 20, 255, 0, 15, 40, 22208 }, // U+0443
    { 21, 28, 371, 1, 23, 74, 22248 }, // U+0444
    { 16, 15, 259, 0, 15, 30, 22322 }, // U+0445
    { 16, 19, 295, 2, 15, 38, 22352 }, // U+0446
    { 14, 15, 265, 1, 15, 27, 22390 }, // U+0447
    { 21, 15, 401, 2, 15, 40, 22417 }, // U+0448
    { 24, 19, 420, 2, 15, 57, 22457 }, // U+0449
    { 18, 15, 298, 0, 15, 34, 22514 }, // U+044A
    { 20, 15, 385, 2, 15, 38, 22548 }, // U+044B
    { 14, 15, 263, 2, 15, 27, 22586 }, // U+044C
    { 15, 15, 243, 0, 15, 29, 22613 }, // U+044D
    { 22, 15, 407, 2, 15, 42, 22642 }, // U+044E
    { 15, 15, 273, 0, 15, 29, 22684 }, // U+044F
    { 15, 23, 273, 1, 23, 44, 22713 }, // U+0450
    { 15, 21, 273, 1, 21, 40, 22757 }, // U+0451
    { 16, 28, 280, 0, 23, 56, 22797 }, // U+0452
    { 11, 23, 211, 2, 23, 32, 22853 }, // U+0453
    { 14, 15, 243, 1, 15, 27, 22885 }, // U+0454
    { 12, 15, 226, 1, 15, 23, 22912 }, // U+0455
    { 6, 23, 135, 1, 23, 18, 22935 }, // U+0456
    { 12, 21, 135, -2, 21, 32, 22953 }, // U+0457
    { 10, 28, 135, -3, 23, 35, 22985 }, // U+0458
    { 26, 15, 421, 0, 15, 49, 23020 }, // U+0459
    { 23, 15, 405, 2, 15, 44, 23069 }, // U+045A
    { 16, 23, 280, 0, 23, 46, 23113 }, // U+045B
    { 15, 23, 274, 2, 23, 44, 23159 }, // U+045C
    { 14, 23, 289, 2, 23, 41, 23203 }, // U+045D
    { 16, 27, 255, 0, 22, 54, 23244 }, // U+045E
    { 14, 19, 277, 2, 15, 34, 23298 }, // U+045F
    { 21, 23, 349, 0, 23, 61, 23332 }, // U+0462
    { 18, 23, 297, 0, 23, 52, 23393 }, // U+0463
    { 21, 20, 369, 1, 20, 53, 23445 }, // U+0472
    { 16, 15, 283, 1, 15, 30, 23498 }, // U+0473
    { 24, 20, 369, 0, 20, 60, 23528 }, // U+0474
    { 18, 15, 279, 0, 15, 34, 23588 }, // U+0475
    { 21, 32, 386, 2, 27, 84, 23622 }, // U+048A
    { 17, 27, 294, 1, 22, 58, 23706 }, // U+048B
    { 18, 20, 308, 0, 20, 45, 23764 }, // U+048C
    { 16, 16, 264, 0, 16, 32, 23809 }, // U+048D
    { 16, 20, 305, 2, 20, 40, 23841 }, // U+048E
    { 15, 20, 287, 2, 15, 38, 23881 }, // U+048F
    { 15, 24, 267, 2, 24, 45, 23919 }, // U+0490
    { 11, 19, 216, 2, 19, 27, 23964 }, // U+0491
    { 17, 20, 296, 1, 20, 43, 23991 }, // U+0492
    { 14, 15, 245, 1, 15, 27, 24034 }, // U+0493
    { 17, 25, 316, 2, 20, 54, 24061 }, // U+0494
    { 14, 20, 266, 2, 15, 35, 24115 }, // U+0495
    { 30, 25, 477, 0, 20, 94, 24150 }, // U+0496
    { 25, 19, 407, 0, 15, 60, 24244 }, // U+0497
    { 17, 27, 285, 0, 20, 58, 24304 }, // U+0498
    { 14, 22, 231, 0, 15, 39, 24362 }, // U+0499
    { 19, 25, 344, 2, 20, 60, 24401 }, // U+049A
    { 15, 19, 283, 2, 15, 36, 24461 }, // U+049B
    { 21, 20, 366, 2, 20, 53, 24497 }, // U+049C
    { 18, 15, 318, 2, 15, 34, 24550 }, // U+049D
    { 21, 21, 330, 0, 21, 56, 24584 }, // U+049E
    { 18, 16, 283, 0, 16, 36, 24640 }, // U+049F
    { 23, 20, 372, 0, 20, 58, 24676 }, // U+04A0
    { 19, 15, 307, 0, 15, 36, 24734 }, // U+04A1
    { 21, 25, 377, 2, 20, 66, 24770 }, // U+04A2
    { 16, 19, 296, 2, 15, 38, 24836 }, // U+04A3
    { 22, 20, 391, 2, 20, 55, 24874 }, // U+04A4
    { 17, 15, 305, 2, 15, 32, 24929 }, // U+04A5
    { 29, 25, 518, 2, 20, 91, 24961 }, // U+04A6
    { 23, 20, 407, 2, 15, 58, 25052 }, // U+04A7
    { 22, 25, 373, 1, 20, 69, 25110 }, // U+04A8
    { 17, 19, 295, 1, 15, 41, 25179 }, // U+04A9
    { 18, 26, 302, 1, 20, 59, 25220 }, // U+04AA
    { 13, 21, 233, 1, 15, 35, 25279 }, // U+04AB
    { 18, 25, 287, 0, 20, 57, 25314 }, // U+04AC
    { 15, 19, 236, 0, 15, 36, 25371 }, // U+04AD
    { 20, 20, 309, 0, 20, 50, 25407 }, // U+04AE
    { 16, 20, 256, 0, 15, 40, 25457 }, // U+04AF
    { 20, 20, 309, 0, 20, 50, 25497 }, // U+04B0
    { 16, 20, 256, 0, 15, 40, 25547 }, // U+04B1
    { 21, 26, 334, 0, 20, 69, 25587 }, // U+04B2
    { 17, 19, 274, 0, 15, 41, 25656 }, // U+04B3
    { 27, 25, 438, 0, 20, 85, 25697 }, // U+04B4
    { 20, 19, 325, 0, 15, 48, 25782 }, // U+04B5
    { 20, 25, 338, 1, 20, 63, 25830 }, // U+04B6
    { 17, 19, 275, 0, 15, 41, 25893 }, // U+04B7
    { 17, 20, 317, 1, 20, 43, 25934 }, // U+04B8
    { 15, 15, 262, 0, 15, 29, 25977 }, // U+04B9
    { 17, 20, 327, 2, 20, 43, 26006 }, // U+04BA
    { 14, 23, 275, 2, 23, 41, 26049 }, // U+04BB
    { 25, 20, 411, 0, 20, 63, 26090 }, // U+04BC
    { 20, 15, 330, 0, 15, 38, 26153 }, // U+04BD
    { 25, 25, 411, 0, 20, 79, 26191 }, // U+04BE
    { 20, 19, 330, 0, 15, 48, 26270 }, // U+04BF
    { 5, 20, 147, 2, 20, 13, 26318 }, // U+04C0
    { 29, 26, 459, 0, 26, 95, 26331 }, // U+04C1
    { 25, 22, 396, 0, 22, 69, 26426 }, // U+04C2
    { 17, 25, 328, 2, 20, 54, 26495 }, // U+04C3
    { 14, 20, 268, 2, 15, 35, 26549 }, // U+04C4
    { 24, 25, 387, 0, 20, 75, 26584 }, // U+04C5
    { 19, 20, 315, 0, 15, 48, 26659 }, // U+04C6
    { 17, 25, 343, 2, 20, 54, 26707 }, // U+04C7
    { 14, 20, 280, 2, 15, 35, 26761 }, // U+04C8
    { 21, 25, 367, 2, 20, 66, 26796 }, // U+04C9
    { 16, 20, 293, 2, 15, 40, 26862 }, // U+04CA
    { 17, 25, 317, 1, 20, 54, 26902 }, // U+04CB
    { 14, 19, 265, 1, 15, 34, 26956 }, // U+04CC
    { 27, 25, 444, 1, 20, 85, 26990 }, // U+04CD
    { 22, 20, 371, 1, 15, 55, 27075 }, // U+04CE
    { 5, 20, 135, 2, 20, 13, 27130 }, // U+04CF
    { 21, 26, 337, 0, 26, 69, 27143 }, // U+04D0
    { 14, 22, 258, 1, 22, 39, 27212 }, // U+04D1
    { 21, 26, 337, 0, 26, 69, 27251 }, // U+04D2
    { 14, 21, 258, 1, 21, 37, 27320 }, // U+04D3
    { 28, 20, 464, 0, 20, 70, 27357 }, // U+04D4
    { 24, 15, 408, 1, 15, 45, 27427 }, // U+04D5
    { 15, 26, 283, 2, 26, 49, 27472 }, // U+04D6
    { 15, 22, 273, 1, 22, 42, 27521 }, // U+04D7
    { 19, 20, 341, 1, 20, 48, 27563 }, // U+04D8
    { 15, 15, 273, 1, 15, 29, 27611 }, // U+04D9
    { 19, 26, 341, 1, 26, 62, 27640 }, // U+04DA
    { 15, 21, 273, 1, 21, 40, 27702 }, // U+04DB
    { 29, 26, 459, 0, 26, 95, 27742 }, // U+04DC
    { 25, 21, 396, 0, 21, 66, 27837 }, // U+04DD
    { 17, 26, 285, 0, 26, 56, 27903 }, // U+04DE
    { 14, 21, 231, 0, 21, 37, 27959 }, // U+04DF
    { 17, 20, 287, 0, 20, 43, 27996 }, // U+04E0
    { 14, 20, 240, 0, 15, 35, 28039 }, // U+04E1
    { 18, 25, 353, 2, 25, 57, 28074 }, // U+04E2
    { 14, 21, 289, 2, 21, 37, 28131 }, // U+04E3
    { 18, 26, 353, 2, 26, 59, 28168 }, // U+04E4
    { 14, 21, 289, 2, 21, 37, 28227 }, // U+04E5
    { 21, 26, 369, 1, 26, 69, 28264 }, // U+04E6
    { 16, 21, 283, 1, 21, 42, 28333 }, // U+04E7
    { 21, 20, 369, 1, 20, 53, 28375 }, // U+04E8
    { 16, 15, 283, 1, 15, 30, 28428 }, // U+04E9
    { 21, 26, 369, 1, 26, 69, 28458 }, // U+04EA
    { 16, 21, 283, 1, 21, 42, 28527 }, // U+04EB
    { 18, 26, 318, 1, 26, 59, 28569 }, // U+04EC
    { 15, 21, 243, 0, 21, 40, 28628 }, // U+04ED
    { 19, 25, 304, 0, 25, 60, 28668 }, // U+04EE
    { 16, 26, 255, 0, 21, 52, 28728 }, // U+04EF
    { 19, 26, 304, 0, 26, 62, 28780 }, // U+04F0
    { 16, 26, 255, 0, 21, 52, 28842 }, // U+04F1
    { 19, 28, 304, 0, 28, 67, 28894 }, // U+04F2
    { 16, 28, 255, 0, 23, 56, 28961 }, // U+04F3
    { 17, 26, 317, 1, 26, 56, 29017 }, // U+04F4
    { 14, 21, 265, 1, 21, 37, 29073 }, // U+04F5
    { 15, 25, 277, 2, 20, 47, 29110 }, // U+04F6
    { 11, 19, 211, 2, 15, 27, 29157 }, // U+04F7
    { 23, 26, 433, 2, 26, 75, 29184 }, // U+04F8
    { 20, 21, 385, 2, 21, 53, 29259 }, // U+04F9
    { 19, 18, 316, 0, 18, 43, 29312 }, // U+05D0
    { 17, 18, 277, 0, 18, 39, 29355 }, // U+05D1
    { 12, 19, 192, 0, 18, 29, 29394 }, // U+05D2
    { 16, 18, 267, 1, 18, 36, 29423 }, // U+05D3
    { 17, 18, 307, 1, 18, 39, 29459 }, // U+05D4
    { 7, 18, 158, 1, 18, 16, 29498 }, // U+05D5
    { 10, 18, 173, 1, 18, 23, 29514 }, // U+05D6
    { 19, 18, 321, 0, 18, 43, 29537 }, // U+05D7
    { 18, 18, 308, 1, 18, 41, 29580 }, // U+05D8
    { 7, 11, 155, 1, 18, 10, 29621 }, // U+05D9
    { 15, 23, 266, 1, 18, 44, 29631 }, // U+05DA
    { 15, 18, 246, 0, 18, 34, 29675 }, // U+05DB
    { 16, 23, 260, 0, 23, 46, 29709 }, // U+05DC
    { 18, 18, 328, 1, 18, 41, 29755 }, // U+05DD
    { 20, 18, 328, 0, 18, 45, 29796 }, // U+05DE
    { 7, 23, 166, 1, 18, 21, 29841 }, // U+05DF
    { 9, 18, 189, 1, 18, 21, 29862 }, // U+05E0
    { 18, 18, 317, 1, 18, 41, 29883 }, // U+05E1
    { 18, 20, 294, 0, 19, 45, 29924 }, // U+05E2
    { 17, 23, 305, 1, 18, 49, 29969 }, // U+05E3
    { 17, 18, 293, 1, 18, 39, 30018 }, // U+05E4
    { 17, 23, 274, 0, 18, 49, 30057 }, // U+05E5
    { 17, 18, 276, 0, 18, 39, 30106 }, // U+05E6
    { 18, 23, 305, 1, 18, 52, 30145 }, // U+05E7
    { 13, 18, 253, 1, 18, 30, 30197 }, // U+05E8
    { 21, 18, 367, 1, 18, 48, 30227 }, // U+05E9
    { 19, 18, 337, 1, 18, 43, 30275 }, // U+05EA
    { 6, 9, 151, 1, 8, 7, 30318 }, // U+060C
    { 8, 21, 159, 0, 20, 21, 30325 }, // U+061B
    { 15, 23, 239, 0, 22, 44, 30346 }, // U+061F
    { 13, 15, 219, 0, 13, 25, 30390 }, // U+0621
    { 11, 5, 135, 0, 4, 7, 30415 }, // U+0640
    { 8, 9, 0, 0, 25, 9, 30422 }, // U+0654
    { 7, 8, 267, 5, 13, 7, 30431 }, // U+0660
    { 7, 21, 267, 5, 20, 19, 30438 }, // U+0661
    { 15, 21, 267, 1, 20, 40, 30457 }, // U+0662
    { 17, 21, 267, 0, 20, 45, 30497 }, // U+0663
    { 13, 22, 267, 2, 21, 36, 30542 }, // U+0664
    { 14, 16, 267, 1, 16, 28, 30578 }, // U+0665
    { 15, 22, 267, 1, 21, 42, 30606 }, // U+0666
    { 17, 22, 267, 0, 21, 47, 30648 }, // U+0667
    { 17, 21, 267, 0, 20, 45, 30695 }, // U+0668
    { 15, 20, 267, 1, 20, 38, 30740 }, // U+0669
    { 21, 18, 346, 0, 11, 48, 30778 }, // U+06BA
    { 8, 3, 152, 1, 3, 3, 30826 }, // U+06D4
    { 13, 17, 220, 0, 16, 28, 30829 }, // U+06D5
    { 7, 8, 267, 5, 13, 7, 30857 }, // U+06F0
    { 7, 21, 267, 5, 20, 19, 30864 }, // U+06F1
    { 15, 21, 267, 1, 20, 40, 30883 }, // U+06F2
    { 17, 21, 267, 0, 20, 45, 30923 }, // U+06F3
    { 15, 21, 267, 1, 20, 40, 30968 }, // U+06F4
    { 16, 20, 267, 0, 20, 40, 31008 }, // U+06F5
    { 14, 21, 267, 1, 20, 37, 31048 }, // U+06F6
    { 17, 22, 267, 0, 21, 47, 31085 }, // U+06F7
    { 17, 21, 267, 0, 20, 45, 31132 }, // U+06F8
    { 15, 20, 267, 1, 20, 38, 31177 }, // U+06F9
    { 21, 28, 337, 0, 21, 74, 31215 }, // U+1EA0
    { 14, 23, 258, 1, 16, 41, 31289 }, // U+1EA1
    { 21, 28, 337, 0, 28, 74, 31330 }, // U+1EA2
    { 14, 24, 258, 1, 23, 42, 31404 }, // U+1EA3
    { 21, 32, 337, 0, 32, 84, 31446 }, // U+1EA4
    { 17, 28, 258, 1, 27, 60, 31530 }, // U+1EA5
    { 21, 32, 337, 0, 32, 84, 31590 }, // U+1EA6
    { 14, 28, 258, 1, 27, 49, 31674 }, // U+1EA7
    { 21, 33, 337, 0, 33, 87, 31723 }, // U+1EA8
    { 16, 29, 258, 1, 28, 58, 31810 }, // U+1EA9
    { 21, 33, 337, 0, 33, 87, 31868 }, // U+1EAA
    { 14, 29, 258, 1, 28, 51, 31955 }, // U+1EAB
    { 21, 35, 337, 0, 28, 92, 32006 }, // U+1EAC
    { 14, 30, 258, 1, 23, 53, 32098 }, // U+1EAD
    { 21, 33, 337, 0, 33, 87, 32151 }, // U+1EAE
    { 14, 30, 258, 1, 29, 53, 32238 }, // U+1EAF
    { 21, 33, 337, 0, 33, 87, 32291 }, // U+1EB0
    { 14, 30, 258, 1, 29, 53, 32378 }, // U+1EB1
    { 21, 35, 337, 0, 35, 92, 32431 }, // U+1EB2
    { 14, 31, 258, 1, 30, 55, 32523 }, // U+1EB3
    { 21, 33, 337, 0, 33, 87, 32578 }, // U+1EB4
    { 14, 29, 258, 1, 28, 51, 32665 }, // U+1EB5
    { 21, 34, 337, 0, 27, 90, 32716 }, // U+1EB6
    { 14, 30, 258, 1, 23, 53, 32806 }, // U+1EB7
    { 15, 28, 283, 2, 21, 53, 32859 }, // U+1EB8
    { 15, 23, 273, 1, 16, 44, 32912 }, // U+1EB9
    { 15, 28, 283, 2, 28, 53, 32956 }, // U+1EBA
    { 15, 24, 273, 1, 23, 45, 33009 }, // U+1EBB
    { 15, 27, 283, 2, 27, 51, 33054 }, // U+1EBC
    { 15, 24, 273, 1, 23, 45, 33105 }, // U+1EBD
    { 17, 32, 283, 2, 32, 68, 33150 }, // U+1EBE
    { 17, 28, 273, 1, 27, 60, 33218 }, // U+1EBF
    { 15, 32, 283, 2, 32, 60, 33278 }, // U+1EC0
    { 15, 28, 273, 1, 27, 53, 33338 }, // U+1EC1
    { 16, 33, 283, 2, 33, 66, 33391 }, // U+1EC2
    { 17, 28, 273, 1, 27, 60, 33457 }, // U+1EC3
    { 15, 33, 283, 2, 33, 62, 33517 }, // U+1EC4
    { 15, 29, 273, 1, 28, 55, 33579 }, // U+1EC5
    { 15, 35, 283, 2, 28, 66, 33634 }, // U+1EC6
    { 15, 30, 273, 1, 23, 57, 33700 }, // U+1EC7
    { 7, 28, 147, 1, 28, 25, 33757 }, // U+1EC8
    { 8, 23, 135, 0, 23, 23, 33782 }, // U+1EC9
    { 5, 28, 147, 2, 21, 18, 33805 }, // U+1ECA
    { 6, 30, 135, 1, 23, 23, 33823 }, // U+1ECB
    { 21, 28, 369, 1, 21, 74, 33846 }, // U+1ECC
    { 16, 23, 283, 1, 16, 46, 33920 }, // U+1ECD
    { 21, 29, 369, 1, 28, 77, 33966 }, // U+1ECE
    { 16, 24, 283, 1, 23, 48, 34043 }, // U+1ECF
    { 21, 33, 369, 1, 32, 87, 34091 }, // U+1ED0
    { 18, 28, 283, 1, 27, 63, 34178 }, // U+1ED1
    { 21, 34, 369, 1, 33, 90, 34241 }, // U+1ED2
    { 16, 29, 283, 1, 28, 58, 34331 }, // U+1ED3
    { 21, 34, 369, 1, 33, 90, 34389 }, // U+1ED4
    { 17, 29, 283, 1, 28, 62, 34479 }, // U+1ED5
    { 21, 35, 369, 1, 34, 92, 34541 }, // U+1ED6
    { 16, 29, 283, 1, 28, 58, 34633 }, // U+1ED7
    { 21, 35, 369, 1, 28, 92, 34691 }, // U+1ED8
    { 16, 30, 283, 1, 23, 60, 34783 }, // U+1ED9
    { 21, 29, 369, 1, 28, 77, 34843 }, // U+1EDA
    { 17, 25, 283, 1, 24, 54, 34920 }, // U+1EDB
    { 21, 29, 369, 1, 28, 77, 34974 }, // U+1EDC
    { 17, 25, 283, 1, 24, 54, 35051 }, // U+1EDD
    { 21, 29, 369, 1, 28, 77, 35105 }, // U+1EDE
    { 17, 24, 283, 1, 23, 51, 35182 }, // U+1EDF
    { 21, 28, 369, 1, 27, 74, 35233 }, // U+1EE0
    { 17, 24, 283, 1, 23, 51, 35307 }, // U+1EE1
    { 21, 31, 369, 1, 24, 82, 35358 }, // U+1EE2
    { 17, 26, 283, 1, 19, 56, 35440 }, // U+1EE3
    { 17, 28, 330, 2, 21, 60, 35496 }, // U+1EE4
    { 15, 23, 275, 1, 16, 44, 35556 }, // U+1EE5
    { 17, 29, 330, 2, 28, 62, 35600 }, // U+1EE6
    { 15, 24, 275, 1, 23, 45, 35662 }, // U+1EE7
    { 21, 29, 349, 2, 28, 77, 35707 }, // U+1EE8
    { 18, 25, 292, 1, 24, 57, 35784 }, // U+1EE9
    { 21, 29, 349, 2, 28, 77, 35841 }, // U+1EEA
    { 18, 25, 292, 1, 24, 57, 35918 }, // U+1EEB
    { 21, 29, 349, 2, 28, 77, 35975 }, // U+1EEC
    { 18, 24, 292, 1, 23, 54, 36052 }, // U+1EED
    { 21, 28, 349, 2, 27, 74, 36106 }, // U+1EEE
    { 18, 24, 292, 1, 23, 54, 36180 }, // U+1EEF
    { 21, 31, 349, 2, 24, 82, 36234 }, // U+1EF0
    { 18, 26, 292, 1, 19, 59, 36316 }, // U+1EF1
    { 20, 28, 309, 0, 28, 70, 36375 }, // U+1EF2
    { 16, 28, 255, 0, 23, 56, 36445 }, // U+1EF3
    { 20, 28, 309, 0, 21, 70, 36501 }, // U+1EF4
    { 17, 22, 255, 0, 16, 47, 36571 }, // U+1EF5
    { 20, 28, 309, 0, 28, 70, 36618 }, // U+1EF6
    { 16, 29, 255, 0, 23, 58, 36688 }, // U+1EF7
    { 20, 27, 309, 0, 27, 68, 36746 }, // U+1EF8
    { 16, 29, 255, 0, 23, 58, 36814 }, // U+1EF9
    { 0, 0, 61, 0, 0, 0, 36872 }, // U+2009
    { 0, 0, 0, 0, 0, 0, 36872 }, // U+200B
    { 2, 21, 0, -1, 20, 6, 36872 }, // U+200C
    { 8, 21, 0, -4, 20, 21, 36878 }, // U+200D
    { 8, 22, 0, -1, 20, 22, 36899 }, // U+200E
    { 8, 22, 0, -7, 20, 22, 36921 }, // U+200F
    { 9, 4, 149, 0, 10, 5, 36943 }, // U+2010
    { 9, 4, 150, 0, 10, 5, 36948 }, // U+2011
    { 15, 4, 233, 0, 11, 8, 36953 }, // U+2013
    { 29, 4, 467, 0, 11, 15, 36961 }, // U+2014
    { 29, 4, 467, 0, 11, 15, 36976 }, // U+2015
    { 6, 9, 113, 1, 23, 7, 36991 }, // U+2018
    { 6, 9, 113, 0, 23, 7, 36998 }, // U+2019
    { 6, 9, 113, 0, 5, 7, 37005 }, // U+201A
    { 12, 9, 212, 1, 23, 14, 37012 }, // U+201C
    { 12, 9, 212, 0, 23, 14, 37026 }, // U+201D
    { 12, 9, 212, 0, 5, 14, 37040 }, // U+201E
    { 13, 24, 231, 1, 20, 39, 37054 }, // U+2020
    { 13, 24, 231, 1, 20, 39, 37093 }, // U+2021
    { 9, 8, 170, 1, 14, 9, 37132 }, // U+2022
    { 27, 5, 467, 1, 5, 17, 37141 }, // U+2026
    { 0, 0, 61, 0, 0, 0, 37158 }, // U+202F
    { 37, 20, 616, 1, 20, 93, 37158 }, // U+2030
    { 9, 15, 153, 0, 16, 17, 37251 }, // U+2039
    { 9, 15, 153, 0, 16, 17, 37268 }, // U+203A
    { 15, 21, 71, -5, 21, 40, 37285 }, // U+2044
    { 8, 22, 159, 0, 21, 22, 37325 }, // U+204F
    { 11, 12, 169, 0, 20, 17, 37347 }, // U+2070
    { 11, 12, 169, 0, 20, 17, 37364 }, // U+2074
    { 10, 12, 169, 0, 20, 15, 37381 }, // U+2075
    { 10, 12, 169, 0, 20, 15, 37396 }, // U+2076
    { 10, 12, 169, 0, 20, 15, 37411 }, // U+2077
    { 10, 12, 169, 0, 20, 15, 37426 }, // U+2078
    { 10, 12, 169, 0, 20, 15, 37441 }, // U+2079
    { 11, 12, 169, 0, 11, 17, 37456 }, // U+2080
    { 7, 11, 169, 1, 11, 10, 37473 }, // U+2081
    { 10, 11, 169, 0, 11, 14, 37483 }, // U+2082
    { 10, 12, 169, 0, 11, 15, 37497 }, // U+2083
    { 11, 12, 169, 0, 11, 17, 37512 }, // U+2084
    { 10, 12, 169, 0, 11, 15, 37529 }, // U+2085
    { 10, 12, 169, 0, 11, 15, 37544 }, // U+2086
    { 10, 12, 169, 0, 11, 15, 37559 }, // U+2087
    { 10, 12, 169, 0, 11, 15, 37574 }, // U+2088
    { 10, 12, 169, 0, 11, 15, 37589 }, // U+2089
    { 22, 18, 403, 2, 18, 50, 37604 }, // U+20AA
    { 16, 20, 265, 1, 20, 40, 37654 }, // U+20AC
    { 17, 20, 265, 0, 20, 43, 37694 }, // U+20AE
    { 16, 20, 265, 0, 20, 40, 37737 }, // U+20B4
    { 17, 20, 265, 1, 20, 43, 37777 }, // U+20B9
    { 16, 20, 286, 1, 20, 40, 37820 }, // U+2202
    { 20, 20, 323, 0, 20, 50, 37860 }, // U+2206
    { 17, 23, 341, 2, 20, 49, 37910 }, // U+220F
    { 16, 23, 253, 0, 20, 46, 37959 }, // U+2211
    { 15, 4, 265, 1, 11, 8, 38005 }, // U+2212
    { 15, 21, 71, -5, 21, 40, 38013 }, // U+2215
    { 7, 5, 115, 0, 11, 5, 38053 }, // U+2219
    { 19, 20, 281, 0, 20, 48, 38058 }, // U+221A
    { 18, 9, 297, 0, 13, 21, 38106 }, // U+221E
    { 12, 27, 187, 0, 21, 41, 38127 }, // U+222B
    { 16, 13, 265, 0, 15, 26, 38168 }, // U+2248
    { 15, 19, 265, 1, 19, 36, 38194 }, // U+2260
    { 15, 18, 265, 1, 18, 34, 38230 }, // U+2264
    { 15, 18, 265, 1, 18, 34, 38264 }, // U+2265
    { 23, 23, 393, 2, 23, 67, 38298 }, // U+FB00
    { 17, 23, 330, 2, 23, 49, 38365 }, // U+FB01
    { 19, 23, 344, 2, 23, 55, 38414 }, // U+FB02
    { 30, 23, 526, 2, 23, 87, 38469 }, // U+FB03
    { 32, 23, 539, 2, 23, 92, 38556 }, // U+FB04
    { 29, 24, 478, 0, 13, 87, 38648 }, // U+FB56
    { 36, 23, 533, 0, 12, 104, 38735 }, // U+FB57
    { 9, 24, 168, 0, 14, 27, 38839 }, // U+FB58
    { 15, 21, 191, 0, 11, 40, 38866 }, // U+FB59
    { 29, 23, 478, 0, 22, 84, 38906 }, // U+FB66
    { 36, 23, 533, 0, 22, 104, 38990 }, // U+FB67
    { 9, 26, 148, 0, 25, 30, 39094 }, // U+FB68
    { 15, 23, 191, 0, 22, 44, 39124 }, // U+FB69
    { 20, 27, 321, 0, 15, 68, 39168 }, // U+FB7A
    { 25, 27, 354, 0, 15, 85, 39236 }, // U+FB7B
    { 18, 23, 294, 0, 13, 52, 39321 }, // U+FB7C
    { 22, 23, 305, 0, 13, 64, 39373 }, // U+FB7D
    { 13, 27, 241, 1, 26, 44, 39437 }, // U+FB88
    { 18, 27, 267, 1, 26, 61, 39481 }, // U+FB89
    { 14, 29, 191, -2, 22, 51, 39542 }, // U+FB8A
    { 18, 29, 210, -2, 22, 66, 39593 }, // U+FB8B
    { 14, 30, 191, -2, 23, 53, 39659 }, // U+FB8C
    { 18, 30, 210, -2, 23, 68, 39712 }, // U+FB8D
    { 27, 22, 424, 0, 21, 75, 39780 }, // U+FB8E
    { 31, 22, 444, 0, 21, 86, 39855 }, // U+FB8F
    { 14, 22, 212, 0, 21, 39, 39941 }, // U+FB90
    { 18, 22, 237, 0, 21, 50, 39980 }, // U+FB91
    { 27, 27, 424, 0, 26, 92, 40030 }, // U+FB92
    { 31, 27, 444, 0, 26, 105, 40122 }, // U+FB93
    { 15, 27, 212, -1, 26, 51, 40227 }, // U+FB94
    { 19, 27, 237, -1, 26, 65, 40278 }, // U+FB95
    { 21, 18, 346, 0, 11, 48, 40343 }, // U+FB9E
    { 26, 17, 376, 0, 10, 56, 40391 }, // U+FB9F
    { 13, 17, 220, 0, 16, 28, 40447 }, // U+FBA6
    { 20, 13, 274, 0, 12, 33, 40475 }, // U+FBA7
    { 8, 20, 148, 0, 14, 20, 40508 }, // U+FBA8
    { 18, 15, 240, 0, 7, 34, 40528 }, // U+FBA9
    { 22, 18, 360, 0, 17, 50, 40562 }, // U+FBAA
    { 23, 21, 320, 0, 14, 61, 40612 }, // U+FBAB
    { 18, 18, 299, 0, 17, 41, 40673 }, // U+FBAC
    { 19, 21, 267, 0, 14, 50, 40714 }, // U+FBAD
    { 27, 16, 440, 0, 15, 54, 40764 }, // U+FBAE
    { 19, 13, 262, 0, 4, 31, 40818 }, // U+FBAF
    { 27, 25, 440, 0, 24, 85, 40849 }, // U+FBB0
    { 19, 22, 262, 0, 13, 53, 40934 }, // U+FBB1
    { 24, 21, 383, 0, 14, 63, 40987 }, // U+FBFC
    { 26, 15, 373, 0, 8, 49, 41050 }, // U+FBFD
    { 10, 21, 168, 0, 14, 27, 41099 }, // U+FBFE
    { 15, 18, 191, 0, 11, 34, 41126 }, // U+FBFF
    { 13, 15, 219, 0, 13, 25, 41160 }, // U+FE80
    { 11, 26, 126, -2, 26, 36, 41185 }, // U+FE81
    { 14, 29, 148, -2, 28, 51, 41221 }, // U+FE82
    { 7, 29, 126, 0, 29, 26, 41272 }, // U+FE83
    { 12, 32, 148, 0, 31, 48, 41298 }, // U+FE84
    { 14, 28, 232, 0, 21, 49, 41346 }, // U+FE85
    { 18, 29, 245, 0, 22, 66, 41395 }, // U+FE86
    { 7, 32, 127, 1, 22, 28, 41461 }, // U+FE87
    { 11, 32, 148, 1, 22, 44, 41489 }, // U+FE88
    { 24, 23, 383, 0, 16, 69, 41533 }, // U+FE89
    { 26, 23, 373, 0, 16, 75, 41602 }, // U+FE8A
    { 8, 24, 148, 0, 23, 24, 41677 }, // U+FE8B
    { 14, 21, 179, 0, 20, 37, 41701 }, // U+FE8C
    { 6, 22, 127, 1, 22, 17, 41738 }, // U+FE8D
    { 11, 23, 148, 1, 22, 32, 41755 }, // U+FE8E
    { 29, 21, 478, 0, 13, 77, 41787 }, // U+FE8F
    { 36, 20, 533, 0, 12, 90, 41864 }, // U+FE90
    { 8, 21, 148, 0, 14, 21, 41954 }, // U+FE91
    { 14, 18, 179, 0, 11, 32, 41975 }, // U+FE92
    { 13, 23, 220, 0, 22, 38, 42007 }, // U+FE93
    { 19, 25, 260, 0, 24, 60, 42045 }, // U+FE94
    { 29, 18, 478, 0, 17, 66, 42105 }, // U+FE95
    { 36, 18, 533, 0, 17, 81, 42171 }, // U+FE96
    { 10, 21, 148, -1, 20, 27, 42252 }, // U+FE97
    { 15, 18, 191, 0, 17, 34, 42279 }, // U+FE98
    { 29, 22, 478, 0, 21, 80, 42313 }, // U+FE99
    { 36, 22, 533, 0, 21, 99, 42393 }, // U+FE9A
    { 9, 25, 148, 0, 24, 29, 42492 }, // U+FE9B
    { 15, 22, 191, 0, 21, 42, 42521 }, // U+FE9C
    { 20, 27, 321, 0, 15, 68, 42563 }, // U+FE9D
    { 24, 27, 345, 0, 15, 81, 42631 }, // U+FE9E
    { 18, 20, 294, 0, 13, 45, 42712 }, // U+FE9F
    { 22, 20, 305, 0, 13, 55, 42757 }, // U+FEA0
    { 20, 27, 321, 0, 15, 68, 42812 }, // U+FEA1
    { 24, 27, 345, 0, 15, 81, 42880 }, // U+FEA2
    { 18, 14, 294, 0, 13, 32, 42961 }, // U+FEA3
    { 22, 14, 305, 0, 13, 39, 42993 }, // U+FEA4
    { 20, 34, 321, 0, 22, 85, 43032 }, // U+FEA5
    { 24, 34, 345, 0, 22, 102, 43117 }, // U+FEA6
    { 18, 22, 294, 0, 21, 50, 43219 }, // U+FEA7
    { 22, 22, 305, 0, 21, 61, 43269 }, // U+FEA8
    { 13, 17, 241, 1, 16, 28, 43330 }, // U+FEA9
    { 18, 17, 267, 1, 16, 39, 43358 }, // U+FEAA
    { 13, 23, 241, 1, 22, 38, 43397 }, // U+FEAB
    { 18, 23, 267, 1, 22, 52, 43435 }, // U+FEAC
    { 13, 19, 191, -2, 12, 31, 43487 }, // U+FEAD
    { 18, 19, 210, -2, 12, 43, 43518 }, // U+FEAE
    { 13, 26, 191, -2, 19, 43, 43561 }, // U+FEAF
    { 18, 26, 210, -2, 19, 59, 43604 }, // U+FEB0
    { 39, 21, 639, 0, 14, 103, 43663 }, // U+FEB1
    { 45, 19, 672, 0, 12, 107, 43766 }, // U+FEB2
    { 27, 15, 443, 0, 14, 51, 43873 }, // U+FEB3
    { 33, 13, 476, 0, 12, 54, 43924 }, // U+FEB4
    { 39, 29, 639, 0, 22, 142, 43978 }, // U+FEB5
    { 45, 29, 672, 0, 22, 164, 44120 }, // U+FEB6
    { 27, 23, 443, 0, 22, 78, 44284 }, // U+FEB7
    { 33, 23, 476, 0, 22, 95, 44362 }, // U+FEB8
    { 41, 20, 664, 0, 13, 103, 44457 }, // U+FEB9
    { 45, 20, 673, 0, 13, 113, 44560 }, // U+FEBA
    { 28, 14, 455, 0, 13, 49, 44673 }, // U+FEBB
    { 32, 14, 469, 0, 13, 56, 44722 }, // U+FEBC
    { 41, 28, 664, 0, 21, 144, 44778 }, // U+FEBD
    { 45, 28, 673, 0, 21, 158, 44922 }, // U+FEBE
    { 28, 22, 455, 0, 21, 77, 45080 }, // U+FEBF
    { 32, 22, 469, 0, 21, 88, 45157 }, // U+FEC0
    { 24, 23, 394, 0, 22, 69, 45245 }, // U+FEC1
    { 28, 23, 402, 0, 22, 81, 45314 }, // U+FEC2
    { 21, 23, 344, 0, 22, 61, 45395 }, // U+FEC3
    { 25, 23, 356, 0, 22, 72, 45456 }, // U+FEC4
    { 24, 23, 394, 0, 22, 69, 45528 }, // U+FEC5
    { 28, 23, 402, 0, 22, 81, 45597 }, // U+FEC6
    { 21, 23, 344, 0, 22, 61, 45678 }, // U+FEC7
    { 25, 23, 356, 0, 22, 72, 45739 }, // U+FEC8
    { 19, 29, 266, 0, 17, 69, 45811 }, // U+FEC9
    { 19, 26, 266, 0, 14, 62, 45880 }, // U+FECA
    { 16, 16, 260, 0, 15, 32, 45942 }, // U+FECB
    { 20, 15, 258, -1, 14, 38, 45974 }, // U+FECC
    { 19, 36, 266, 0, 24, 86, 46012 }, // U+FECD
    { 19, 34, 266, 0, 22, 81, 46098 }, // U+FECE
    { 16, 23, 260, 0, 22, 46, 46179 }, // U+FECF
    { 20, 23, 258, -1, 22, 58, 46225 }, // U+FED0
    { 29, 26, 478, 0, 25, 95, 46283 }, // U+FED1
    { 35, 23, 520, 0, 22, 101, 46378 }, // U+FED2
    { 14, 26, 236, 0, 25, 46, 46479 }, // U+FED3
    { 18, 23, 247, 0, 22, 52, 46525 }, // U+FED4
    { 24, 26, 388, 0, 20, 78, 46577 }, // U+FED5
    { 28, 26, 399, 0, 18, 91, 46655 }, // U+FED6
    { 14, 25, 236, 0, 24, 44, 46746 }, // U+FED7
    { 18, 22, 247, 0, 21, 50, 46790 }, // U+FED8
    { 26, 23, 435, 0, 22, 75, 46840 }, // U+FED9
    { 31, 23, 455, 0, 22, 90, 46915 }, // U+FEDA
    { 14, 22, 212, 0, 21, 39, 47005 }, // U+FEDB
    { 18, 22, 237, 0, 21, 50, 47044 }, // U+FEDC
    { 21, 29, 346, 0, 22, 77, 47094 }, // U+FEDD
    { 26, 29, 369, 0, 22, 95, 47171 }, // U+FEDE
    { 8, 23, 139, 0, 22, 23, 47266 }, // U+FEDF
    { 13, 23, 161, 0, 22, 38, 47289 }, // U+FEE0
    { 15, 25, 256, 0, 13, 47, 47327 }, // U+FEE1
    { 22, 25, 309, 0, 13, 69, 47374 }, // U+FEE2
    { 16, 14, 272, 0, 13, 28, 47443 }, // U+FEE3
    { 21, 14, 291, 0, 13, 37, 47471 }, // U+FEE4
    { 21, 24, 346, 0, 17, 63, 47508 }, // U+FEE5
    { 26, 24, 376, 0, 17, 78, 47571 }, // U+FEE6
    { 8, 22, 148, 0, 21, 22, 47649 }, // U+FEE7
    { 14, 19, 179, 0, 18, 34, 47671 }, // U+FEE8
    { 13, 17, 220, 0, 16, 28, 47705 }, // U+FEE9
    { 19, 19, 260, 0, 18, 46, 47733 }, // U+FEEA
    { 18, 18, 299, 0, 17, 41, 47779 }, // U+FEEB
    { 19, 21, 267, 0, 14, 50, 47820 }, // U+FEEC
    { 14, 19, 232, 0, 12, 34, 47870 }, // U+FEED
    { 18, 19, 245, 0, 12, 43, 47904 }, // U+FEEE
    { 24, 21, 383, 0, 14, 63, 47947 }, // U+FEEF
    { 26, 15, 373, 0, 8, 49, 48010 }, // U+FEF0
    { 24, 28, 383, 0, 14, 84, 48059 }, // U+FEF1
    { 26, 22, 373, 0, 8, 72, 48143 }, // U+FEF2
    { 10, 21, 168, 0, 14, 27, 48215 }, // U+FEF3
    { 15, 18, 191, 0, 11, 34, 48242 }, // U+FEF4
    { 19, 24, 295, -2, 24, 57, 48276 }, // U+FEF5
    { 23, 26, 318, 0, 25, 75, 48333 }, // U+FEF6
    { 17, 27, 295, 0, 27, 58, 48408 }, // U+FEF7
    { 22, 29, 318, 1, 28, 80, 48466 }, // U+FEF8
    { 16, 32, 295, 1, 22, 64, 48546 }, // U+FEF9
    { 22, 32, 318, 1, 22, 88, 48610 }, // U+FEFA
    { 16, 22, 295, 1, 22, 44, 48698 }, // U+FEFB
    { 22, 23, 318, 1, 22, 64, 48742 }, // U+FEFC
};

static const EpdUnicodeInterval ubuntu_14_boldIntervals[] = {
    { 0x0, 0x0, 0x0 },
    { 0x8, 0x9, 0x1 },
    { 0xD, 0xD, 0x3 },
    { 0x1D, 0x1D, 0x4 },
    { 0x20, 0x7E, 0x5 },
    { 0xA0, 0x17F, 0x64 },
    { 0x1A0, 0x1A1, 0x144 },
    { 0x1AF, 0x1B0, 0x146 },
    { 0x1C4, 0x21F, 0x148 },
    { 0x300, 0x304, 0x1A4 },
    { 0x306, 0x308, 0x1A9 },
    { 0x30A, 0x30C, 0x1AC },
    { 0x311, 0x312, 0x1AF },
    { 0x326, 0x328, 0x1B1 },
    { 0x34F, 0x34F, 0x1B4 },
    { 0x400, 0x45F, 0x1B5 },
    { 0x462, 0x463, 0x215 },
    { 0x472, 0x475, 0x217 },
    { 0x48A, 0x4F9, 0x21B },
    { 0x5D0, 0x5EA, 0x28B },
    { 0x60C, 0x60C, 0x2A6 },
    { 0x61B, 0x61B, 0x2A7 },
    { 0x61F, 0x61F, 0x2A8 },
    { 0x621, 0x621, 0x2A9 },
    { 0x640, 0x640, 0x2AA },
    { 0x654, 0x654, 0x2AB },
    { 0x660, 0x669, 0x2AC },
    { 0x6BA, 0x6BA, 0x2B6 },
    { 0x6D4, 0x6D5, 0x2B7 },
    { 0x6F0, 0x6F9, 0x2B9 },
    { 0x1EA0, 0x1EF9, 0x2C3 },
    { 0x2009, 0x2009, 0x31D },
    { 0x200B, 0x2011, 0x31E },
    { 0x2013, 0x2015, 0x325 },
    { 0x2018, 0x201A, 0x328 },
    { 0x201C, 0x201E, 0x32B },
    { 0x2020, 0x2022, 0x32E },
    { 0x2026, 0x2026, 0x331 },
    { 0x202F, 0x2030, 0x332 },
    { 0x2039, 0x203A, 0x334 },
    { 0x2044, 0x2044, 0x336 },
    { 0x204F, 0x204F, 0x337 },
    { 0x2070, 0x2070, 0x338 },
    { 0x2074, 0x2079, 0x339 },
    { 0x2080, 0x2089, 0x33F },
    { 0x20AA, 0x20AA, 0x349 },
    { 0x20AC, 0x20AC, 0x34A },
    { 0x20AE, 0x20AE, 0x34B },
    { 0x20B4, 0x20B4, 0x34C },
    { 0x20B9, 0x20B9, 0x34D },
    { 0x2202, 0x2202, 0x34E },
    { 0x2206, 0x2206, 0x34F },
    { 0x220F, 0x220F, 0x350 },
    { 0x2211, 0x2212, 0x351 },
    { 0x2215, 0x2215, 0x353 },
    { 0x2219, 0x221A, 0x354 },
    { 0x221E, 0x221E, 0x356 },
    { 0x222B, 0x222B, 0x357 },
    { 0x2248, 0x2248, 0x358 },
    { 0x2260, 0x2260, 0x359 },
    { 0x2264, 0x2265, 0x35A },
    { 0xFB00, 0xFB04, 0x35C },
    { 0xFB56, 0xFB59, 0x361 },
    { 0xFB66, 0xFB69, 0x365 },
    { 0xFB7A, 0xFB7D, 0x369 },
    { 0xFB88, 0xFB95, 0x36D },
    { 0xFB9E, 0xFB9F, 0x37B },
    { 0xFBA6, 0xFBB1, 0x37D },
    { 0xFBFC, 0xFBFF, 0x389 },
    { 0xFE80, 0xFEFC, 0x38D },
};

static const uint16_t ubuntu_14_boldKernLeftCodepoints[] = {
    0x0022, 0x0026, 0x0027, 0x0028, 0x0029, 0x002A, 0x002C, 0x002D, 0x002E, 0x002F, 0x003A, 0x003B,
    0x0040, 0x0041, 0x0042, 0x0043, 0x0044, 0x0045, 0x0046, 0x0047, 0x0048, 0x0049, 0x004A, 0x004B,
    0x004C, 0x004D, 0x004E, 0x004F, 0x0050, 0x0051, 0x0052, 0x0053, 0x0054, 0x0055, 0x0056, 0x0057,
    0x0058, 0x0059, 0x005A, 0x005B, 0x005C, 0x005D, 0x0061, 0x0062, 0x0063, 0x0064, 0x0066, 0x0067,
    0x0068, 0x0069, 0x006A, 0x006B, 0x006C, 0x006D, 0x006E, 0x006F, 0x0070, 0x0071, 0x0072, 0x0073,
    0x0074, 0x0075, 0x0076, 0x0077, 0x0078, 0x0079, 0x007A, 0x007B, 0x007D, 0x00A1, 0x00AB, 0x00BB,
    0x00BF, 0x00C0, 0x00C1, 0x00C2, 0x00C3, 0x00C4, 0x00C5, 0x00C6, 0x00C7, 0x00C8, 0x00C9, 0x00CA,
    0x00CB, 0x00CC, 0x00CD, 0x00CE, 0x00CF, 0x00D0, 0x00D1, 0x00D2, 0x00D3, 0x00D4, 0x00D5, 0x00D6,
    0x00D8, 0x00D9, 0x00DA, 0x00DB, 0x00DC, 0x00DD, 0x00DE, 0x00DF, 0x00E0, 0x00E1, 0x00E2, 0x00E3,
    0x00E4, 0x00E5, 0x00E7, 0x00EC, 0x00ED, 0x00EE, 0x00EF, 0x00F0, 0x00F1, 0x00F2, 0x00F3, 0x00F4,
    0x00F5, 0x00F6, 0x00F8, 0x00F9, 0x00FA, 0x00FB, 0x00FC, 0x00FD, 0x00FE, 0x00FF, 0x0100, 0x0101,
    0x0102, 0x0103, 0x0104, 0x0105, 0x0106, 0x0107, 0x0108, 0x0109, 0x010A, 0x010B, 0x010C, 0x010D,
    0x010E, 0x010F, 0x0110, 0x0111, 0x0112, 0x0114, 0x0116, 0x0118, 0x011A, 0x011C, 0x011D, 0x011E,
    0x011F, 0x0120, 0x0121, 0x0122, 0x0123, 0x0124, 0x0125, 0x0126, 0x0127, 0x0128, 0x0129, 0x012A,
    0x012B, 0x012C, 0x012D, 0x012E, 0x012F, 0x0130, 0x0131, 0x0132, 0x0133, 0x0134, 0x0135, 0x0136,
    0x0137, 0x0138, 0x0139, 0x013A, 0x013B, 0x013C, 0x013D, 0x013E, 0x013F, 0x0140, 0x0141, 0x0142,
    0x0143, 0x0144, 0x0145, 0x0146, 0x0147, 0x0148, 0x0149, 0x014A, 0x014B, 0x014C, 0x014D, 0x014E,
    0x014F, 0x0150, 0x0151, 0x0152, 0x0154, 0x0155, 0x0156, 0x0157, 0x0158, 0x0159, 0x015A, 0x015B,
    0x015C, 0x015D, 0x015E, 0x015F, 0x0160, 0x0161, 0x0162, 0x0163, 0x0164, 0x0165, 0x0166, 0x0167,
    0x0168, 0x0169, 0x016A, 0x016B, 0x016C, 0x016D, 0x016E, 0x016F, 0x0170, 0x0171, 0x0172, 0x0173,
    0x0174, 0x0175, 0x0176, 0x0177, 0x0178, 0x0179, 0x017A, 0x017B, 0x017C, 0x017D, 0x017E, 0x017F,
    0x01A0, 0x01C4, 0x01C5, 0x01C6, 0x01C7, 0x01C8, 0x01C9, 0x01CA, 0x01CB, 0x01CC, 0x01CD, 0x01CE,
    0x01CF, 0x01D0, 0x01D1, 0x01D2, 0x01D3, 0x01D4, 0x01D5, 0x01D6, 0x01D7, 0x01D8, 0x01D9, 0x01DA,
    0x01DB, 0x01DC, 0x01DD, 0x01DE, 0x01DF, 0x01E0, 0x01E1, 0x01E2, 0x01E4, 0x01E5, 0x01E6, 0x01E7,
    0x01E8, 0x01E9, 0x01EA, 0x01EB, 0x01EC, 0x01ED, 0x01EE, 0x01EF, 0x01F0, 0x01F1, 0x01F2, 0x01F3,
    0x01F4, 0x01F5, 0x01F6, 0x01F7, 0x01F8, 0x01F9, 0x01FA, 0x01FB, 0x01FC, 0x01FE, 0x01FF, 0x0200,
    0x0201, 0x0202, 0x0203, 0x0204, 0x0206, 0x0208, 0x0209, 0x020A, 0x020B, 0x020C, 0x020D, 0x020E,
    0x020F, 0x0210, 0x0211, 0x0212, 0x0213, 0x0214, 0x0215, 0x0216, 0x0217, 0x0218, 0x0219, 0x021A,
    0x021B, 0x021C, 0x021E, 0x021F, 0x0400, 0x0401, 0x0402, 0x0403, 0x0404, 0x0405, 0x0406, 0x0407,
    0x0408, 0x0409, 0x040A, 0x040B, 0x040C, 0x040D, 0x040E, 0x040F, 0x0410, 0x0411, 0x0412, 0x0413,
    0x0414, 0x0415, 0x0416, 0x0417, 0x0418, 0x0419, 0x041A, 0x041C, 0x041D, 0x041E, 0x041F, 0x0420,
    0x0421, 0x0422, 0x0423, 0x0424, 0x0425, 0x0426, 0x0428, 0x0429, 0x042A, 0x042B, 0x042C, 0x042D,
    0x042E, 0x0430, 0x0431, 0x0432, 0x0433, 0x0434, 0x0435, 0x0436, 0x0437, 0x043A, 0x043B, 0x043C,
    0x043D, 0x043E, 0x043F, 0x0440, 0x0441, 0x0442, 0x0443, 0x0444, 0x0445, 0x0446, 0x0447, 0x0448,
    0x0449, 0x044A, 0x044B, 0x044C, 0x044D, 0x044E, 0x044F, 0x0450, 0x0451, 0x0452, 0x0453, 0x0454,
    0x0455, 0x0456, 0x0457, 0x0458, 0x0459, 0x045A, 0x045B, 0x045C, 0x045E, 0x045F, 0x0462, 0x0463,
    0x0472, 0x0473, 0x0474, 0x0475, 0x048A, 0x048B, 0x048C, 0x048D, 0x048F, 0x0490, 0x0491, 0x0492,
    0x0493, 0x0494, 0x0495, 0x0496, 0x0497, 0x0498, 0x0499, 0x049A, 0x049B, 0x049C, 0x049D, 0x049E,
    0x049F, 0x04A0, 0x04A1, 0x04A2, 0x04A3, 0x04A4, 0x04A5, 0x04A6, 0x04A7, 0x04A8, 0x04A9, 0x04AA,
    0x04AB, 0x04AC, 0x04AD, 0x04AE, 0x04AF, 0x04B0, 0x04B1, 0x04B2, 0x04B3, 0x04B4, 0x04B5, 0x04B6,
    0x04B7, 0x04BA, 0x04BB, 0x04BC, 0x04BE, 0x04C0, 0x04C1, 0x04C2, 0x04C3, 0x04C4, 0x04C6, 0x04C7,
    0x04C8, 0x04C9, 0x04CA, 0x04CC, 0x04CD, 0x04CE, 0x04CF, 0x04D0, 0x04D1, 0x04D2, 0x04D3, 0x04D4,
    0x04D5, 0x04D6, 0x04D7, 0x04D8, 0x04DA, 0x04DC, 0x04DD, 0x04DE, 0x04DF, 0x04E0, 0x04E1, 0x04E2,
    0x04E4, 0x04E6, 0x04E7, 0x04E8, 0x04E9, 0x04EA, 0x04EB, 0x04EC, 0x04ED, 0x04EE, 0x04EF, 0x04F0,
    0x04F1, 0x04F2, 0x04F3, 0x04F6, 0x04F7, 0x04F8, 0x04F9, 0x05D0, 0x05D1, 0x05D2, 0x05D3, 0x05D5,
    0x05D6, 0x05D8, 0x05D9, 0x05DB, 0x05DC, 0x05DE, 0x05E0, 0x05E1, 0x05E2, 0x05E4, 0x05E6, 0x05E8,
    0x05E9, 0x05EA, 0x1EF2, 0x1EF3, 0x2013, 0x2014, 0x2018, 0x2019, 0x201A, 0x201C, 0x201D, 0x201E,
    0x2026, 0x2039, 0x203A, 0xFB00, 0xFB01, 0xFB02, 0xFB03, 0xFB04, 0xFB8C, 0xFEAD, 0xFEAE, 0xFEAF,
};

static const uint8_t ubuntu_14_boldKernLeftClassIds[] = {
      1,   2,   1,   3,   4,   5,   6,   7,   6,   8,   9,   9,  10,  11,  12,  13,
     14,  15,  16,  17,  18,  18,  19,  20,  21,  22,  18,  23,  24,  25,  26,  27,
     28,  29,  30,  31,  32,  33,  34,  35,  36,  37,  38,  39,  40,  41,  42,  43,
     44,  45,  46,  47,  48,  49,  49,  50,  39,  51,  52,  53,  54,  55,  56,  57,
     58,  59,  60,  61,  62,  63,  64,  65,  66,  11,  11,  11,  11,  11,  11,  15,
     13,  15,  15,  15,  15,  18,  18,  18,  18,  14,  18,  23,  23,  23,  23,  23,
     23,  29,  29,  29,  29,  33,  67,  68,  38,  38,  38,  38,  38,  38,  40,  45,
     45,  45,  45,  69,  49,  50,  50,  50,  50,  50,  50,  55,  55,  55,  55,  59,
     70,  59,  11,  38,  11,  38,  11,  38,  13,  40,  13,  40,  13,  40,  13,  40,
     14,  71,  14,  41,  15,  15,  15,  15,  15,  17,  43,  17,  43,  17,  43,  17,
     43,  18,  44,  18,  44,  18,  45,  18,  45,  18,  45,  18,  45,  18,  45,  19,
     46,  19,  46,  20,  47,  47,  21,  48,  21,  48,  21,  71,  21,  48,  21,  48,
     18,  49,  18,  49,  18,  49,  49,  72,  73,  23,  50,  23,  50,  23,  50,  15,
     26,  52,  26,  52,  26,  52,  27,  53,  27,  53,  27,  53,  27,  53,  28,  54,
     28,  54,  28,  54,  29,  55,  29,  55,  29,  55,  29,  55,  29,  55,  29,  55,
     31,  57,  33,  59,  33,  34,  60,  34,  60,  34,  60,  42,  74,  34,  60,  60,
     19,  46,  46,  19,  46,  46,  11,  38,  18,  45,  23,  50,  29,  55,  29,  55,
     29,  55,  29,  55,  29,  55,  50,  11,  38,  11,  38,  15,  17,  43,  17,  43,
     20,  47,  23,  50,  23,  50,  75,  76,  46,  34,  60,  60,  17,  43,  55,  77,
     18,  49,  11,  38,  15,  23,  50,  11,  38,  11,  38,  15,  15,  18,  45,  18,
     45,  23,  50,  23,  50,  26,  52,  26,  52,  29,  55,  29,  55,  27,  53,  28,
     54,  78,  18,  44,  79,  79,  80,  81,  82,  83,  18,  18,  84,  85,  85,  86,
     87,  18,  88,  18,  89,  80,  90,  81,  91,  79,  92,  93,  18,  18,  87,  94,
     18,  95,  18,  96,  82,  97,  88,  98,  99,  91,  18,  91,  85,  18,  85, 100,
     95, 101, 102, 103, 104, 105, 106, 107, 108, 109, 110, 111, 112, 113, 112, 114,
    115, 116, 117, 118, 119, 105, 112, 112, 105, 120, 112, 120, 121, 122, 123, 106,
    106, 124, 104, 125, 126, 127, 127, 128, 120, 120, 129, 109, 117, 130,  80, 131,
     95, 113, 132, 133,  91, 105,  85, 120, 114,  81, 104,  81, 104,  80, 134,  92,
    107,  93, 108,  87, 109,  87, 109,  87, 109,  87, 109,  91, 105,  97, 104,  85,
    135, 136, 137,  82, 115,  97, 116, 138, 139, 138, 139,  99, 119,  91, 105,  91,
    105, 140, 141, 142, 142,  18,  92, 107, 143, 144, 105,  84, 145,  91, 105, 112,
     91, 105,  18,  89, 101,  89, 101, 146, 147,  79, 106, 148, 148,  92, 107,  93,
    108, 149, 150,  18,  18,  95, 113,  95, 113,  95, 113, 100, 108,  88, 117,  88,
    117,  88, 117,  81, 104,  18, 112, 151, 152, 153, 154, 155, 156, 157, 158, 159,
    160, 161, 162, 163, 164, 165, 166, 167, 168, 169,  33,  59,   7,   7, 170, 171,
    172, 170, 171, 172,   6,  64,  65,  42,  45,  48,  45,  48, 173, 173, 173, 173,
};

static const uint16_t ubuntu_14_boldKernRightCodepoints[] = {
    0x0021, 0x0022, 0x0026, 0x0027, 0x0028, 0x0029, 0x002A, 0x002C, 0x002D, 0x002E, 0x002F, 0x003A,
    0x003B, 0x003F, 0x0040, 0x0041, 0x0042, 0x0043, 0x0044, 0x0045, 0x0046, 0x0047, 0x0048, 0x0049,
    0x004A, 0x004B, 0x004C, 0x004D, 0x004E, 0x004F, 0x0050, 0x0051, 0x0052, 0x0053, 0x0054, 0x0055,
    0x0056, 0x0057, 0x0058, 0x0059, 0x005A, 0x005B, 0x005C, 0x005D, 0x0061, 0x0062, 0x0063, 0x0064,
    0x0065, 0x0066, 0x0067, 0x0068, 0x0069, 0x006A, 0x006B, 0x006C, 0x006D, 0x006E, 0x006F, 0x0070,
    0x0071, 0x0072, 0x0073, 0x0074, 0x0075, 0x0076, 0x0077, 0x0078, 0x0079, 0x007A, 0x007B, 0x007D,
    0x00AB, 0x00BB, 0x00C0, 0x00C1, 0x00C2, 0x00C3, 0x00C4, 0x00C5, 0x00C6, 0x00C7, 0x00C8, 0x00C9,
    0x00CA, 0x00CB, 0x00CC, 0x00CD, 0x00CE, 0x00CF, 0x00D0, 0x00D1, 0x00D2, 0x00D3, 0x00D4, 0x00D5,
    0x00D6, 0x00D8, 0x00D9, 0x00DA, 0x00DB, 0x00DC, 0x00DD, 0x00DF, 0x00E0, 0x00E1, 0x00E2, 0x00E3,
    0x00E4, 0x00E5, 0x00E6, 0x00E7, 0x00E8, 0x00E9, 0x00EA, 0x00EB, 0x00EC, 0x00ED, 0x00EE, 0x00EF,
    0x00F0, 0x00F1, 0x00F2, 0x00F3, 0x00F4, 0x00F5, 0x00F6, 0x00F8, 0x00F9, 0x00FA, 0x00FB, 0x00FC,
    0x00FD, 0x00FF, 0x0100, 0x0101, 0x0102, 0x0103, 0x0104, 0x0105, 0x0106, 0x0107, 0x0108, 0x0109,
    0x010A, 0x010B, 0x010C, 0x010D, 0x010E, 0x010F, 0x0111, 0x0112, 0x0113, 0x0114, 0x0115, 0x0116,
    0x0117, 0x0118, 0x0119, 0x011A, 0x011B, 0x011C, 0x011D, 0x011E, 0x011F, 0x0120, 0x0121, 0x0122,
    0x0123, 0x0124, 0x0125, 0x0126, 0x0127, 0x0128, 0x0129, 0x012A, 0x012B, 0x012C, 0x012D, 0x012E,
    0x012F, 0x0130, 0x0131, 0x0132, 0x0133, 0x0134, 0x0135, 0x0136, 0x0137, 0x0139, 0x013A, 0x013B,
    0x013C, 0x013D, 0x013E, 0x013F, 0x0140, 0x0141, 0x0142, 0x0143, 0x0144, 0x0145, 0x0146, 0x0147,
    0x0148, 0x0149, 0x014A, 0x014B, 0x014C, 0x014D, 0x014E, 0x014F, 0x0150, 0x0151, 0x0152, 0x0153,
    0x0154, 0x0155, 0x0156, 0x0157, 0x0158, 0x0159, 0x015A, 0x015B, 0x015C, 0x015D, 0x015E, 0x015F,
    0x0160, 0x0161, 0x0162, 0x0163, 0x0164, 0x0165, 0x0166, 0x0167, 0x0168, 0x0169, 0x016A, 0x016B,
    0x016C, 0x016D, 0x016E, 0x016F, 0x0170, 0x0171, 0x0172, 0x0173, 0x0174, 0x0175, 0x0176, 0x0177,
    0x0178, 0x0179, 0x017A, 0x017B, 0x017C, 0x017D, 0x017E, 0x017F, 0x01A0, 0x01A1, 0x01AF, 0x01B0,
    0x01C4, 0x01C5, 0x01C6, 0x01C7, 0x01C8, 0x01C9, 0x01CA, 0x01CB, 0x01CC, 0x01CD, 0x01CE, 0x01CF,
    0x01D0, 0x01D1, 0x01D2, 0x01D3, 0x01D4, 0x01D5, 0x01D6, 0x01D7, 0x01D8, 0x01D9, 0x01DA, 0x01DB,
    0x01DC, 0x01DD, 0x01DE, 0x01DF, 0x01E0, 0x01E1, 0x01E2, 0x01E3, 0x01E4, 0x01E5, 0x01E6, 0x01E7,
    0x01E8, 0x01E9, 0x01EA, 0x01EB, 0x01EC, 0x01ED, 0x01EE, 0x01F0, 0x01F1, 0x01F2, 0x01F3, 0x01F4,
    0x01F5, 0x01F8, 0x01F9, 0x01FA, 0x01FB, 0x01FC, 0x01FD, 0x01FE, 0x01FF, 0x0200, 0x0201, 0x0202,
    0x0203, 0x0204, 0x0205, 0x0206, 0x0207, 0x0208, 0x0209, 0x020A, 0x020B, 0x020C, 0x020D, 0x020E,
    0x020F, 0x0210, 0x0211, 0x0212, 0x0213, 0x0214, 0x0215, 0x0216, 0x0217, 0x0218, 0x0219, 0x021A,
    0x021B, 0x021C, 0x021D, 0x021E, 0x021F, 0x0402, 0x0404, 0x0405, 0x0408, 0x0409, 0x040B, 0x040E,
    0x0410, 0x0414, 0x0416, 0x0417, 0x041B, 0x041C, 0x041E, 0x0421, 0x0422, 0x0423, 0x0424, 0x0425,
    0x0427, 0x042D, 0x042F, 0x0430, 0x0431, 0x0432, 0x0433, 0x0434, 0x0435, 0x0436, 0x0437, 0x0438,
    0x0439, 0x043A, 0x043B, 0x043C, 0x043D, 0x043E, 0x043F, 0x0440, 0x0441, 0x0442, 0x0443, 0x0444,
    0x0445, 0x0446, 0x0447, 0x0448, 0x0449, 0x044A, 0x044B, 0x044C, 0x044D, 0x044E, 0x044F, 0x0450,
    0x0451, 0x0452, 0x0453, 0x0454, 0x0455, 0x0456, 0x0457, 0x0458, 0x0459, 0x045A, 0x045B, 0x045C,
    0x045D, 0x045E, 0x045F, 0x0462, 0x0463, 0x0472, 0x0473, 0x0475, 0x048B, 0x048D, 0x048F, 0x0491,
    0x0493, 0x0495, 0x0496, 0x0497, 0x0498, 0x0499, 0x049B, 0x049D, 0x049F, 0x04A1, 0x04A3, 0x04A5,
    0x04A7, 0x04A8, 0x04A9, 0x04AA, 0x04AB, 0x04AC, 0x04AD, 0x04AE, 0x04AF, 0x04B0, 0x04B1, 0x04B2,
    0x04B3, 0x04B4, 0x04B5, 0x04B6, 0x04B7, 0x04B8, 0x04B9, 0x04BB, 0x04BC, 0x04BD, 0x04BE, 0x04BF,
    0x04C1, 0x04C2, 0x04C4, 0x04C5, 0x04C6, 0x04C8, 0x04CA, 0x04CB, 0x04CC, 0x04CE, 0x04D0, 0x04D1,
    0x04D2, 0x04D3, 0x04D4, 0x04D5, 0x04D7, 0x04D8, 0x04D9, 0x04DA, 0x04DB, 0x04DC, 0x04DD, 0x04DE,
    0x04DF, 0x04E0, 0x04E1, 0x04E3, 0x04E5, 0x04E6, 0x04E7, 0x04E8, 0x04E9, 0x04EA, 0x04EB, 0x04EC,
    0x04ED, 0x04EE, 0x04EF, 0x04F0, 0x04F1, 0x04F2, 0x04F3, 0x04F4, 0x04F5, 0x04F7, 0x04F9, 0x05D0,
    0x05D1, 0x05D2, 0x05D3, 0x05D4, 0x05D6, 0x05D7, 0x05D8, 0x05D9, 0x05DA, 0x05DB, 0x05DC, 0x05DD,
    0x05DE, 0x05E1, 0x05E2, 0x05E3, 0x05E4, 0x05E5, 0x05E7, 0x05E8, 0x05E9, 0x05EA, 0x06D5, 0x1EF2,
    0x1EF3, 0x2013, 0x2014, 0x2018, 0x2019, 0x201A, 0x201C, 0x201D, 0x201E, 0x2026, 0x2039, 0x203A,
    0xFB00, 0xFB01, 0xFB02, 0xFB03, 0xFB04, 0xFB8E, 0xFBA6, 0xFBAA, 0xFE8D, 0xFEA3, 0xFEA9, 0xFEB1,
    0xFEB3, 0xFEB9, 0xFEBB, 0xFEC1, 0xFEC3, 0xFEC9, 0xFECB, 0xFECD, 0xFEDB, 0xFEDF, 0xFEE1, 0xFEE3,
    0xFEEB,
};

static const uint8_t ubuntu_14_boldKernRightClassIds[] = {
      1,   2,   3,   2,   4,   5,   6,   7,   8,   7,   9,  10,  10,  11,  12,  13,
     14,  15,  14,  14,  14,  16,  14,  14,  17,  14,  14,  18,  14,  19,  14,  19,
     14,  20,  21,  22,  23,  24,  25,  26,  27,  28,  29,  30,  31,  32,  33,  34,
     33,  35,  33,  36,  37,  38,  36,  36,  39,  39,  34,  39,  33,  39,  40,  41,
     42,  43,  44,  45,  46,  47,  48,  49,  50,  51,  13,  13,  13,  13,  13,  13,
     52,  15,  14,  14,  14,  14,  14,  14,  14,  14,  14,  14,  19,  19,  19,  19,
     19,  19,  22,  22,  22,  22,  26,  53,  31,  31,  31,  31,  54,  31,  31,  33,
     33,  33,  33,  33,  55,  37,  56,  57,  58,  39,  34,  34,  34,  34,  34,  34,
     42,  42,  42,  42,  46,  46,  13,  31,  13,  31,  13,  31,  15,  33,  15,  33,
     15,  33,  15,  33,  14,  34,  34,  14,  33,  14,  33,  14,  33,  14,  33,  14,
     33,  16,  33,  16,  33,  16,  33,  16,  33,  14,  36,  14,  36,  14,  59,  14,
     60,  14,  61,  14,  37,  14,  37,  14,  37,  17,  38,  14,  36,  14,  36,  14,
     36,  14,  36,  14,  36,  14,  36,  14,  39,  14,  39,  14,  39,  39,  62,  63,
     19,  34,  19,  34,  19,  34,  19,  34,  14,  39,  14,  39,  14,  39,  20,  40,
     20,  40,  20,  40,  20,  40,  21,  41,  21,  41,  21,  41,  22,  42,  22,  42,
     22,  42,  22,  42,  22,  42,  22,  42,  24,  44,  26,  46,  26,  27,  47,  27,
     47,  27,  47,  35,  19,  34,  22,  42,  14,  14,  34,  14,  14,  36,  14,  14,
     39,  13,  31,  14,  37,  19,  34,  22,  42,  22,  42,  22,  42,  22,  42,  22,
     42,  64,  13,  31,  13,  31,  52,  31,  16,  33,  16,  33,  14,  36,  19,  34,
     19,  34,  65,  38,  14,  14,  34,  16,  33,  14,  39,  13,  31,  52,  31,  19,
     34,  13,  31,  13,  31,  14,  33,  14,  33,  14,  37,  14,  37,  19,  34,  19,
     34,  14,  39,  14,  39,  22,  42,  22,  42,  20,  40,  21,  41,  66,  67,  14,
     36,  68,  69,  70,  71,  72,  68,  73,  74,  75,  76,  77,  72,  78,  79,  69,
     68,  73,  80,  81,  82,  83,  84,  85,  86,  87,  88,  89,  90,  91,  92,  88,
     88,  88,  93,  94,  88,  95,  88,  96,  97,  98,  99, 100, 101,  88, 102,  88,
    103, 104,  88,  88, 105, 106, 107,  90,  90, 108,  88, 109, 110, 111, 112, 113,
     93,  88, 114,  88,  88,  99, 103,  68, 115,  79,  95,  99,  88, 116,  96,  88,
     88,  88,  76,  91,  77,  92,  88,  88,  88,  88,  88,  88,  88, 117, 118,  69,
     97,  68,  98, 119, 120, 119, 120,  81, 101,  68,  98,  82, 102,  82, 102, 121,
    122, 123, 122, 123,  76,  91,  88,  72,  93,  88,  88,  82, 102,  94,  74,  85,
     74,  85, 124, 125,  90, 126, 127, 126, 127,  76,  91,  77,  92, 128, 129,  88,
     88,  79,  95,  79,  95,  79,  95,  83,  92,  73,  99,  73,  99,  73,  99,  82,
    102,  88,  88, 130, 131, 132, 133, 134, 135, 136, 137, 138, 139, 140, 141, 142,
    143, 144, 145, 146, 147, 148, 149, 150, 151, 152, 153,  26,  46,   8,   8, 154,
    155, 156, 154, 155, 156,   7,  50,  51,  35,  35,  35,  35,  35, 153, 153, 153,
    157, 153, 158, 158, 158, 158, 158, 158, 158, 159, 157, 159, 153, 157, 153, 153,
    153,
};

static const uint16_t ubuntu_14_boldKernRowOffsets[] = {
        0,    29,    47,   121,   151,   198,   255,   312,   386,   411,   437,   478,   502,   540,   561,   579,
      615,   627,   628,   636,   680,   722,   731,   752,   780,   800,   834,   854,   905,   914,   960,  1001,
     1048,  1099,  1136,  1222,  1248,  1261,  1274,  1292,  1311,  1323,  1354,  1366,  1379,  1390,  1402,  1428,
     1447,  1460,  1478,  1491,  1514,  1523,  1541,  1552,  1572,  1593,  1617,  1637,  1656,  1701,  1726,  1730,
     1750,  1793,  1836,  1859,  1875,  1886,  1898,  1931,  1932,  1937,  1940,  1945,  1946,  1953,  1956,  1966,
     1989,  2046,  2088,  2112,  2118,  2146,  2164,  2218,  2272,  2319,  2338,  2370,  2423,  2441,  2454,  2476,
     2507,  2555,  2583,  2638,  2660,  2670,  2677,  2686,  2704,  2725,  2739,  2770,  2778,  2810,  2816,  2823,
     2829,  2844,  2858,  2873,  2891,  2908,  2929,  2959,  2976,  2989,  3004,  3010,  3020,  3028,  3035,  3038,
     3044,  3056,  3062,  3081,  3135,  3158,  3169,  3187,  3204,  3216,  3274,  3290,  3307,  3319,  3330,  3346,
     3359,  3363,  3370,  3380,  3398,  3411,  3420,  3426,  3431,  3438,  3449,  3455,  3456,  3465,  3476,  3482,
     3492,  3497,  3500,  3507,  3509,  3516,  3523,  3533,  3540,  3550,  3604,  3679,  3714,  3718,
};

static const uint8_t ubuntu_14_boldKernSparseCols[] = {
     12,  16,  22,  23,  51,  67,  70,  71,  73,  74,  79,  81,  84,  88,  89,  92,
     93,  94,  96,  99, 106, 107, 108, 109, 113, 117, 123, 124, 126,  12,  14,  15,
     16,  18,  20,  22,  23,  24,  25,  30,  32,  33,  42,  43,  44,  45,  53,   3,
      4,   5,   7,  11,  14,  15,  18,  20,  22,  23,  24,  25,  26,  30,  32,  33,
     34,  36,  37,  38,  39,  41,  42,  43,  45,  52,  53,  54,  55,  56,  57,  58,
     59,  60,  67,  68,  69,  72,  74,  75,  78,  79,  80,  84,  85,  86,  87,  88,
     89,  93,  94,  96,  98,  99, 101, 102, 105, 107, 108, 109, 110, 111, 112, 113,
    116, 117, 118, 122, 123, 124, 125, 126, 128,   3,   5,   7,  11,  12,  16,  20,
     22,  23,  24,  25,  26,  44,  51,  61,  67,  69,  70,  72,  73,  75,  76,  80,
     82,  83, 100, 107, 118, 127, 128,  11,  12,  16,  17,  24,  25,  30,  32,  33,
     37,  39,  42,  43,  44,  45,  51,  53,  57,  61,  70,  71,  72,  73,  74,  75,
     76,  77,  80,  82,  84,  88,  89,  92,  93,  94,  96,  99, 100, 106, 108, 109,
    112, 117, 123, 124, 125, 127,  12,  14,  15,  16,  18,  19,  20,  21,  22,  23,
     24,  25,  26,  30,  32,  33,  42,  43,  44,  45,  46,  51,  53,  57,  67,  68,
     69,  70,  71,  73,  74,  75,  76,  78,  79,  80,  81,  88,  91,  92,  94,  97,
     98, 100, 101, 103, 104, 114, 116, 118, 119, 121, 122, 123, 125, 127, 128,  14,
     15,  16,  18,  20,  22,  24,  25,  26,  30,  32,  33,  34,  43,  44,  51,  53,
     57,  61,  67,  68,  69,  70,  72,  75,  78,  79,  80,  82,  84,  85,  86,  87,
     89,  90,  94,  95,  96,  99, 100, 101, 102, 105, 106, 108, 110, 111, 112, 115,
    116, 117, 118, 120, 122, 125, 126, 127,  11,  12,  14,  15,  16,  18,  20,  22,
     23,  24,  25,  26,  30,  31,  32,  33,  35,  36,  37,  38,  39,  41,  46,  51,
     53,  54,  55,  56,  57,  58,  59,  60,  67,  68,  70,  71,  72,  73,  74,  75,
     78,  79,  80,  81,  83,  84,  85,  86,  87,  88,  89,  92,  93,  94,  95,  96,
     99, 102, 105, 106, 107, 108, 109, 110, 111, 112, 113, 116, 117, 118, 123, 124,
    126, 128,  12,  16,  20,  22,  24,  25,  26,  42,  43,  44,  45,  46,  51,  67,
     70,  73,  80,  92, 100, 114, 115, 118, 121, 122, 123,  12,  16,  20,  22,  23,
     24,  25,  26,  44,  51,  61,  67,  69,  70,  72,  73,  75,  76,  80,  82,  83,
    100, 107, 118, 123, 127,   1,   3,   5,   6,   8,   9,  10,  12,  14,  15,  16,
     18,  19,  20,  21,  22,  23,  24,  25,  26,  28,  29,  30,  32,  33,  39,  42,
     43,  44,  45,  46,  47,  49,  50,  51,  53,  57,  65, 153, 154, 155,   4,   5,
      7,   8,   9,  10,  12,  20,  22,  23,  24,  25,  28,  29,  42,  44,  45,  46,
     48,  49,  50,  51,  65, 155,   2,   3,   4,   5,   6,   7,   8,   9,  10,  12,
     14,  15,  16,  18,  19,  20,  22,  23,  24,  25,  26,  28,  29,  30,  32,  33,
     39,  41,  44,  46,  49,  50,  51,  53,  57, 153, 154, 155,   4,   6,   7,   8,
     10,  12,  16,  20,  22,  23,  24,  25,  26,  29,  48,  49,  51,  64,  65, 154,
    155,  16,  18,  22,  24,  25,  26,  30,  32,  33,  44,  50,  51,  53,  57,  61,
    153, 154, 155,   2,   3,   4,   6,   7,   8,  10,  11,  12,  14,  15,  16,  17,
     18,  20,  22,  23,  24,  25,  28,  29,  30,  32,  33,  38,  39,  41,  44,  46,
     50,  51,  53,  57, 153, 154, 155,   5,   6,   7,   9,  20,  22,  23,  25,  42,
     45, 153, 155,   8,   8,  12,  16,  28,  50,  51, 153, 154,   2,   3,   4,   5,
      6,   7,   8,   9,  11,  12,  14,  15,  16,  18,  20,  22,  23,  24,  25,  26,
     28,  29,  30,  32,  33,  39,  40,  41,  42,  43,  44,  45,  46,  47,  49,  51,
     53,  56,  57,  58,  59,  60,  63, 155,   0,   1,   2,   5,   6,   7,   8,   9,
     10,  12,  14,  15,  16,  17,  18,  19,  20,  21,  22,  23,  24,  25,  26,  28,
     29,  30,  39,  42,  43,  44,  45,  46,  47,  48,  49,  50,  51,  53,  65, 153,
    154, 155,   5,   8,  10,  20,  22,  25,  28, 153, 154,   4,   6,   7,   8,  10,
     12,  16,  20,  22,  23,  24,  25,  26,  29,  48,  49,  51,  64,  65, 154, 155,
      2,   4,   6,   8,   9,  12,  16,  20,  24,  25,  27,  29,  30,  32,  33,  42,
     43,  44,  45,  48,  49,  50,  51,  53,  57, 153, 154, 155,   4,   6,   7,   8,
     10,  12,  16,  20,  22,  23,  24,  25,  26,  29,  37,  49,  51,  64, 154, 155,
      5,   6,   7,   8,   9,  10,  11,  12,  14,  15,  16,  18,  20,  21,  22,  24,
     25,  26,  28,  29,  30,  32,  33,  40,  41,  44,  46,  49,  51,  53,  57, 153,
    154, 155,   4,   5,   6,   7,   8,  10,  20,  22,  23,  25,  30,  42,  43,  44,
     45,  49,  51,  53, 153, 155,   2,   3,   4,   6,   7,   8,   9,  10,  11,  12,
     14,  15,  16,  17,  18,  20,  22,  23,  24,  25,  26,  28,  29,  30,  32,  33,
     38,  39,  41,  42,  43,  44,  45,  46,  47,  49,  50,  51,  53,  54,  55,  56,
     57,  58,  59,  60,  62,  63, 153, 154, 155,   6,   8,   9,  12,  16,  28,  51,
    153, 154,   1,   2,   3,   4,   6,   7,   8,   9,  10,  11,  12,  14,  15,  16,
     17,  18,  20,  22,  23,  24,  25,  26,  28,  29,  30,  32,  33,  38,  39,  41,
     46,  47,  49,  51,  53,  54,  56,  57,  58,  59,  60,  62,  63, 153, 154, 155,
      1,   2,   3,   4,   6,   8,  10,  11,  12,  14,  15,  16,  18,  20,  22,  23,
     24,  25,  26,  28,  29,  30,  32,  33,  38,  39,  41,  42,  43,  44,  45,  47,
     49,  51,  53,  56,  57,  58, 153, 154, 155,   2,   3,   4,   5,   6,   7,   8,
      9,  10,  11,  12,  14,  15,  16,  18,  19,  20,  22,  23,  24,  25,  26,  28,
     29,  30,  32,  33,  39,  41,  42,  43,  44,  45,  46,  47,  49,  51,  53,  56,
     57,  58,  59,  60,  63, 153, 154, 155,   0,   2,   3,   4,   5,   6,   7,   8,
      9,  10,  11,  12,  14,  15,  16,  17,  18,  19,  20,  22,  23,  24,  25,  26,
     28,  29,  30,  32,  33,  38,  39,  41,  42,  44,  45,  46,  47,  49,  50,  51,
     53,  56,  57,  58,  59,  60,  62,  63, 153, 154, 155,   2,   4,   6,   7,   9,
     10,  11,  12,  14,  15,  16,  18,  19,  20,  22,  23,  24,  25,  26,  28,  29,
     30,  32,  33,  44,  46,  49,  50,  51,  53,  55,  56,  58,  59, 153, 154, 155,
     12,  14,  15,  16,  18,  20,  22,  23,  24,  25,  26,  29,  30,  32,  33,  36,
     37,  38,  39,  41,  42,  43,  44,  45,  46,  51,  53,  54,  55,  56,  57,  58,
     59,  60,  67,  68,  69,  70,  71,  72,  73,  74,  75,  78,  79,  80,  83,  84,
     85,  86,  87,  88,  89,  90,  91,  92,  93,  94,  96,  97,  98,  99, 100, 101,
    102, 103, 104, 105, 106, 107, 108, 109, 110, 111, 112, 113, 114, 115, 116, 117,
    118, 119, 122, 124, 126, 128,  12,  13,  14,  15,  16,  17,  18,  20,  21,  22,
     23,  24,  25,  26,  30,  32,  33,  37,  40,  41,  42,  43,  45,  51,  53,  57,
     37,  68,  69,  78,  79,  82,  83,  99, 112, 116, 117, 125, 128,   1,   4,   5,
     10,  28,  29,  42,  43,  45,  48, 153, 154, 155,   1,   4,   5,   6,   7,   8,
     10,  28,  29,  42,  43,  44,  45,  46,  48,  49, 153, 154,   6,   7,   9,  10,
     11,  29,  30,  32,  33,  42,  43,  44,  45,  49,  53,  57, 153, 154, 155,   4,
      5,   7,  10,  28,  29,  42,  43,  45, 153, 154, 155,   4,   5,   6,   8,   9,
     10,  28,  29,  30,  32,  33,  36,  37,  42,  43,  44,  45,  48,  49,  50,  53,
     54,  55,  56,  57,  58,  59,  60, 153, 154, 155,   4,   5,  10,  28,  29,  37,
     42,  43,  45, 153, 154, 155,   1,   4,   5,  10,  28,  29,  42,  43,  45,  48,
    153, 154, 155,   4,   5,  10,  28,  29,  42,  43,  45, 153, 154, 155,   4,   5,
     10,  28,  29,  37,  42,  43,  45, 153, 154, 155,   2,   3,   5,   6,   7,   8,
      9,  11,  29,  30,  32,  33,  40,  41,  42,  43,  44,  45,  46,  47,  49,  53,
     57, 153, 154, 155,   4,   5,   6,   9,  10,  28,  29,  30,  42,  43,  44,  45,
     46,  49,  50,  53, 153, 154, 155,   1,   4,   5,  10,  28,  29,  42,  43,  45,
     48, 153, 154, 155,   1,   4,   5,   6,   7,   8,  10,  28,  29,  42,  43,  44,
     45,  46,  48,  49, 153, 154,   4,   5,   8,  10,  28,  29,  37,  42,  43,  45,
    153, 154, 155,   2,   5,   6,   8,   9,  10,  28,  29,  30,  32,  33,  42,  43,
     44,  45,  46,  49,  50,  53,  57, 153, 154, 155,   4,   5,   8,  10,  28,  29,
     46,  48, 155,   6,   7,   9,  10,  28,  29,  30,  32,  33,  42,  43,  44,  45,
     49,  53,  57, 153, 155,   4,   5,  10,  28,  29,  42,  43,  45, 153, 154, 155,
      2,   5,   6,   8,   9,  29,  30,  32,  33,  42,  43,  44,  45,  46,  50,  53,
     57, 153, 154, 155,   2,   5,   6,   7,   8,   9,  29,  30,  32,  33,  42,  43,
     44,  45,  46,  50,  53,  57, 153, 154, 155,   2,   3,   5,   6,   7,   8,   9,
     11,  29,  30,  32,  33,  42,  43,  44,  45,  46,  47,  49,  53,  57, 153, 154,
    155,   2,   5,   6,   8,   9,  29,  30,  32,  33,  42,  43,  44,  45,  46,  50,
     53,  57, 153, 154, 155,   6,   8,   9,  10,  29,  30,  32,  33,  42,  43,  44,
     45,  48,  49,  50,  53, 153, 154, 155,  14,  15,  18,  48,  67,  68,  69,  71,
     72,  74,  75,  78,  79,  80,  83,  84,  85,  86,  87,  88,  89,  91,  93,  94,
     96,  97,  98,  99, 101, 102, 103, 104, 105, 106, 107, 108, 109, 112, 113, 116,
    117, 118, 124, 126, 128,  16,  20,  22,  24,  25,  51,  67,  69,  70,  71,  72,
     73,  74,  75,  76,  80,  82,  83,  88,  90,  92, 118, 122, 127, 128,  20,  22,
     23,  25,  12,  16,  20,  22,  25,  26,  42,  43,  45,  46,  67,  70,  73,  92,
    114, 115, 118, 119, 121, 122,  12,  14,  15,  16,  18,  19,  20,  22,  23,  24,
     25,  26,  30,  32,  33,  44,  46,  51,  53,  57,  67,  69,  70,  71,  72,  73,
     74,  75,  76,  78,  80,  82,  83,  88,  90,  92,  94, 100, 104, 118, 123, 127,
    128,  12,  13,  14,  15,  16,  17,  18,  19,  20,  21,  22,  23,  24,  25,  26,
     30,  31,  32,  33,  34,  35,  36,  37,  38,  39,  40,  41,  42,  43,  44,  45,
     46,  51,  52,  53,  54,  55,  56,  57,  58,  59,  60,  61,   4,   6,   7,   8,
      9,  10,  12,  16,  20,  22,  23,  24,  25,  26,  28,  29,  30,  48,  49,  51,
     53,  64,  65,   1,   4,   5,   7,  10,  27,  28,  29,  42,  43,  44,  45,  48,
     66, 153, 154,   4,   6,   7,   8,  10,  28,  29,  48,  49, 153, 154,   1,   4,
      5,   8,  10,  29,  42,  44,  45,  48, 153, 154,   1,   4,   6,   7,  10,  28,
     29,  30,  31,  32,  33,  35,  36,  37,  38,  39,  40,  41,  42,  43,  44,  45,
     46,  48,  53,  54,  55,  56,  58,  59,  60, 153, 154,  37,   1,   5,  10, 153,
    154,  12,  16,  51,  42,  43,  44,  45,  66,  37,  12,  16,  24,  25,  30,  51,
     53,  22,  25,  61,  70,  75,  78,  79,  80,  94, 100, 101, 123, 128,   1,   4,
      5,   7,   8,  10,  27,  67,  69,  72,  80,  81,  82,  83,  90,  97,  98, 100,
    103, 114, 119, 121, 128,   3,   4,   6,   7,   8,   9,  10,  11,  27,  29,  47,
     49,  50,  67,  68,  70,  71,  73,  74,  77,  78,  79,  80,  83,  84,  85,  86,
     87,  88,  89,  91,  92,  93,  94,  95,  96,  99, 100, 101, 102, 104, 105, 106,
    108, 109, 111, 116, 117, 118, 122, 123, 124, 125, 126, 128, 153, 154,   3,   4,
      5,   6,   7,   8,   9,  10,  29,  47,  48,  49,  50,  67,  68,  69,  70,  71,
     73,  74,  75,  76,  78,  79,  80,  84,  88,  90,  92,  94, 100, 107, 109, 113,
    116, 118, 122, 123, 125, 128, 153, 154,   1,   3,   4,   5,   6,   7,   8,  10,
     27,  49,  67,  81,  82,  83,  84,  97,  98, 100, 103, 114, 119, 121, 128, 153,
      8,  50,  70,  73, 153, 154,   1,   4,   5,   7,   8,  10,  27,  29,  48,  67,
     69,  72,  75,  80,  81,  82,  83,  90,  97,  98, 100, 103, 114, 118, 119, 128,
    153, 154,   1,   5,   6,   7,  10,  29,  48,  67,  81,  97, 114, 118, 119, 121,
    123, 128, 153, 154,   3,   4,   5,   6,   7,   8,   9,  11,  29,  47,  48,  49,
     67,  68,  70,  71,  72,  73,  74,  75,  78,  79,  80,  84,  85,  88,  89,  90,
     92,  94,  96,  97,  98,  99, 100, 101, 103, 104, 106, 107, 108, 109, 113, 114,
    116, 117, 118, 119, 121, 122, 123, 125, 126, 128,   1,   3,   4,   6,   7,   8,
      9,  10,  11,  29,  47,  48,  49,  67,  68,  70,  71,  72,  73,  74,  75,  77,
     78,  79,  80,  83,  84,  85,  86,  87,  88,  89,  92,  93,  94,  95,  96,  99,
    102, 105, 106, 107, 108, 109, 111, 113, 116, 117, 118, 123, 124, 126, 153, 154,
      1,   3,   5,   6,   8,   9,  10,  29,  47,  49,  50,  67,  68,  69,  70,  71,
     73,  74,  75,  76,  78,  79,  80,  81,  88,  90,  92,  94,  97,  98, 100, 101,
    103, 104, 106, 109, 114, 116, 118, 119, 121, 122, 123, 125, 128, 153, 154,   4,
      5,   7,   8,   9,  10,  29,  48,  49,  50,  67,  69,  73,  75,  80,  82,  83,
    100, 118,   1,   4,   5,   6,   8,  10,  29,  47,  48,  49,  67,  70,  71,  73,
     74,  75,  76,  79,  80,  81,  88,  90,  92,  98, 100, 101, 112, 118, 121, 123,
    153, 154,   3,   4,   5,   6,   7,   8,   9,  10,  11,  29,  47,  48,  49,  67,
     68,  70,  71,  72,  73,  74,  75,  78,  79,  80,  84,  85,  88,  89,  90,  92,
     94,  96,  97,  98,  99, 100, 101, 103, 107, 108, 109, 113, 114, 116, 117, 118,
    119, 121, 122, 123, 125, 126, 128,   4,   5,   7,   8,   9,  10,  29,  48,  49,
     50,  67,  69,  73,  75,  80,  83, 100, 118,   3,   4,   5,  10,  27,  29,  48,
     67,  99, 101, 118, 153, 154,   4,   6,   7,   8,  10,  27,  29,  48,  49,  67,
     70,  72,  73,  75,  76,  80,  82,  83, 118, 123, 127, 154,   4,   6,   8,   9,
     27,  29,  48,  49,  50,  67,  70,  71,  73,  74,  75,  76,  80,  82,  84,  88,
     92,  93,  94,  98, 100, 115, 119, 121, 123, 153, 154,   1,   3,   4,   6,   7,
      8,   9,  10,  11,  29,  47,  48,  49,  50,  67,  70,  71,  72,  73,  74,  75,
     77,  78,  79,  80,  84,  88,  89,  92,  93,  94,  96,  99, 100, 106, 107, 108,
    109, 111, 113, 117, 118, 121, 123, 124, 126, 153, 154,   1,   4,   6,   7,   8,
     10,  27,  29,  48,  67,  70,  71,  72,  73,  74,  75,  76,  80,  82,  83,  88,
     92,  93, 107, 113, 118, 123, 127,   3,   4,   5,   6,   7,   8,   9,  10,  11,
     29,  47,  48,  49,  67,  68,  69,  70,  71,  72,  73,  74,  75,  76,  78,  79,
     80,  85,  88,  89,  90,  92,  94,  96,  97,  98,  99, 100, 101, 103, 107, 108,
    109, 113, 114, 116, 117, 118, 119, 122, 123, 125, 126, 128, 153, 154,   4,   6,
      7,   8,  10,  27,  29,  48,  49,  67,  70,  72,  73,  75,  76,  80,  82,  83,
    118, 123, 127, 154,   1,   4,   5,   7,  10,  29,  48, 128, 153, 154,   5,   7,
      8,  27,  90, 100, 128,   1,   4,   5,  10,  29,  48, 128, 153, 154,   6,   8,
      9,  29,  50,  88,  90,  92,  97,  98, 100, 103, 114, 115, 119, 122, 153, 154,
      1,   4,   5,   6,   8,  10,  29,  48,  49,  88,  90,  92,  97,  98, 100, 101,
    103, 104, 112, 153, 154,   1,   4,   5,   6,   7,   8,  10,  29,  48,  49, 100,
    128, 153, 154,   3,   5,   6,   7,   8,   9,  11,  29,  47,  49,  84,  88,  89,
     90,  91,  92,  94,  96,  97,  98,  99, 100, 103, 104, 106, 114, 115, 117, 119,
    153, 154,   1,   4,   6,   7,  10,  29,  48,  92,   3,   5,   6,   7,   8,   9,
     11,  29,  47,  49,  84,  88,  89,  90,  91,  92,  94,  96,  97,  98,  99, 100,
    103, 104, 106, 108, 114, 115, 117, 119, 153, 154,   4,   7,  10,  29,  48, 128,
      1,   4,   5,  10,  29,  48, 128,   4,   7,  10,  29,  48, 128,   1,   4,   5,
      6,   7,   8,  10,  29,  48,  49,  90, 100, 128, 153, 154,   1,   4,   5,   7,
      8,  10,  27,  29,  48,  90, 107, 128, 153, 154,   6,   7,   9,  10,  11,  29,
     48,  49,  90,  94, 100, 114, 119, 153, 154,   6,   8,  29,  48,  88,  90,  92,
     97,  98,  99, 100, 103, 114, 115, 119, 122, 153, 154,   6,   8,  29,  88,  90,
     92,  97,  98,  99, 100, 103, 114, 115, 119, 122, 153, 154,   1,   4,   5,   7,
      8,  10,  27,  29,  48,  90,  91,  97,  98, 100, 101, 106, 107, 113, 128, 153,
    154,   3,   5,   6,   7,   8,   9,  11,  29,  47,  49,  88,  89,  90,  91,  92,
     94,  96,  97,  98,  99, 100, 103, 104, 106, 114, 115, 117, 119, 153, 154,   1,
      4,   5,   7,  10,  27,  29,  48,  92,  97,  98, 103, 114, 119, 128, 153, 154,
      1,   4,   5,   6,   7,   8,  10,  29,  48,  49, 100, 153, 154,   1,   4,   5,
      6,   7,   8,  10,  29,  48,  49,  90, 100, 128, 153, 154,   4,   7,  10,  29,
     48, 128,   1,   3,   5,   7,  10, 107, 112, 128, 153, 154,   6,  10,  29,  48,
     49,  90,  99, 100,   4,   5,   8,  10,  29,  48, 128,   4,   7, 128,   3,   4,
      7,  29, 112, 128,   1,   3,   4,   5,   7,  10,  29,  48, 112, 128, 153, 154,
      4,   7,  10,  29,  48, 128,   1,   4,   5,  10,  27,  29,  48,  97,  98, 101,
    103, 106, 107, 113, 114, 119, 128, 153, 154,   0,   1,   3,   4,   6,   7,   8,
     10,  11,  29,  48,  49,  67,  68,  70,  71,  72,  73,  74,  75,  76,  78,  79,
     80,  81,  82,  84,  86,  87,  88,  89,  92,  93,  94,  95,  96,  99, 102, 106,
    107, 108, 109, 113, 116, 117, 118, 121, 122, 123, 124, 126, 127, 153, 154,   1,
      5,   6,   8,   9,  29,  50,  88,  90,  91,  92,  97,  98, 100, 101, 103, 104,
    114, 115, 119, 122, 153, 154,   1,   3,   5,   6,  10,  90,  92, 100, 101, 112,
    153,   1,   3,   5,   6,  10,  27,  90,  92,  97, 100, 101, 103, 112, 114, 119,
    122, 153, 154,   1,   5,   7,  10,  27,  67,  69,  72,  75,  80,  82,  83,  90,
    112, 118, 153, 154,   1,   5,   7,   8,  10,  97, 103, 112, 114, 119, 153, 154,
      3,   4,   6,   7,   8,   9,  10,  11,  29,  47,  48,  49,  50,  67,  68,  69,
     70,  71,  72,  73,  74,  75,  77,  78,  79,  80,  81,  83,  84,  85,  86,  87,
     88,  89,  91,  92,  93,  94,  95,  96,  99, 101, 102, 104, 105, 106, 107, 108,
    109, 113, 116, 117, 118, 122, 123, 124, 126, 154,   6,   8,  29,  50,  88,  90,
     92,  97,  98, 100, 103, 114, 115, 119, 122, 154,   1,   3,   4,   5,   6,   7,
     10,  27,  29,  48,  67,  81, 118, 121, 123, 153, 154,   1,   3,   4,   5,   7,
     10,  29,  48, 112, 128, 153, 154,   4,   7,   8,  10,  27,  29,  48,  72,  82,
     83, 118,   3,   5,  27,  68,  78,  79,  97, 101, 103, 112, 114, 116, 119, 121,
    122, 125,   3,   6,  49,  90,  92,  97,  98, 100, 103, 112, 114, 119, 154,   7,
     10, 112, 128,   6,  70,  73,  75,  79,  80, 123,   1,   4,   5,   7,  10,  29,
     48, 128, 153, 154,   4,   6,   7,   8,  10,  29,  48,  70,  72,  73,  75,  76,
     80,  82,  83, 118, 123, 127,   5,   7,   8,  69,  83,  90,  97,  98, 100, 103,
    114, 119, 128,   3,   6,  10,  47,  49,  90,  99, 100, 112, 137, 139, 140, 146,
    148, 150, 132, 138, 143, 146, 149, 130, 136, 137, 139, 140, 142, 146, 130, 133,
    136, 138, 139, 141, 142, 143, 145, 146, 149, 130, 136, 141, 143, 146, 149, 130,
    132, 136, 138, 139, 145, 146, 147, 148, 149, 130, 133, 135, 136, 139, 141, 142,
    143, 146, 149, 151, 136, 139, 142, 143, 145, 146, 130, 131, 136, 138, 139, 143,
    145, 146, 150, 151, 139, 141, 142, 143, 146, 136, 137, 139, 136, 138, 140, 143,
    145, 146, 149, 136, 143, 138, 139, 140, 143, 145, 146, 150, 129, 130, 132, 137,
    141, 143, 146, 130, 136, 138, 139, 142, 143, 145, 146, 149, 151, 130, 136, 139,
    141, 143, 146, 149, 132, 134, 137, 139, 140, 142, 143, 144, 146, 150,  12,  14,
     15,  16,  17,  18,  19,  20,  21,  22,  23,  24,  25,  26,  30,  32,  33,  39,
     42,  43,  45,  51,  53,  57,  67,  69,  70,  71,  73,  74,  75,  77,  78,  79,
     80,  81,  84,  88,  89,  92,  93,  94,  96,  99, 106, 107, 108, 109, 113, 117,
    118, 123, 124, 126,  12,  14,  15,  16,  18,  19,  20,  21,  22,  23,  24,  25,
     26,  30,  31,  32,  33,  34,  35,  36,  38,  39,  41,  42,  43,  45,  46,  51,
     52,  53,  54,  55,  56,  57,  58,  59,  60,  67,  68,  69,  70,  71,  73,  74,
     78,  79,  80,  83,  84,  86,  87,  88,  89,  91,  92,  93,  94,  95,  96,  99,
    102, 104, 105, 106, 108, 109, 116, 117, 118, 122, 123, 124, 125, 126, 128,  12,
     14,  15,  16,  18,  19,  20,  21,  22,  23,  24,  25,  26,  30,  31,  34,  35,
     36,  37,  38,  39,  41,  42,  43,  44,  45,  46,  51,  53,  54,  55,  56,  58,
     59,  60, 152, 156, 157, 158,
};

static const int8_t ubuntu_14_boldKernSparseValues[] = {
     -23,  -41,    8,    9,  -50,    8,  -44,  -29,  -27,  -27,   -7,    6,   -7,  -20,  -14,  -21,
      -7,  -14,  -15,  -22,   -9,    5,  -12,   -7,    5,  -14,  -47,   -7,   -6,   14,   -9,   -9,
       9,   -9,  -37,  -33,  -19,    5,  -47,   -9,   -9,   -9,  -17,  -14,    5,  -17,   -9,  -14,
      37,   -9,   -5,  -14,   -9,   -9,   -9,   12,   14,   12,   12,   15,    5,  -12,  -14,  -14,
      -6,    6,   40,  -10,   -8,  -12,   -5,   -5,   14,   -7,  -12,    6,    6,    6,  -14,    6,
       6,    6,   12,  -10,   -6,    8,   10,   10,   -9,  -14,   12,  -12,   -6,   -7,   -7,   10,
     -11,   -5,  -14,  -11,   14,  -17,   -9,   -7,   -7,    8,   -8,   -8,    6,    6,   40,    8,
     -15,  -14,   11,   -7,    6,   -8,   -6,   -9,    6,  -11,   -9,   10,   -6,   -9,   -6,   -9,
     -15,   -6,   -9,  -19,   -5,   -7,   -9,  -10,   -9,   -7,   -6,  -10,   -9,   -7,   -7,   -9,
     -10,  -10,   -7,   -8,  -15,   -8,   -8,   -9,  -37,  -49,   -5,  -10,   -5,   -8,  -14,  -14,
      -5,   -5,    7,    7,    6,    7,  -65,   -8,  -22,   -6,  -49,  -35,   -6,  -37,  -34,   -8,
      -7,   -5,  -10,   -7,   -8,  -21,   -7,  -21,   -7,  -14,   -7,   -8,    6,   -6,   -5,   -5,
      -5,   -7,  -34,   -5,   -6,   -5,   14,  -19,  -19,   19,  -19,    6,  -38,  -14,  -38,  -20,
      12,  -44,   10,  -14,  -14,  -14,  -27,  -26,    9,  -27,    8,   12,  -14,   -9,  -38,   -7,
       6,   19,   11,   14,   13,    6,    7,  -19,  -19,   12,  -35,   13,    7,   13,  -14,  -17,
     -14,    9,  -21,   -9,    7,   -7,   -8,  -30,  -15,  -39,  -22,   14,   -5,    6,  -19,    9,
       9,   -7,    9,  -26,  -14,  -15,  -31,   -5,    7,    6,    6,   10,    4,   -9,  -21,    7,
       6,    8,  -26,   10,   -5,   -7,  -11,  -14,    9,    9,  -15,   -7,    7,   12,    6,    6,
      12,  -11,    6,    6,   12,   12,   -9,    9,    6,    6,    5,   14,    6,    6,    6,    7,
      10,   12,  -21,    6,   13,   10,   11,   -7,  -16,  -30,  -11,  -11,  -33,  -11,   20,   22,
      20,   15,   23,    8,  -18,    8,  -27,  -27,    8,    7,    7,  -15,  -14,   -9,   -5,  -56,
     -18,    7,    7,    7,  -22,    7,    7,    7,   20,   -8,  -33,  -25,   10,  -30,  -24,   13,
     -11,   -8,   15,    6,   -8,  -18,   -6,   -7,   -7,  -21,  -15,  -21,  -13,  -27,   -7,  -15,
     -16,   -7,   -6,  -13,   11,  -13,  -14,    7,    7,    7,   11,   -8,  -15,   14,  -25,  -10,
      -8,   -5,    8,   11,  -29,   -6,    7,  -18,    6,    7,    7,    6,    7,    5,    7,  -29,
      11,    8,    7,    7,    6,    7,    7,  -10,    7,    7,    9,   -9,   -8,  -17,  -14,   -5,
     -12,  -20,   -6,   -5,  -26,   -7,  -17,   -5,   -8,  -11,   -9,  -15,   -8,  -12,  -12,   -8,
      -5,   -7,  -17,   -8,   -9,  -24,   -8,  -37,   14,   11,    9,  -15,   17,  -12,  -12,   15,
     -12,    9,  -38,   -9,  -30,  -19,   17,  -47,   11,  -37,  -12,   -5,   -5,   -5,    5,  -16,
     -12,   12,  -16,    7,   -5,   -7,    6,    9,   -5,   -7,  -21,  -35,  -30,   20,   -6,   -6,
       5,  -14,    5,   -9,   -5,   -8,  -14,   -5,  -10,  -16,   -9,  -11,   -5,   -4,   -5,   -5,
      -5,    5,    5,  -12,   -7,    5,    4,   -6,    7,   -5,   11,   -5,    6,    9,    7,   13,
     -12,  -12,   14,  -12,    8,   10,    9,    9,   12,   11,    8,    9,   12,    5,   -6,   -6,
       3,   -6,   11,    7,  -11,    7,   12,    5,   -5,    9,   17,   18,   -9,  -19,    9,  -24,
      -9,  -12,  -11,  -11,  -12,   -5,  -18,  -21,   -5,   -9,   -7,    5,  -28,   -7,  -10,    5,
      -6,   11,   -8,    5,    9,    5,    5,   -6,   -6,   -6,   10,    6,    8,   -6,   -5,    5,
       6,    8,   19,   -9,   -7,   10,  -29,    7,  -36,   10,   -5,  -22,   -4,   -4,  -35,   -5,
      -4,   10,   12,   10,    6,   13,   14,   12,  -11,   -5,   -5,   -9,   -6,   -9,   -5,   -9,
      -5,  -55,  -11,   -5,   19,   17,  -29,  -12,    9,    8,    5,   -5,   -9,   -9,   -9,   -5,
      -5,   -5,   11,   -5,  -14,   -9,   -6,    5,    5,  -19,    7,    7,   -9,   -9,   11,  -19,
      14,  -23,   11,    5,   -7,   12,  -26,  -26,    9,  -26,   11,    8,    6,   17,    8,   11,
       9,   13,   -5,  -19,  -19,    5,   -5,  -16,  -21,  -21,   16,  -21,   10,   -6,  -24,   12,
      -5,   20,  -16,   16,   14,    5,   -8,   14,    5,  -45,    5,  -48,   19,   -9,    8,   11,
     -17,   14,   -9,   -9,   14,    5,   -9,    8,  -36,   -5,  -40,  -23,   14,  -47,    8,  -37,
     -15,    6,    4,  -22,  -14,   14,  -22,    7,   -7,   -6,   -9,   10,   14,    6,  -23,  -30,
     -26,   22,   -5,   -5,   -7,   -5,   -5,   -7,   -9,   -9,   -7,   -9,  -19,    9,  -24,   -9,
     -12,  -11,  -11,  -12,   -5,  -18,  -21,   -5,   -9,   -6,    5,  -28,   -5,  -10,    5,   -6,
      -9,   -4,  -49,  -37,    6,  -32,  -42,    6,  -10,   -5,   -7,   -6,   -9,   -7,   -7,    9,
       9,    6,    9,   -5,   -5,    6,  -58,   -9,  -11,   14,   14,  -43,   -9,  -19,    9,  -24,
      -9,  -12,  -11,  -11,  -12,   -5,  -18,  -21,   -5,   -9,    7,    5,  -28,   -5,    5,   -6,
      -5,   11,   -9,    8,    6,   -7,   -5,   14,   -8,   -8,   12,   -8,   -5,   -4,   -7,    9,
     -15,    8,   -5,  -11,  -12,  -12,  -12,   -5,   -5,    8,    5,  -10,    9,  -12,  -13,    6,
       5,   15,   -4,  -16,    5,   13,   -7,   -5,   -9,   -5,   -5,   -5,    6,   -7,   -6,   -5,
      -7,    7,   -9,    6,   -9,    8,   -9,   -8,   12,  -38,  -26,  -46,  -28,   12,  -17,  -38,
     -11,  -11,  -39,   -5,  -11,   12,   14,   12,   12,   16,    5,   19,   14,  -35,  -35,  -35,
     -32,  -34,  -32,  -35,  -35,  -35,  -35,  -33,   -8,  -35,  -31,  -54,  -35,   -4,   13,   21,
     -43,   21,   15,   14,  -26,  -28,   13,    9,  -25,  -14,  -25,    5,   -9,   -9,    5,  -26,
       2,   11,    8,  -14,  -14,   15,  -37,  -14,  -44,   -6,   13,  -14,  -30,  -12,  -12,  -41,
      -5,  -12,   15,   17,   15,   15,   18,    7,   19,   17,  -19,  -26,  -26,  -11,  -18,  -10,
      -6,   -8,  -19,  -69,  -19,    9,   24,  -28,   21,   17,   15,   -8,  -10,   13,   17,  -29,
       9,   -9,   -5,   13,  -21,  -29,   12,   -5,  -19,   -5,   -5,  -22,   -5,   13,   15,   13,
      13,   16,    5,   19,   15,  -13,  -15,  -15,   -7,   -7,   -7,    6,    6,    5,    6,   -5,
      -7,  -25,  -13,   21,  -17,   19,   13,   19,  -11,   -9,   -9,   12,  -12,   12,  -15,   11,
       8,    9,   -7,   17,  -18,  -18,   12,  -18,    8,   12,   14,   12,   17,   15,   11,   14,
      14,  -14,  -14,  -14,    5,  -11,  -11,  -11,   11,  -11,    7,   -6,  -17,   17,  -14,   19,
     -10,   19,    9,    5,   -7,    5,    7,   16,    5,  -23,  -18,   16,   -5,  -44,  -31,  -47,
     -18,   14,  -28,  -47,  -21,  -21,  -39,   -7,  -21,   -5,   16,   18,   16,   16,   19,    8,
      19,   18,  -34,  -41,  -41,  -17,  -33,  -16,   -5,   -9,   -5,  -16,   -7,  -37,  -12,  -67,
     -59,   25,  -42,   21,   18,    8,  -14,  -15,   12,   14,  -31,   -5,    7,   13,   -9,    7,
       7,   -5,   12,   -6,   -6,   12,   -6,    6,    7,   10,    7,   12,   11,    6,    9,   10,
       5,   -5,   -5,   11,    5,  -14,    7,   12,    5,    5,   17,   15,    5,    9,   14,   20,
     -13,   -9,   -9,  -13,   -9,   14,   16,   14,   14,   18,    7,   42,  -16,  -17,  -17,    5,
      44,  -16,  -15,  -16,  -14,  -14,  -14,   14,  -14,  -13,  -16,    5,    5,    5,  -19,    5,
       5,    5,   14,  -14,   -7,  -13,  -13,    9,  -13,    9,   11,   -9,  -18,   14,  -15,  -16,
     -10,  -12,  -10,    9,  -15,  -10,  -12,  -10,  -13,  -17,  -15,  -12,   14,  -18,  -14,  -17,
      -5,  -12,  -12,  -10,  -13,    9,  -13,  -15,    5,    5,   44,    9,   -8,   -7,  -17,  -17,
      13,  -10,  -10,  -13,  -13,    6,    9,  -14,  -19,  -19,    5,  -14,  -19,  -42,  -19,  -51,
     -33,    9,  -51,    5,  -12,  -12,  -12,   65,   -5,   -9,  -14,   -9,   28,    9,  -12,   -9,
      15,   -5,   -5,   -5,   -7,   -6,   -6,   -7,   15,   -8,   -7,   -5,   -5,   -7,  -10,  -14,
     -15,  -19,  -16,   -6,   -5,   -6,   -8,  -10,  -10,    6,   -9,  -12,  -14,  -14,    6,  -13,
     -13,  -23,  -17,   -7,   -6,   -8,   -7,   -5,   -9,    5,  -12,  -12,    8,   -5,    5,   -6,
      -5,  -17,  -12,  -12,  -12,    4,    5,    6,    4,   -7,  -12,  -14,    5,   12,   11,  -10,
     -12,   10,  -17,  -28,  -16,   -7,   -5,   -7,    6,    7,    5,   25,   11,  -28,  -29,    8,
      13,   37,   24,   -4,   -4,   -4,    6,    5,   13,   13,    9,   13,   14,   -5,    8,   -4,
      15,    6,   30,   -9,   27,   24,   26,   18,   26,  -27,   -6,  -12,  -11,  -14,  -16,   12,
      -7,   -5,   -7,  -12,   -7,    5,   -9,  -10,  -12,  -17,  -28,  -16,   -7,   -5,   -7,   -8,
     -12,   -7,    6,    5,  -12,  -17,  -28,  -16,   -7,   -5,   -7,  -12,   -7,    5,    6,  -12,
     -17,  -28,    5,   14,   -7,   -5,   -7,  -12,   -7,    5,   -9,   -6,    6,    6,  -21,   10,
       5,  -10,  -12,   -5,  -17,  -17,   -4,   -5,    9,    9,    9,    9,    7,   -7,  -16,   -5,
     -15,    6,   11,   10,  -10,  -11,   11,    9,   -7,  -28,  -16,    7,   -5,   -5,   10,   -5,
       7,   -7,    9,    7,  -12,  -12,   14,   -8,  -10,  -12,  -17,  -28,  -16,   -7,   -5,   -7,
      -8,  -12,   -7,    6,   -8,  -12,  -14,  -14,    6,  -13,  -13,  -23,  -17,   -7,   -6,   -8,
      -7,   -5,  -11,    5,  -12,  -12,  -10,  -12,   10,  -11,  -14,  -16,   20,   -7,   -5,   -7,
     -12,   -7,    5,   -9,    8,  -28,  -26,    8,    5,    5,   -5,   -5,   -5,   -5,   14,   14,
       9,   14,    5,   -7,    9,   -5,   -7,   13,   22,  -26,   -6,   -5,   -5,  -17,  -14,  -16,
      -4,   -8,    7,    8,   -5,    5,   -7,   -9,  -15,   -9,   -9,   -9,    5,    5,    8,    5,
      -9,   -9,   -5,    7,   11,   -9,  -12,  -11,  -28,  -14,   -7,   -5,   -7,  -12,   -7,    5,
      -5,    7,  -26,  -19,    7,  -14,   -5,   -7,   -7,    9,    9,   11,    9,    6,    8,   -5,
      -9,   10,   18,  -19,   -5,    8,  -25,    4,  -16,    7,  -13,   -5,   -6,   -6,    9,    9,
       9,    9,    7,    9,   -5,   -7,   11,   19,  -13,   -9,   -6,    6,    9,   -9,   10,    7,
      -5,  -14,  -11,  -11,  -11,   11,    9,   15,   11,    9,   -6,  -13,  -11,  -11,    7,   13,
      10,   -5,    7,  -26,  -19,    7,  -14,   -5,   -7,   -7,    9,    9,   11,    9,    6,    8,
      -5,   -9,   10,   15,  -19,   11,    5,    5,   -5,  -13,   -7,   -7,   -7,    9,    9,   10,
       9,   -6,   -7,    5,   -7,    7,   12,   13,   -6,   -7,   -7,   42,    9,  -11,   -7,   -7,
       9,    9,   11,  -11,  -13,    9,  -10,   -8,   -7,   -7,   -7,    9,  -10,   -7,   -8,  -10,
     -10,   -7,   13,  -13,  -12,   -5,   -7,   -8,   -7,   -8,    9,   -8,   -7,   30,    9,  -14,
     -13,   13,   -8,   -8,    6,   -6,   -8,   -8,   -6,   -7,   -6,   -8,   -7,   -6,   -8,  -10,
      -5,   -7,   -6,   -8,   -6,   -9,   -7,   -5,   -6,   -6,   -7,    6,  -10,   -7,  -29,  -15,
      -5,  -23,    5,    8,  -31,   -5,  -13,    6,    8,    8,    8,    4,  -31,    8,    5,    7,
       7,    7,   -9,    5,    7,    5,   -7,    5,    5,  -14,    5,   -9,  -35,  -19,   -9,  -18,
     -37,  -11,    5,    5,    5,  -13,   -8,  -21,    5,    5,  -35,   -9,  -14,   -8,  -15,   -7,
      -7,  -21,  -11,    5,  -18,  -14,  -11,   -8,  -13,   -7,    5,  -13,   -6,  -30,  -11,  -14,
     -11,  -20,  -14,  -19,  -19,  -26,   -9,  -19,  -16,  -49,  -15,  -29,  -20,  -29,  -36,  -23,
     -18,  -15,  -19,  -19,  -15,  -15,  -15,   32,  -15,  -17,  -16,  -18,  -11,  -11,  -14,    7,
     -15,  -34,  -15,  -18,  -15,  -15,  -15,  -20,  -15,  -15,  -15,  -14,  -11,  -26,    7,  -28,
       6,  -13,  -13,  -19,   -9,  -10,   -5,  -16,  -18,  -11,   -9,  -16,   -4,   -9,    7,  -25,
      -4,  -10,   -9,  -17,  -11,  -35,    3,  -21,   -5,  -23,  -10,  -16,  -14,   -5,  -16,  -10,
     -12,  -29,  -27,    7,  -14,    6,  -12,    9,    9,   10,    5,    6,    6,    9,  -12,  -10,
      -7,  -10,  -12,  -14,   -5,   -6,   -5,   -9,   -9,   -7,   12,   28,  -12,   -9,   16,   42,
      33,   -9,    8,  -18,  -18,   13,    8,    8,   -9,  -14,    4,   -7,   15,   15,   14,   19,
      11,   33,   -5,   30,   42,   63,   56,   49,   52,    9,   12,    8,  -12,   -7,   -8,  -10,
      -9,   -9,   -8,  -16,  -10,   -8,   -8,  -10,  -11,   15,  -15,  -21,  -12,   -6,   -7,  -27,
      -7,   -8,  -10,   -5,   11,    6,   -8,   -8,    9,   -6,   10,   -6,   13,  -11,   -7,   -5,
     -13,   10,   -8,   -7,   -5,   -7,   -7,   -5,   -7,   -7,   -6,  -10,   -8,   -7,   -7,   -7,
      -7,   -7,   -7,   -6,  -16,   -8,   12,  -38,  -26,  -46,  -28,   12,  -17,   -6,   14,  -13,
     -35,  -31,   12,   -8,  -39,  -36,  -38,  -34,   -5,  -11,  -11,   12,   -7,  -35,   -5,  -23,
     -23,  -29,  -28,   -5,  -30,  -30,  -35,  -23,  -29,  -33,  -35,  -23,  -23,  -30,  -23,  -24,
     -26,  -34,   18,   -8,  -29,    6,  -39,  -50,  -35,   -7,  -28,  -22,   13,    9,   -6,    7,
      -5,   11,   -5,    6,    9,    7,   12,   -7,    7,  -11,    7,   10,   -8,    8,   14,    5,
      13,    7,    7,    6,  -12,  -13,   12,    5,    7,    6,    7,   -6,   11,    5,    3,    5,
      -8,    5,   -9,   13,   -5,   -7,    9,   17,   -6,   -5,   -4,  -16,    5,   13,   -7,   -5,
      -7,    7,   -9,   -5,   -5,  -10,    6,  -13,  -10,   -5,  -12,   -8,  -11,   -8,  -20,   -9,
     -14,    5,   -6,   -9,    7,    7,  -28,  -15,  -11,   10,   -8,  -16,   -7,  -18,  -13,  -30,
      -7,   -5,   -8,   -7,   -5,   -6,  -12,   -9,   -5,   -6,   -7,   -5,   -7,  -34,   -6,  -14,
     -28,  -24,  -19,  -12,    9,   10,   -8,  -14,  -10,  -21,   -6,   -7,   -7,  -17,   -6,   -6,
      11,  -14,  -15,  -15,   -9,   11,  -19,   14,  -23,   11,    5,   -7,   13,   -7,    8,  -24,
      11,  -17,    9,    6,    6,   12,    9,   11,  -26,  -25,   17,   -5,   -9,    9,   -9,   11,
       8,  -19,   -9,  -19,  -17,  -13,   16,  -24,  -12,    7,    7,    6,   -8,    5,    6,   -8,
     -19,   -9,    9,  -18,  -11,  -25,   18,   -8,   -7,  -27,    5,  -14,   15,  -37,  -14,  -44,
      -6,   13,  -14,   17,   -8,   11,  -19,   15,  -10,  -41,  -31,    9,  -30,  -28,   11,   -5,
     -12,  -10,   15,   -9,  -19,   -7,   -8,   -8,  -26,  -17,  -27,  -14,  -26,   -8,  -18,  -19,
      -8,   -7,  -14,    9,  -15,  -18,   25,    9,  -10,  -17,   13,  -37,  -11,  -10,   13,   17,
     -27,   -8,  -37,   14,   11,    9,  -15,  -12,   -5,   -7,    6,  -38,   -9,    9,   15,    6,
      17,    9,   11,    6,  -12,  -13,   17,  -20,    9,   11,    8,   -5,  -13,  -10,   12,  -11,
      -9,    7,    7,    5,   -8,  -10,  -33,  -11,  -16,   -8,   18,   -8,  -20,  -35,  -30,   -6,
      -6,    5,  -14,    5,   -9,  -11,   -8,    5,    5,   -8,   -5,   -5,   -6,  -10,   -5,   -8,
      -4,   -9,   -8,   10,  -17,   13,   17,   -6,    9,   -7,    9,   -7,  -13,    9,    7,    9,
       7,    9,    6,  -14,    9,  -14,    7,    9,    9,   10,    9,  -10,   28,   -9,  -10,   16,
      -6,   -6,   -9,   11,  -19,   14,  -23,   11,    5,    5,   -7,   13,   -6,   10,  -24,   11,
     -16,    9,    6,    8,   12,    9,   12,  -26,  -21,   17,   -5,   -9,    9,   -8,   12,    8,
     -19,   -8,  -13,  -10,  -11,   16,  -17,  -12,    8,   -7,    5,    8,   -8,  -16,   -8,   12,
     -12,   -6,  -20,   18,   -5,   -7,  -21,   -6,   -6,    5,  -14,    5,   -9,  -11,   -8,    5,
       5,   -8,   -5,   -5,   -5,  -10,   -7,   -4,   -8,   -5,   -7,   -5,   -7,   -5,   -6,   -6,
      -5,   -6,   -6,   -6,   -9,   -7,   -9,  -19,    9,  -24,   -9,   -5,   -9,  -11,    5,  -11,
     -11,  -12,  -12,  -16,   -9,  -18,  -13,   -7,  -14,  -10,  -11,    5,   -4,  -49,  -37,    6,
      -7,   -6,   -5,   -5,    6,    6,  -42,  -28,  -32,  -26,   -7,   -6,  -10,   -5,   -9,  -20,
     -20,   -5,   -7,    5,    6,    6,    5,    6,  -28,   14,   14,    8,   -8,   12,  -38,  -26,
     -46,  -28,   12,  -17,   14,   -8,    9,  -35,  -31,   12,  -39,  -31,    7,  -38,  -29,    9,
      -5,  -11,   -5,   12,  -35,  -21,  -22,  -22,   -9,  -35,  -23,  -26,  -35,  -17,    7,  -20,
     -34,   22,    7,  -22,   10,    8,  -23,   -6,   -7,   13,    9,   -6,  -15,  -18,    8,  -18,
     -12,   -7,  -17,  -12,   -5,  -16,  -15,  -15,  -13,  -14,  -20,  -13,  -18,  -16,   -6,  -11,
     -13,   -5,   -5,   -5,  -16,  -17,  -15,   -9,   12,  -12,   12,  -15,   11,    8,    9,   -7,
      14,   -7,    9,  -17,   12,  -13,    8,   12,    6,    7,   17,    9,   11,    5,  -18,  -19,
      17,   -8,    9,   -8,   11,    8,  -14,   -8,  -10,   -8,  -10,   11,  -15,  -10,    7,   -7,
       5,    7,   -6,  -14,   -8,   10,   -9,  -17,   18,   -6,   -6,  -18,    5,    7,   -9,  -19,
       9,  -24,   -9,   -5,   -9,  -11,    5,  -11,  -11,  -11,  -12,  -16,   -9,  -18,  -11,   -7,
     -14,  -10,  -11,    5,  -11,  -10,  -14,    7,  -15,  -16,   -8,   -7,  -10,  -10,   -8,   11,
      -9,   -5,   -7,   -5,   -7,   -9,   -8,   -7,   -8,  -13,   -8,   -6,   -7,   -6,  -27,  -18,
       7,   -9,    7,  -14,    9,  -15,    9,   12,   10,    9,   12,   12,   12,   12,    8,   10,
     -10,   10,  -10,   13,   15,   -6,    9,    9,   -5,    7,    9,    9,   -6,   10,    9,   -6,
      -5,    5,   28,   -8,   -5,  -11,  -10,  -14,   -9,    6,   -6,  -11,  -15,   -8,    5,   -7,
      -5,   -5,   -8,   -6,    6,    6,  -21,   10,    5,  -10,  -12,   -6,  -16,   -5,    9,   -7,
      12,    6,    8,  -17,   -7,    7,    9,   -8,    9,    7,    7,    7,    9,    5,   -7,    8,
       6,   11,   -6,   -5,    5,    7,   -5,  -11,   -6,    6,   -6,    6,    6,  -21,   10,    5,
     -10,  -12,   -6,  -16,   -5,    9,   -8,   12,    6,    8,  -17,   -8,    9,   11,  -10,    9,
       9,    7,    7,   -6,   11,    6,   -8,   10,    6,   11,   -7,    6,   -7,  -10,   -6,   -7,
      -6,   -6,   -7,   -7,  -13,   -8,  -10,   -7,    6,   -7,  -11,   -7,   -7,  -14,  -12,  -14,
     -14,    6,  -13,  -13,  -17,  -10,    5,   -7,   -8,   -7,  -12,  -12,  -14,  -14,   -7,   12,
      -9,   -9,   -7,  -17,  -13,   -7,   -5,   -6,  -10,  -11,    8,   -5,    5,   -6,   -5,  -17,
      -8,   -7,    7,  -12,    6,    5,    5,    5,   12,  -17,  -20,  -12,   -7,  -14,    7,  -13,
       7,    9,   -4,    8,    7,    9,    9,    9,    9,    6,    8,  -14,  -15,  -10,  -12,    9,
      -9,    9,   11,   -5,   10,    9,   11,    9,   11,    6,    5,   10,  -21,  -17,   -8,   11,
     -10,  -14,   -7,  -18,  -13,  -10,   -4,   -4,   -5,   -7,   -3,   -4,   -5,   -5,   -8,  -21,
     -17,   -6,    6,    9,   -9,   10,    7,   -5,  -14,   -5,  -13,    9,   -5,   11,    6,    8,
     -11,   -5,    7,    9,   -7,   15,    7,    7,    7,    9,    6,   -5,    8,    7,   13,  -34,
     -10,  -25,    5,  -10,   -5,  -15,   -9,    5,  -17,  -10,  -13,  -11,  -10,  -19,  -29,  -33,
     -12,  -12,  -14,  -14,    6,  -13,  -13,  -17,   -8,    5,   -8,  -12,  -12,  -14,  -12,  -14,
     -14,    6,  -13,  -13,  -17,  -10,    5,   -7,   -8,   -6,  -12,  -12,   -7,    6,   -7,  -12,
      -8,   -7,  -17,   -7,  -10,    7,  -10,   -7,   13,   -5,  -16,  -12,    7,   -5,  -12,   -8,
      -6,    7,   -4,    7,   -6,   -5,   -5,  -17,  -16,   -8,   -5,    5,    6,   -7,   -5,    6,
       6,    5,   14,   -7,  -17,   -5,   -7,  -10,    7,  -10,  -16,  -13,   -5,   -8,  -16,  -12,
      -7,    6,   -7,   -5,   -5,   -7,  -23,  -13,  -21,  -13,   -7,  -18,  -12,  -15,  -11,   -5,
     -10,   -5,   -5,   -5,  -15,  -12,  -21,  -21,  -16,    6,   10,   -5,   13,  -46,  -24,  -29,
      16,  -13,   18,   18,  -28,   16,   -6,  -38,  -24,   14,  -29,  -22,   14,    9,   -6,   -7,
      13,   12,   10,   -8,   -5,   -5,  -24,  -24,  -25,  -11,  -24,   -7,  -25,  -28,   -5,  -19,
      17,  -21,  -15,   17,   -6,  -24,   17,    6,   -5,  -43,   -8,   -8,    6,   14,   14,    7,
       8,  -25,  -20,    8,   -5,   10,  -10,   13,    8,  -11,   14,   16,   14,    8,   14,    8,
      16,   15,   16,   12,   10,   15,   -8,   -5,   -8,    9,   -8,    5,    6,    5,   -7,   17,
      -7,  -43,   -5,  -34,    9,   -9,   -5,    5,    6,  -20,    5,  -10,  -15,   17,  -14,  -17,
     -10,  -38,  -42,  -15,   -5,   14,  -10,   -5,  -21,   -8,   -7,  -11,  -10,   -7,   -8,   -6,
      16,  -25,  -15,  -11,  -24,  -15,   12,    7,  -11,  -10,   -7,   20,   -7,   -6,  -21,  -21,
     -15,   11,  -30,  -21,  -35,  -10,    8,  -21,   13,   -7,   13,  -30,   -9,   10,  -15,   -5,
     -34,  -29,   10,  -33,  -28,   12,   -6,  -15,  -16,   10,    6,  -13,  -16,  -10,  -13,  -13,
     -31,  -27,   -8,  -32,  -19,  -27,  -14,  -28,  -29,   -8,  -13,   -8,  -12,  -23,   10,  -25,
     -20,   10,  -15,  -27,   14,   -9,  -28,  -16,  -15,    5,  -15,  -13,  -10,    5,  -11,    8,
     -11,    9,   11,    9,    9,   12,   10,   12,    6,   10,  -28,   -7,   -6,  -13,    5,    7,
     -14,   -7,  -20,  -14,  -29,   -8,  -32,   -5,    7,  -28,  -24,  -15,   -5,   -7,  -10,    7,
     -10,  -16,  -13,   -5,   -8,  -13,   -9,  -10,    6,   -8,   -7,   -5,  -13,   -9,   -8,   -7,
      -7,  -12,   -8,  -17,   -8,   -7,   -8,  -11,  -17,   -9,  -14,    7,  -12,   -8,  -17,  -15,
      -7,   -7,   -5,    8,   -5,    5,    6,    5,    7,    6,    5,   17,    7,    6,    6,    6,
      -7,   12,   -7,   11,    6,    6,    6,   -8,    6,   13,  -11,   -8,   -6,   11,   -8,  -13,
      -8,   -5,   -8,   -8,  -10,   -7,   10,  -15,   -7,  -13,   -9,   -8,  -10,   -9,  -14,   -8,
     -13,  -11,   -7,  -14,   -9,  -10,   -7,    9,   -7,   -6,   -8,   -7,   -9,   -7,   -5,   -8,
      -5,   -8,  -17,   -5,    8,   -7,   -6,   -7,    6,   -5,    6,   18,   -9,   -5,   -1,   -9,
      -5,   -9,   -2,   -3,  -12,  -12,   -5,    4,   -3,  -12,   -2,   -6,   -7,   -5,  -19,   -9,
      -3,  -23,  -15,   -5,   -2,  -12,  -23,  -15,  -15,   -5,   -6,   -5,   -7,   -9,  -10,   -3,
      -2,   -9,  -17,   -1,  -10,   -7,   -3,   -3,   -2,  -28,   -9,   -7,   -7,   -7,  -14,   -7,
      -7,  -10,   -9,   -9,   -3,   -2,   -6,   -6,  -10,  -10,  -19,   -3,   -3,  -14,  -10,   -3,
     -21,   -6,    4,   -1,   -9,   -2,   -9,  -11,  -12,   -6,   -8,   -5,   -3,  -14,   -3,   -3,
      -6,   -2,  -10,   -7,   -5,   -7,   -9,   -7,   -7,  -16,   -3,   -7,   -2,   -5,   -3,   -9,
      -5,  -12,  -10,  -19,   -9,  -14,   -3,   -7,  -10,  -14,  -10,   -9,  -11,  -13,   -3,  -13,
      -7,  -10,   -7,   -7,  -22,  -23,   -8,   -3,   -3,  -17,  -19,  -19,   -5,   -9,  -38,  -14,
     -14,  -44,   -9,  -14,    7,    9,    8,   13,   15,    7,   12,   10,  -13,  -15,  -20,   -9,
       6,    6,    6,  -91,  -13,  -33,    9,    7,  -44,  -28,  -38,  -26,    6,   -9,  -14,   -6,
       7,    7,  -13,  -20,  -15,  -21,   -7,  -20,  -14,  -25,   -9,    7,  -11,   -9,    7,  -13,
       7,  -47,   -7,   -5,  -46,  -17,  -17,  -49,  -17,   -9,    8,    6,   13,   14,    7,   10,
       8,  -29,   -5,  -34,  -34,   -9,   -5,   -5,  -20,  -36,  -15,   -5,   -5,   -5,  -15,  -60,
      -9,  -29,   -5,   -5,   -5,  -34,   -5,   -5,   -5,    8,   -8,   -9,  -49,  -31,  -46,  -29,
     -17,  -12,    7,   -6,  -29,  -10,  -10,  -27,  -23,   -7,  -29,  -14,  -34,  -11,  -23,  -32,
     -10,   -7,   -8,  -18,  -21,  -36,   -8,  -23,    6,   -6,  -50,  -14,   -6,  -13,   -8,   10,
     -15,  -15,   10,  -15,    5,  -35,   -9,  -58,  -35,   11,  -50,    9,    5,    5,    5,    5,
       5,   14,    5,    5,    5,  -19,  -14,   10,  -19,   11,   11,    5,    5,    5,    5,    5,
       5,    5,  -19,  -12,  -14,   23,
};

static const EpdLigaturePair ubuntu_14_boldLigaturePairs[] = {
    { 0x00660066, 0xFB00 }, // f f -> U+FB00
    { 0x00660069, 0xFB01 }, // f i -> U+FB01
    { 0x0066006C, 0xFB02 }, // f l -> U+FB02
    { 0xFB000069, 0xFB03 }, // U+FB00 i -> U+FB03
    { 0xFB00006C, 0xFB04 }, // U+FB00 l -> U+FB04
};

static const EpdFontData ubuntu_14_bold = {
    ubuntu_14_boldBitmaps,
    ubuntu_14_boldGlyphs,
    ubuntu_14_boldIntervals,
    70,
    34,
    28,
    -6,
    false,
    nullptr,
    0,
    nullptr,
    nullptr,  // kernLeftClasses: built-in fonts use the split arrays below
    nullptr,  // kernRightClasses
    ubuntu_14_boldKernLeftCodepoints,
    ubuntu_14_boldKernLeftClassIds,
    ubuntu_14_boldKernRightCodepoints,
    ubuntu_14_boldKernRightClassIds,
    nullptr,  // kernMatrix: built-in fonts use the sparse form below
    ubuntu_14_boldKernRowOffsets,
    ubuntu_14_boldKernSparseCols,
    ubuntu_14_boldKernSparseValues,
    576,
    577,
    173,
    159,
    ubuntu_14_boldLigaturePairs,
    5,
};
